,PC1,PC2,PC3,PC4,PC5,PC6,PC7,PC8,PC9,PC10,PC11,PC12,PC13,PC14,PC15,PC16,PC17,PC18,PC19,PC20,PC21,PC22,PC23,PC24,PC25,PC26,PC27,PC28,PC29,PC30,PC31,PC32,PC33,PC34,PC35,PC36,PC37,PC38,PC39,PC40,PC41,PC42,PC43,PC44,PC45,PC46,PC47,PC48,PC49,PC50
ENSG00000110484.7,0.020556708724172715,0.04850113218779043,-0.03770161038320793,0.07917079471655508,0.07930750676005288,-0.023455049882500606,0.013672651609605834,0.02820315963894118,-0.03491239998482529,0.037226600787883125,-0.0121916463386496,0.11101371094832402,-0.059063867708637176,0.032049371963897046,-0.04257752138826638,0.035716917803615446,-0.03570420474059406,0.011525183253246436,-0.08834912101861798,0.01693464572300128,0.06616168357985207,0.09015408582275157,0.037368730841898734,0.021511004516002064,-0.04826274527110548,0.031521744426024914,0.07051817505557564,-0.04186092261553808,0.03294410451216296,-0.007186344816554828,-0.04246863375737397,0.02269859949672451,0.030034967947319666,0.0020483891201538954,-0.010222933810169614,0.021554651974630225,-0.03028954098795634,0.002892179509444096,-0.009275278144474866,-0.0017821214886433324,0.044175818345674155,-0.005136244550624961,0.01006599284826755,-0.04907583163275676,0.010322363948829504,-0.025351198819750103,-0.013105101299098986,-0.01595123978990201,-0.014267340023610435,0.002405465501171814
ENSG00000159763.4,0.037194508816457576,0.04457491793443655,-0.04821058186776174,0.07413736682075561,0.05865134075629867,0.009796416697651227,0.033892060626686996,-0.021425553876434474,0.03409595320989949,-0.08050700281978303,-0.009679137705697612,0.03822205506294098,-0.011093083983033833,0.028558040110526144,-0.07766821124806297,0.03084434506983556,0.06343787465642406,-0.03219536279055873,0.021488661965510497,-0.02893396823089924,-0.01092310177639266,0.06971073306693645,0.03636805418666125,-0.023419867001860047,0.027792192021529886,0.038554112422685985,-0.009450286835659603,-0.040647207446154125,-0.04478209012032242,-0.00754819175509319,-0.05081253416942092,0.016168918603510937,0.05238201528105591,0.03170941123044136,0.05296261100263749,-0.0066781563870047965,-0.051500023273190566,0.03813580365105158,0.017504702137285978,-0.015850230100277682,-0.007440674416444901,0.006206401935968613,0.10844587393149607,-0.017134719861327908,0.05995727208827414,0.00833819925321632,0.024775219217892087,0.04611666038429122,0.040293920396150686,-0.08035797957577345
ENSG00000124935.4,0.028764378176813286,0.04581872272200278,-0.039868171338263134,0.06477437709909263,0.05600894456836926,-0.02228283422482058,0.00933091027665396,0.0024133066661640936,-0.034827613644075085,0.04492976390140383,-0.01318035789931785,0.12167353329596592,-0.029867573112703005,0.014303476487460548,-0.03816877918805616,0.038237212574455635,-0.03924572594718652,0.03617943458630733,-0.08816168734028448,0.023170798986092325,0.06302362490976858,0.12921550623045863,0.0002553538812865263,0.03773689194869472,-0.037794407126403896,0.06798096743435117,0.09931873143437576,-0.03848977711499655,-0.0264123535144908,-0.010166280311356421,-0.05720590074873262,0.0021295512498528584,0.0009833852048909612,0.013339451747588523,-0.007828340005711247,0.07156858196161285,-0.011671411606804231,0.008550107958268221,-0.005337208697163268,0.024388538944114833,0.07778234766780745,-0.011222793264209182,0.013242274460826011,-0.04517066050743346,-0.011571589548960605,-0.04931519474738932,-0.004344965898972414,-0.029811330904233678,-0.013825982338958466,-0.019426923014088764
ENSG00000143556.9,-0.016892244798798476,-0.0011801188516470619,0.02366127977613277,0.07049270880178579,0.10264157110801761,0.032193347678613635,0.08028298064235871,0.05233040752136168,0.04458153190940874,-0.07037353111315607,0.024907876236252208,-0.11475198866187278,0.014109204170432902,-0.0374701744252002,-0.01750693478074573,-0.061090325885395765,0.029847901885658938,0.0435258517058778,0.032811395406776384,-0.029824527414509402,0.02743374125843171,-0.04080293596924848,-0.03410536056242701,-0.03309413533976766,-0.10521888743640379,0.006117428393879585,0.030986523735778843,-0.021276144245487693,0.021766935757857098,0.01621986922382025,0.010371525342836266,0.030888300627524526,0.11684133279219897,0.03192976723800243,-0.05222910470077385,-0.02932440113467617,0.052389427136417026,0.002155914998604731,-0.042830687237525374,0.07150020421365039,-0.06705637376821028,-0.013262788467169846,-0.05015849223440112,0.07666872735089279,0.037760201125125806,0.000347551054582267,0.07348448472277525,-0.039014305641482054,-0.030874664727638137,-0.000844033339890346
ENSG00000160182.3,-0.0042766130443675785,0.073648782252526,-0.05297634242245345,0.013706543792858725,-0.010512916016306975,-0.023227204464948546,0.012971160375430248,0.015480042851712353,0.06300077692699041,0.04460379767715845,-0.04235742516195778,0.02254911164240511,-0.02292691564166992,-0.00801443168014771,-0.03056929426917298,-0.09877660359120896,-0.07179992236178216,-0.06792319733088945,-0.046977024264070855,0.016961472966010294,-0.036924175943727655,0.01130311375084181,-0.013926722804225203,-0.045940320999746646,0.028334175013245633,0.02804855832348747,0.022004928680198103,0.038720162337067765,0.060347994446661626,0.08586908280256596,-0.0535048911386003,-0.031636061600818145,0.04640116882270205,0.039149062471369615,0.009412916526080634,0.002664305238315519,-0.002561566114077122,0.07663208177149292,-0.044102508129924965,0.01362454942838729,-0.0806752502886326,-0.007486396003537432,0.013654951199816502,0.019321421829233038,0.0005793833395812613,-0.04197724446660942,-0.002778332369172705,0.0665720698790694,0.0040522374201283524,-0.01877491421880167
ENSG00000244468.1,0.005660773155422206,0.06315864325991859,-0.011551818328695573,0.00010485171390219499,0.11146503364217075,-0.07885981856264282,0.013928789159657506,0.04493385417426158,0.011050844137510434,-0.000832950260271756,-0.001809031935173738,0.024244544985695983,0.0030549134255747536,0.040113943827354816,-0.04903841232889604,0.11915340769921362,-0.03215627793257059,-0.0029809308368791356,0.03070625199899586,0.09366952349183902,-0.031558094504602015,0.047276137708476475,-0.0007728993472649671,0.027697390838330022,0.059454280092943866,0.020453542072644916,-0.005236350836155702,0.013959944966355102,-0.020037662913638937,-0.037705089634310844,-0.05181699959688764,-0.050337994434100475,-0.029456895515199484,-0.0014557847688208714,0.051856556162075164,0.01012949676049236,0.04521932909336117,0.023814217452437413,-0.03454759566604686,-0.05565091051965821,0.012893370148063299,0.0837996554160661,0.026422145527664524,-0.08054640794691185,0.04980777949050981,0.03864236680682754,-0.05386218673513066,-0.042031091324572244,-0.03548012691030153,0.02532340865019233
ENSG00000172551.11,0.04000904876986215,0.020983275669250703,-0.004979767414465269,0.052483116525620384,0.14936075657247108,-0.07191174689451178,0.021914969547466592,0.029187318963079262,0.033599925362789856,-0.021457414750257125,0.015449553517882134,0.01848733947755091,-0.021621808855578135,-0.01529437444589413,0.0101734867585228,0.030793094877616282,0.01832904473340284,-0.01344645984833498,0.008048743328149909,0.059861067074883055,-0.006836171146015732,0.020888578856259946,0.020574721792004032,-0.02463428659836701,0.04579550460931572,-0.005860006551801271,0.019369723949659613,-0.03957471700453752,0.013473594873299024,0.03578728045189365,0.053323134120744325,-0.018253326932215572,-0.04800064718467226,-0.025591994809592386,-0.0024745755547529794,-0.03472353095282098,0.025283788062333463,0.0654637083483285,-0.07083315026187596,-0.07457462409821311,0.07423876195040631,0.0076891818550824465,0.021322052097645185,0.012158143520149064,-0.03866873874429188,-0.02064265653532797,-0.0824405664948663,-0.012267964166650816,-0.03194075293068885,0.0002466396949398375
ENSG00000166509.12,-0.018675448827858702,0.032149496409297,-0.026625319769489467,0.023370178348511354,0.03786580527558964,0.07606317952437353,0.06541253428930668,-0.005840625259566832,-0.008706502790006294,0.0177246600216237,0.015983024430984524,-0.006933776092322027,0.04292408681570221,0.10791067690057733,-0.05473184828260383,0.1058206870476772,0.03259682815360177,0.09896279862679262,-0.001781836484686751,0.0741891831209168,0.02825750804092271,0.0195789293089984,-0.004604530233872777,-0.046202368051144894,0.02106636435467622,-0.004890400716658066,0.05588020555441217,0.0666103854928906,0.1195394291243882,-0.016797891092977895,-0.05807147398870438,-0.0828658607326631,0.05459159564484095,-0.020917242829293248,0.06602527610711638,0.020399728994339977,-0.05484476667109359,0.009407096906540903,-0.09463349583970662,0.03187246811774273,0.004893648810916568,0.06892199894245066,0.10663979098512687,0.1288740719984391,-0.0329113794792707,0.06620517184824248,0.0398398127340212,0.09016083617176882,0.030114284355851544,-0.12184664748513055
ENSG00000170323.9,0.07146148212240319,-0.020922788945012937,-0.05656126767471402,-0.0680887101859178,0.007610034798207841,0.040044390358088426,-0.01782901727762121,0.03611108244543648,0.04727580961481605,0.013661597682292838,-0.009240524057785172,0.0025371596699322093,0.04339097185366129,-0.012086874615048067,-0.036952519475407765,-0.006794282706877428,-0.007886315370353999,0.0032661649533460976,0.012344126764609364,-0.0027911024025914504,0.0051169867513495195,0.0071899026411476,-0.055830028346459455,0.0005269481105074481,0.02835843333169175,0.0020622408993691494,-0.007743072076873231,0.028456455456466464,-0.010783744168121282,-0.022785622829178794,0.03197419758411075,0.009296866376829043,0.014503514048217052,-0.01860578090650606,0.07595937269183037,0.0013593013781002252,0.019535904557548,0.06227175078433662,-0.0062887874264616886,0.005627781869491368,-0.014923009093265615,0.05738780537174694,0.017713757925061975,0.0032264640695858584,0.010165257447793941,0.011751956886810662,-0.0024455644976614545,-0.0034066685783109537,0.01987410197947265,-0.006079927737833153
ENSG00000186847.6,0.062051871524159,-0.03231695068355011,0.01081094092720746,0.07718887331132412,-0.07890300700443995,-0.034002917557745205,0.0029659982878315165,0.07105034526526058,0.013323748995939409,-0.015247849703194954,0.03955595852917239,0.0018014090699089024,-0.03812595057777958,-0.038502288113761135,-0.04026872032225884,-0.024389606371213086,0.04935778115115817,0.022046385010523216,-0.0007918184426903276,0.023675331823673523,-0.0511067675708438,-0.009655299452130797,0.054423446994101995,0.06832423182116278,-0.0013321327270089626,0.05654922161937823,-0.0012173387336664322,0.009192548573504308,0.0071006445833250225,0.002216116744085298,-0.06367461670952249,-0.011347964654701696,0.014354766832118221,-0.040696790285190035,0.03553501068525145,-0.0106738664585216,-0.0631200469835866,-0.03698417061120387,0.0046568708880744105,-0.0411834480647183,-0.009430834364690034,0.029924694350319466,0.02309299994827077,0.016007952275766606,-0.0034138317344491694,0.010158164198300323,0.01961776321730535,0.027453669768192482,-0.009603284516246568,0.025588905721150777
ENSG00000178372.8,0.009795199099183775,-0.008494088771770778,0.05955374741878781,0.06446724862612058,0.04857120248054544,-0.01871649724454158,-0.030481261456099706,0.04391734886570399,0.0860137052642715,0.08771496727965801,0.010923339682329827,-0.035702749047362085,0.09434552789838536,-0.004629695414424648,-0.03181951071755542,-0.05055954868284375,-0.053728892189378596,-0.046230270503901646,-0.008408819266976937,-0.0245441688931137,-0.02871053039110712,0.074298893853073,-0.018648502177774175,0.03604499457124926,0.03584047963647925,-0.04950457156718661,0.06698456409637006,0.04687833689247773,0.02484119812046392,0.01902893705020479,0.015941998828186504,0.0818310372538025,0.033734161624261114,-0.015772151042952754,-0.05985804636257227,0.07743322973587612,0.04080113242520604,0.04593826243918153,-0.07739121502859814,0.04312404349272847,0.05471468016491671,-0.0036202038752295076,0.026109664810344362,0.09653300648527806,-0.11258338158264906,-0.0240702132114365,0.022575355408808416,0.037051208990364626,0.01308010898642546,0.022605082271842433
ENSG00000012223.13,0.03364432957411567,0.0008464568530066063,-0.01379738968036218,0.09394320157377604,0.07087952304320783,0.04664564732776453,0.018951388056606462,-0.09307985276111336,0.03327400828690122,-0.05066031940215632,-0.07473236354115373,-0.11707332584119609,0.04905186313182718,0.021332765448599234,-0.013421527531538205,0.00798670383982439,-0.011275010438368878,0.009679440991093052,0.009698111275790688,0.09367516008774501,0.009570124530516495,0.03445442785644633,-0.024542597790591605,0.043515957995336765,-0.04762913188148849,0.005576525052088369,0.015091869845769332,-0.04266606987231744,-0.06039763490645303,-0.04636595507353078,0.03280318424391233,-0.043328054036660006,-0.006546436703009267,-0.06465174786159691,-0.01276252648156698,0.05474335030519737,-0.03427926741451045,0.03033310986292285,-0.009637546415905718,0.051576784666052596,-0.013077428786228126,-0.0191592222706724,0.018414820153096235,-0.00878109719577669,0.022943191041355584,0.028144662831044682,0.08225047194441994,0.007418431711224998,-0.04228007702469941,-0.03367843681367522
ENSG00000186160.5,0.023233433436952153,0.03468340401568548,-0.04753849097407726,0.06532465623462021,0.06846777740992428,0.062284969058733486,-0.08103525567738919,-0.08638212359393747,0.014570274538212625,-0.0419401337244993,0.060034312517795195,-0.005496529239339207,0.0027479235177586053,-0.03122687480937704,0.000979567719650839,0.05999343353142423,0.03544217357971903,0.007414551029919186,-0.018155187528923266,0.020030899402779245,0.021806203564199756,0.040333208563100985,0.00948842165001997,-0.011512384886043659,-0.0375622502491597,0.01601139888135214,-0.010780951692619082,0.010763875751517693,-0.1086833766020038,0.025237038751666673,0.035001225096084984,-0.030918168620860498,-0.028613800552822834,0.04600530080877381,-0.051136918748161515,-0.013420826390178482,-0.012203745001643016,-0.05408625184728128,-0.017985256082892455,-0.03973856255952986,-0.03160179549541034,0.022537364195157488,0.09827993898944876,-0.030100189671034377,-0.00031251587090401375,-0.04972617265328708,-0.1300196543765785,0.01475820512638446,0.08052774741072372,-0.029197257957170743
ENSG00000173467.9,-0.004933035919321859,0.08548062292659675,-0.06171189571862787,0.017669076498102475,-0.030307956436375134,-0.03812714092967363,0.0021869530489884996,-0.05433344554994476,0.03248554361872196,0.014562830758676034,-0.02433106436772774,0.007806606903904828,0.014179490007221376,-0.019810390198896348,-0.0029931842151429897,-0.03102672175401896,-0.004290725437536293,-0.0017721532404405226,-0.008646979423296931,-0.00908704159940151,-0.008909117657623122,0.008753810791313373,-0.05874688385368616,0.01166666008181118,-0.041535133276922785,-0.006372518499222716,0.07160855038818005,0.020380839194045694,0.022256656033242624,-0.03423149845193009,0.0227354028206083,0.0252152322235856,0.054744959512707456,0.01789608838267808,0.016803280537510654,-0.051331113070785805,-0.05573518546887207,0.005176371667740679,-0.06571905545352814,0.012471233934098864,0.02525007058071092,-0.0005707317268636497,-0.023992725124172453,0.006819725157233383,0.02956084799150845,0.02948713330151788,0.0019204735241856348,0.0417807974156442,-0.051560935081648156,-0.03667051725770862
ENSG00000153002.12,0.005937625270028697,0.037569358192519345,-0.031426641658303715,-0.04639953002256403,-0.023442863448269857,-0.06292004000352897,0.020303232525932528,-0.019734075082401593,0.03521495886150646,0.02934129822887249,0.08282935382091856,-0.08915712324037695,-0.10198178720216351,0.05341543859148714,0.0010601891697728507,0.07921930245621021,0.005659407696369101,-0.00027820000995412415,0.146438021581656,0.007156525951665919,-0.06437976238941448,0.023252274014146063,-0.009422288494824264,0.013900580987758681,0.06343453640918804,0.01605897171341994,0.11521840152546643,0.0027803196553401067,-0.06163854881185449,-0.03900719614490339,-0.08101381372419426,0.11474387254933288,0.012812552056916808,-0.01311281407747871,-0.02732455840064237,0.04155104187436265,0.058472245480970575,0.03078232074309455,0.09283680490376046,0.08709396818035513,0.057307876273537915,0.027716946421235223,0.006524726885775096,0.029531029755203768,-0.0043569194227904276,-0.03285591187215346,0.01779894077971947,0.03645435186099896,-0.10238773255653594,-0.06246596240570513
ENSG00000186081.12,0.06856343405359437,-0.03125225809351791,0.016283885387808904,0.07237695315042443,-0.07381006162367013,-0.025551608302110746,0.02172923934614976,0.0691866086233836,0.017823035187686544,-0.009838835081739624,0.05391208618132806,-0.02378703683586274,-0.021396187997291587,-0.07599071486319262,-0.029167810527107013,-0.036634889229605776,0.0306131179476232,0.005003384131691851,-0.026984631097712614,0.020669672047102728,-0.0236014060903213,-0.006256729337446153,-9.909313567603872e-05,0.03841577011709467,0.007114315307479405,0.030884157319788927,0.006212625817309723,0.01580016675437244,-0.010519861099909083,0.0015075037602485034,-0.03553915497076443,-0.023306258493734765,0.0026584013690167233,-0.04068944389235807,0.05655886776471604,0.02940671061118422,-0.034124801669120235,-0.047254083706915695,0.04551877356675335,0.004221662091075777,-0.006214751268497868,0.007362610671620182,0.01889492737214329,0.019156701645553068,0.00046361435544252475,0.057851412983992156,-0.006787221543035013,-0.020720481557126802,0.07459738129806003,-0.019894131871676844
ENSG00000235687.9,0.022362512174327786,0.05314043315845452,-0.06251733428270415,0.015431106313294267,0.0212962452176081,0.007795938574566942,-0.07918130389957578,0.02746778838624708,-0.001092715419728012,-0.10569535769571065,-0.07368937446003909,0.02523180263788189,-0.029915303089994523,0.02103829018110968,0.07266811268338787,0.07210105974837179,-0.0461685523412618,0.02412639982192066,-0.021052616152055503,-0.09103915557580458,-0.08386921525339111,0.02139036052057473,-0.06823475194492634,0.06222175353554419,0.05222066634569654,0.025255976288203214,0.030471965665445234,0.014427083322583176,-0.0212015476030742,-0.05259428127288819,0.004900847466026861,0.02005267193219261,-0.006917988571846826,-0.01548556254929416,-0.01133207010532125,-0.025568255211467914,0.03534341440235192,-0.0017741486249249,0.0218672803343348,0.019289010967196193,0.00767351403031218,-0.03347618163727924,0.0371393102117546,0.0373686674524131,-0.003970850700502661,0.013224039029957464,0.021566274946260094,-0.027133648475029633,-0.035389595753288,0.008616190645862602
ENSG00000181092.10,0.07377410430179211,-0.029079696217399226,-0.05308484855677006,-0.0640766030473542,0.011430149342325583,0.05316716220576229,-0.025339188582203236,0.026195306176041853,0.05282744341306034,0.01962710643226712,0.02099564124448143,0.01132713631813926,0.031389443348509294,0.0013310741213444423,-0.014136614022517103,0.008831614345274807,-0.021271457086625548,0.002654595863998072,0.014506243464936128,-0.012733178935326026,0.009358920442708326,-0.0160227182208124,-0.04001793742806891,0.0117217631835721,0.028502278668451907,-0.006913487115478997,-0.0033372346867669433,0.03915063764668014,-0.026514684832487583,-0.002187561724488426,0.008388990441928526,-0.007429849094611211,-0.007455509466693595,-0.021328792683845493,0.037998121455227,0.019887800736414465,-0.010839140223246373,0.03193961143052496,-0.015475995234032383,0.006688629498672459,0.005266267385804081,0.02266874566909631,-0.012821434472708369,0.012646202954897557,0.01387876953043723,-0.00835432587960246,0.01214888495999467,-0.0029372266243679417,0.008888444615434669,0.016019799415823335
ENSG00000234918.1,0.01811462473240878,0.05393041549099788,-0.060695650113108346,0.01321820595218392,0.023469436999073272,0.008786882094133114,-0.09016624474495798,0.028325289896426457,0.0009108148314855045,-0.1155800999631661,-0.06945712812907158,0.015619388524676255,-0.02657200559435626,0.029600502133534306,0.07329456377095299,0.07205465764158864,-0.03834433941689956,0.028401356992835903,-0.01148862667627523,-0.08522632748091208,-0.08831957098482975,0.006573321706002833,-0.06867443942995417,0.061638070284169885,0.06779964059873403,0.0019584977432138494,0.00919641886915174,0.004631309071455465,0.006779381660103719,-0.03475661165249619,-0.0003802497575517174,0.020297925960701086,-0.013134444704119494,-0.018394025168519793,-0.018673257464223228,-0.01764757354383734,0.02016922213211959,-0.00027329529262857383,0.0350934566247253,0.022763510655035825,0.013360870486400596,-0.0458140783508932,0.03442765838952399,0.035245897996860426,-0.006561845371037246,-0.007467269275114717,0.01833885618572679,-0.021745672846238753,-0.043937029726609116,-0.001036558605855353
ENSG00000170099.6,0.004113479372427285,0.026950842126687864,-0.029116999097716128,-0.008778736810248862,-0.05382471333955167,-0.010906558156626047,0.1418909312764699,-0.06763255661470727,0.01152210410297379,0.031486891120164624,0.027837512271852938,0.1541427719801442,-0.014961951128259683,-0.016952233629156724,-0.010117987623614261,0.04368903791088637,-0.008903037933261228,-0.05594771604828754,0.08848086762445158,-0.05548019302164949,-0.023204936647779267,0.08105719669928968,-0.04969048191970602,-0.0426410330445963,-0.0839784014835761,-0.020554175144839135,0.04394901201172437,-0.030364141930562638,0.009603008413352411,0.06888926842140627,-0.10061859553223175,-0.013233459395060907,-0.023579525574753218,0.04404474200679917,0.07204160065101733,-0.0018199509029067605,0.006494747624593301,0.01995544320389761,0.012598600703170515,0.0029640569944434847,0.028833314200839955,0.010961996175144982,0.035954371668304126,-0.12548806125909903,0.028128544762697737,-0.028216288975611407,0.034597253342842506,-0.025580531522579438,0.0732995385595737,-0.05177065805433208
ENSG00000160180.15,-0.011277460042839386,0.08333298187906608,-0.054076531725202694,0.01474141751416338,0.013644503031156933,-0.06017573529221298,-0.007013955141681037,0.010361847734512984,0.022901071247331477,0.034047771335592156,-0.04105877454000165,0.03749420358696169,-0.01027213355784555,-0.0200198026874394,0.03447686395767884,-0.035256563909102784,-0.08641852813770298,-0.05743805481159181,-0.04208051822915325,0.007473838820885851,-0.01175946083200504,-0.019937230428870134,-0.012491944239938508,0.0023180599687633134,0.03202905744724797,-0.0057514280273751345,0.02497581951215393,-0.005068181473351671,0.04135275797286982,0.03899904710394302,0.016944658890710132,-0.022330730031389193,0.061321783812283405,-0.0033259510014278008,0.013079662662754094,0.0031306155248061974,0.014327411560754816,0.07056594800510829,0.018697389716068675,-0.014218195350019763,-0.04701188996996216,-0.0032267031872199054,0.036148368234797806,0.028779986798603576,0.004449082123264439,-0.012703323487831684,0.04940789109134368,0.0422461472850233,-0.030172788547783373,-0.06884691517377312
ENSG00000167676.4,0.07202141950193437,-0.029522311694849878,-0.05636840833360496,-0.06513196703400442,0.005985923322400038,0.04435385681704869,0.012386701279883432,0.02110803869207734,0.04965958860869268,-0.0006098771401475129,0.030095261066641562,-0.0059396625399271916,0.0225787847679797,0.007231920651002252,0.017341107605083516,-0.010251331856030478,-0.019865978473972513,-0.0017983117541937642,0.011515921782975821,-0.023580967589568107,-0.016541320670468977,0.018829243251684356,-0.04521151229683424,0.00717484107345315,0.03830897020937973,0.0012988624224744684,0.010072490081004718,0.0201529247652958,-0.016123914426748886,-0.0010009070216602924,0.02137036120230113,0.019283431453923465,0.021175083993397164,-0.04261178212867154,0.04061022092990013,-0.0022206881181674174,-0.003786327203774467,0.04033634601968437,-0.021638996098264595,0.02097954217713819,0.0273116656019693,0.026460715599786695,-0.038102210702429494,0.028284335396332343,-0.00953687440435555,-0.0030498819292146266,-0.017745416230857288,-0.016149037871275845,0.01990089862795313,-0.0023222009249458417
ENSG00000226278.1,-0.017638316942646105,0.008515712959737354,0.02032380748927778,-0.008055775599577755,-0.0005013090340005174,-0.07561115048686246,0.010397908692642949,0.06641536415763093,-0.05351893443222767,-0.021451470826520047,-0.11129569483953639,0.014609608360306435,0.049078936258348596,-0.026883343867852558,-0.05448278689959808,-0.04640098974269029,0.11907193107033362,0.061843381633031005,0.04402740998825141,0.015244399798885037,-0.05913815481452132,0.0996613314563049,-0.07350560583033457,0.01834313646829188,-0.009012711306848092,0.047356602300999584,0.12425013494185508,-0.00018896903727748097,-0.10017345296169414,-0.015491873440888234,0.07037117503221221,-0.0453513515687284,-0.005862443340996949,0.014518499810216289,0.12283938564777358,-0.04888884453199486,-0.009226832506704858,0.10183060098770032,0.09175845266774307,0.060235236240166294,-0.06501119272147254,0.02632810633730942,0.04279135821155664,-0.04131470547269129,0.15327451002777975,0.02037070543300293,0.17367109103448403,-0.011952847373551031,0.024189515400640505,0.06030412637556432
ENSG00000106541.12,-0.008268368804357195,0.09360696867194064,-0.04389023047581171,0.02957575018179495,0.02595365255686394,-0.018253154422752663,0.017319552454980163,0.0025767777995518346,0.027636455041258647,0.02930854205478773,-0.0392241692152546,0.014134625858281923,0.0214155600084373,-0.03845319044806752,0.007640003170139855,0.023351496640631828,0.01709939184766827,-0.02909504216458134,-0.04455522020321129,-0.03577719570475547,0.029903917060182847,0.012916484067543685,-0.052897470926905096,-0.0708166734611454,-0.03581985969955597,-0.005387956155759414,-0.004483413179297016,0.023356619457528423,0.021771379502840256,-0.06375400519817072,0.03394029037377774,0.02426167604798895,-0.020295017860425583,0.006612473061588372,0.04189611898401734,-0.055513793601837405,0.0002607551467738204,0.06164061422819543,0.004029618553830317,-0.0034569040891962327,0.04083890399508721,-0.04607097810744524,-0.0018775961598372572,-0.06137307076214872,0.03818172084423572,-0.019112091606913448,0.03151549376889161,0.02312775041155419,-0.0046855029952669915,0.008211696723630188
ENSG00000094755.17,0.05590372368265058,-0.059193714480220684,0.03604849483025121,0.06463212941424602,-0.07596804362652028,-0.022131135498662812,-0.03514049019081035,-0.007312182287048378,0.02370032334675646,-0.004005174125586028,-0.017424913835776334,-0.024090068129448684,0.010643780926331553,-0.007263825239049842,-0.07280915745739426,0.011158202241261687,-0.0030208932919460756,0.02373179122510003,0.008810724669712165,0.022011907732358324,0.01783181787798479,0.055451449585154196,-0.038263758703139424,0.022146710156317265,-0.0025923360409605654,-0.013330564312665969,-0.004926132799836813,0.006175322814265222,0.028354545628019024,0.01302139576389337,-0.008438419259428368,-0.009421783294363825,-0.029669640090879107,-0.03047284955869602,0.006959404988936096,-0.0291922806371122,0.0018593644227744934,-0.03010790031326543,0.0527812685942742,-0.011313723510564914,0.033714899686818116,-0.019807339307396428,0.004684000182630233,0.0096404238189277,-0.011966054284579454,-0.0003456017968527693,0.04783049962181322,0.06978564336962453,0.024225255203150393,-0.0007742176823860263
ENSG00000166819.12,0.0717406628682371,-0.031565113062633314,-0.059205326405818076,-0.066577651730523,0.0135159543380849,0.034049338269253375,-0.007924905312604282,0.02333709093749524,0.04836618287776874,-0.009511465948779316,0.028062128687330996,0.008091175734648218,0.02659958172053224,-0.007785999287939915,0.0022351218576736735,5.37717220965443e-05,-0.01951360461597244,0.022902061387055424,0.003129408768164944,-0.0018368780270961928,0.012637080385156313,-0.007298419998816577,-0.0304983447103005,-0.001041857976897168,0.030425454143125225,-0.02437244157307832,0.024333788020386667,0.01940596047292453,-0.020160459156736695,-0.006442642151590081,0.0122659329596612,0.002259789351092918,-0.004789945209246102,-0.015575694872468432,0.039477358494129984,0.007553806019744377,-0.028376261257279295,0.048359129790863334,-0.003885790513950221,0.0105332401221251,0.010914747230319384,-0.002543455438888656,-0.01590909725137015,0.0017249886529832556,0.02295919104146329,-0.014380739461861592,0.012152337658373367,-0.01099303591109592,0.017233059754498594,0.02093988739779219
ENSG00000134240.12,0.04306067995434941,0.03976571338984924,-0.046729710481642345,0.06837492519347928,0.05903384224849954,-0.03227766992532293,-3.098215019294812e-05,-0.019102347128074442,0.029659640383018868,0.014565983876685404,0.06094070784623496,0.049500405102016386,0.012803937633604514,0.002950386710163837,0.002909684403042253,-0.002760207631099086,0.08095655949399853,-0.047440855242885646,-0.00853189474903298,0.04476032925049449,-0.004763566025832484,0.09564480793497428,-0.004313290088165069,0.03845024368365022,-0.018799337791723027,0.009650221132407218,0.06247147852053699,-0.029374211440076344,-0.022769195202907867,0.06704529766053847,0.016286334218832556,0.0694779860906395,0.06636068399326096,-0.01824177067320641,0.004540975888834398,-0.07917232636623693,-0.03587631669445516,0.014715618593208028,0.04930625606826,-0.036963757751844704,-0.03605315888476308,-0.026446285314055948,-0.0648978855476016,-0.05792726468440676,-0.0453503991176786,-0.01748550268724103,0.026718941825668197,0.046381011072851905,0.11397508580794419,0.03996336146031106
ENSG00000181617.6,0.055136048697288706,-0.022546335513399213,0.022788778438236856,0.04616109511436136,-0.05061082469855078,0.014283404885383563,-0.028102259655918282,-0.0580992973389579,0.02474819946525079,-0.02457019713142984,-0.12890756818619298,-0.05559569710450163,0.016975069710885887,-0.03942075025868144,-0.08951578419484649,-0.027153242811585925,-0.005089970040418038,0.04744302782405285,0.06624481945199094,0.00881970036541595,0.08493090297041349,0.03587375210082968,0.010938511489427887,0.04350306399910715,-0.006171410420273893,-0.04763536385661556,0.04394712583260722,0.009936849953918216,0.0035653117415454334,-0.0395049458974723,0.05595065390183934,0.019268261246789268,-0.04937556465630416,-0.08067501029967568,0.041602060604860804,0.0037398904981506154,0.02760657934812988,0.02894993428274993,0.08058723081277765,-0.01734676839936453,-0.028251948398724566,0.0650567823293916,-0.07274525660617272,-0.034042517506999985,-0.019947885375447207,-0.03001113245509704,-0.04695195463610764,0.09534751883567667,-0.06305365874934263,0.015172924676870184
ENSG00000187288.12,0.07438201758174211,-0.030668084563555794,-0.060285299118891605,-0.05939572289417516,0.018704899508429525,0.036423436217554325,-0.008216793380324076,0.013602527305185077,0.04253817368746746,0.02256643864642619,0.006054031946501518,-0.004052503490452954,0.012102832028215237,0.007480632884422216,0.005825489171198275,0.015166354267371703,-0.03106003014590899,0.0010521251344555386,0.02370984763352143,-0.012762381498261541,0.0004362605876789489,-0.0014014026993461922,-0.018809612841689693,0.01157131569977383,0.02426215944857925,0.012563457728316074,0.006602080795875605,0.016098641487331592,-0.014442883545462417,-0.0034904064703437337,0.005713150297365173,-0.023609957670451005,0.00953617822702815,-0.009849776997416624,0.032460355686832976,0.012475681407366573,-0.011531801055669961,0.023707809655299034,-0.018440193317717984,0.028896342402917684,0.009482366104286979,0.009116801688922644,-0.030629929023536607,0.015069528849961693,0.03713150863777643,0.0018196863092157047,0.03059303614123533,0.0041414509369042075,0.0170486780175745,0.011920098899876221
ENSG00000104332.12,0.07257749942747539,-0.05251021825284077,-0.006191727675479128,0.03371697778041133,-0.0673327387322856,-0.010253993842877562,-0.03453102003666831,0.0007958642209065791,-0.02806945276117721,0.05467190887167316,-0.012390079178138756,-0.018164641716385585,0.02170819394053547,0.03131407238629797,-0.051939700783440436,0.002358452120414442,0.020595601232044757,0.014670477153808698,-0.0031613698178835008,0.020217451782191597,-0.0338549110395503,-0.021474839014319336,0.07854727957201606,0.0335899814528359,-0.021134649775660798,0.050645717451148944,-0.03122096736388661,0.04212145172531725,0.007152809965306949,0.027903749891913403,0.03853451867964272,0.021492597907116738,-0.021472381462247822,-0.004667980183123149,-0.020813564858823706,-0.012602146157670384,-0.0023539703982398664,0.0008867538668338836,0.0016828913659362264,-0.008066029987259539,0.01895993947019878,0.016987330974428883,-0.003575491774784261,-0.0242553077506001,-0.014871188979661942,-0.01906847001109224,0.08130363593507638,0.038836472398403085,-0.0609234168336622,0.025602851029366037
ENSG00000128422.17,0.05845539745294851,-0.028570627557268018,0.007625776835979911,0.09209513294727406,-0.05827649477083217,-0.039100737344416235,0.031157252224256943,0.0908650328653821,0.0052326999121844525,0.0021917533455056335,0.04316277833330311,-0.04366197281649566,-0.022117198907027177,-0.049375385798357624,0.000988631710011122,-0.013927602352847268,-0.005085180382711663,-0.04112037924807822,-0.03124739393816486,0.05825751905157831,-0.023866896120249705,-0.004266775155760971,-0.06799184253839675,0.03767933665007759,0.004241302716146627,-0.01705247337433827,0.04263347149385143,-0.03331023619583233,-0.04448881081120992,0.026887198217982702,-0.0709325125270307,0.021228419780779075,0.00916377102629104,-0.003255949405051364,0.0658954401091652,0.010019010646042366,-0.05117265016661847,-0.01540002959166857,0.005429372762231024,0.0003551331562272852,-0.050089941007462765,-0.019207108130276603,-0.01065996551538925,0.025431012963960775,0.03057191513392822,0.010681838087605863,0.0021114319506253007,-0.00940684708301129,0.043841799656150066,0.001840285997358329
ENSG00000141750.7,0.05137099342200674,-0.03340550820338986,-0.003378574749967897,0.08947631532498147,0.03084286551636792,-0.05842372693134213,-0.0021516577370993234,0.007996904928952027,-0.06461143904013536,-0.05307018955783367,0.013670926859520224,-0.0334716558425612,0.031228149562984444,0.042566260121690416,0.02312915980359509,0.06370776580564981,-0.0864665967877053,-0.015405081616629037,0.027481422279200998,-0.00035432990583742315,-0.04219302602755688,-0.02169177958530235,0.08597373045975493,0.039442004342973964,-0.045687729582734524,-0.013896854075211837,0.09934875177947346,-0.07160075872287501,0.03641206336575569,0.0007154618550695573,0.038264116372263145,0.004713856840200268,0.011382668068997239,-0.021002856803570176,-0.00765119593317819,-0.028727129885049166,-0.016634237168977817,-0.04153009482660775,-0.08675951016121143,0.02865346881504064,0.022044088873753868,-0.011544159938785024,0.029711798544856453,-0.033953939719094446,0.020833924280106244,-0.05729699359828368,0.047348557347442394,-0.014115387689135108,0.010394391853013578,-0.051184057028636216
ENSG00000282651.2,0.060305529548552735,0.024292179046055833,0.02786187852185233,-0.00027975838703528583,-0.002498024694988761,0.027734349540348275,-0.03905647896520265,-0.027831485162698788,-0.03165433606432597,0.05497256517989219,0.05232479770909945,-0.03291000228884758,0.0739470194429775,0.04234080045882637,-0.05268949468127202,0.011790106562652839,-0.09163350887917103,-0.056762664804158744,-0.04718533488784209,-0.023804539733077546,0.06037386310346673,0.02696708018821379,-0.05655050087579042,-0.08207682278332631,-0.012917329487791526,0.03638481886092244,-0.03735531743840423,0.08487418415554,-0.0014704677392753265,0.061933583698397576,0.03162064621494407,0.11078247053300798,-0.07937207536874973,0.07599238881101221,-0.03209870150127093,0.07022116633600241,0.017692308310242603,-0.02460616115761489,-0.009055748075190767,0.05723469724815918,0.031453958703004,0.022058887030593135,-0.017742674397950124,-0.013736570934927902,-0.09988924986481279,0.06969470467617354,0.03463835715889862,0.09299903269498286,-0.011132720835780438,-0.01452726536405337
ENSG00000252621.1,0.02939762966960625,0.05333356505803506,-0.0646634514563659,0.0249342479554525,0.007323296461545864,0.016753770648772263,-0.1000577896840832,0.021938051854019574,0.0010881955935908147,-0.09924085020724793,-0.0350101555326682,0.0008763478960427263,-0.030293138324386626,0.04484755724560371,0.05958395196928298,0.0610582732925751,-0.04177839799856384,0.031196103915065124,-0.026405324610128796,-0.08463789520086568,-0.0646948909752725,0.02982007750764776,-0.06815081653079211,0.009722896710796092,-0.0005133326856501692,-0.009745416660870724,-0.00791600079557788,0.024722330457399525,0.013146353923575847,-0.020441674011215227,-0.02144672767452616,0.0426871185765888,-0.012983875429874512,-0.030198306843141447,-0.016261225745435606,-0.0016120223059378803,0.021599192432947778,-0.02661710116253259,0.04004244331423021,-0.002133733366758676,0.010542386634998905,-0.03026095289313048,0.005297072114864099,-0.001049279093753741,-0.02702416095252029,-0.012305534549285554,0.0215245168435557,-0.04460145584954977,0.01622244352395041,0.025531419830616728
ENSG00000256612.7,-0.030604611676907957,0.0650597005571405,-0.039652843015563474,-0.01524889881122806,-0.0357101415633072,-0.03322539607372343,0.05548734928995393,-0.10607850898332269,0.008475464752765017,0.0008033411689796948,0.0502362462610807,-0.004278723337353564,0.02807388533602065,-0.01746608504996861,0.0035138038030424544,-0.04416447340840309,0.012365984645001073,0.008329019339934487,-0.03712824664641533,-0.020529468320617448,-0.08003173714934562,0.02277697145456521,-0.028850340181717938,0.050435122264797565,0.008998467770880227,0.004553336837410488,0.0540727774228102,-0.0071215001736387685,0.08191674029671558,0.017815365395621622,0.031044061960970874,0.057804273553091604,0.08345973818346472,0.008194082363353675,-0.011557709532601022,-0.015093333062122846,0.020418325757306066,0.08951039951749043,0.012182336232558238,-0.016620851851025988,-0.10113003300149787,0.004655370244163273,-0.002368383312040203,0.10304480656362222,-0.018660100561135252,-0.008896262934391434,-0.08115576145448894,0.06820005424433466,0.039847384208052616,-0.0060539326253635966
ENSG00000086548.9,-0.009119740841871659,0.0728115217310782,0.004197248952172446,0.051053621535071175,0.041532142910010894,-0.006103853731968709,0.018553963465463955,0.024002689434508555,0.1051354014658233,0.10754833502754947,-0.01595274354722644,0.017095797355587933,-0.09997975323114001,0.008499055324852196,-0.028422100373487195,0.015459804947363438,0.010701432550685121,0.02713971885440129,-0.02164259628208484,-0.016314910729502,0.026608169504663968,-0.04968950358019338,-0.02473452641371979,0.039074146746562774,-0.007469755765850324,0.01728010546957503,0.04605005212510751,-0.05711555411102451,0.002849453941164051,0.02619266872274844,0.007861073200153905,0.0830282869529044,0.06487798032086096,0.04455600028392616,-0.07452574908400711,0.020775271681435316,-0.06568476317660779,0.012785981501932494,0.060282574849276065,0.033831426012458206,-0.029741198574045037,-0.04310412107402342,0.018694986729578224,0.0665311608224966,0.03623212867227753,0.026163075122599147,0.04761525034712069,0.01755651612119946,-0.026552564599614803,-0.010849387187118826
ENSG00000167588.13,0.07168144222881179,-0.033333053711208864,-0.05979507553107705,-0.05882927611198455,0.02306030747586685,0.04647811423747868,0.008329591744419435,0.020192099123568962,0.04029390422954042,0.01618567353611949,0.02618881761547532,-0.01892046346635088,0.0032689925915402717,4.850878787444962e-05,0.016872120009778006,-0.00679308840777867,-0.03354434047204842,0.017258934954191913,0.009066943996278332,-0.011675376533444831,-0.00680658291793776,0.018871299139294452,-0.030810171971400787,0.019051906431648336,0.027262045305305054,-0.005376008606893213,0.024159232989928735,0.021770889018391013,-0.020358194281367044,-0.007380362624214353,-0.006788281016814971,-0.029621305708014786,0.0011446361146658778,-0.0300454887886998,0.04640117940166108,-0.006475195522318668,-0.0013950172732922332,0.02087866931861105,-0.017922487620818744,0.02774094953128647,0.0036413748389764944,0.01399025607594206,-0.023986586440847665,0.007065963517545796,0.01579931330502977,-0.00352440039458626,0.019986366553648906,0.005900865038448473,0.025527556015915116,0.01322524581537349
ENSG00000174697.5,0.07116568726929497,-0.04318730749704566,-0.05645065529397844,-0.05431889049552207,0.02011056684808784,0.009029468085883308,0.01825786497696416,0.010813820397258733,0.05555994662266955,0.010855885163092797,0.0341468364217601,0.017514124050025653,0.00526842610745486,0.016182028581357723,0.03252997698204694,0.0035977383272047265,-0.022929991783006753,0.0004238453152375381,0.004883788197007034,0.006208275226513239,-0.043764272827134534,0.013079338545303704,0.0008028527532364636,-0.02709814254911792,0.011569295242082297,0.004189930120121838,-0.006318549660918619,-0.020942386670398123,0.019968996437888405,-0.01391559261846806,0.01602392512554692,-0.017436821851297038,0.007921687682425446,0.020278937730941242,0.0037907105670513057,0.01198342125310186,-0.030887620818682418,-0.009049386637673773,0.037164577950683036,0.020563430287340558,0.030953163977898313,-0.007542284284948531,-0.009291270883460842,0.018955583615975324,-0.010077691827467651,-0.0037233615101267352,0.0032035229518187548,0.020006285291335395,-0.002534377179081294,-0.0010376332860179748
ENSG00000185479.6,0.04532618869783011,-0.04570148150904338,0.03992712887422648,0.0752971771693194,-0.09065073624641354,-0.009967054201848504,-0.003910976511366243,0.05656752298852377,0.06026221898894942,0.003675372153535509,0.005718895301956554,-0.006751314139581768,-0.0059965575182927364,-0.08316335661190273,-0.014334306564621447,-0.006488767801527159,0.04983012709914592,-0.0207879349874317,-0.0016924519828091025,0.01689917010590494,0.008779915754251608,-0.026118434227707397,0.02790701892207047,0.014090222117373308,0.01058524718233392,0.030043376105568467,-0.036901532636418,0.03511925636829218,-0.01735305708099721,-0.016969249692136066,-0.08657588034091618,-0.008369690553772761,0.003071767023089378,-0.04175809187608438,0.05963683127317549,0.0048099911052137,0.005060002351283112,-0.023367600151417832,0.026476505567399784,-0.00551339164801889,-0.004466481641422627,0.020443992465265896,0.041705476580211696,0.009528908881031079,-0.04959831165689083,0.04259863904437593,-0.014778639560617004,-0.01951672365737606,0.00996557264671163,0.029539561056035134
ENSG00000164128.7,0.01751538653448359,0.007881327970274079,-0.06288407796487647,-0.01250450422999616,-0.09664524333742014,-0.009136666200036322,0.04510529349026477,-0.034970177207655204,0.08170610565831615,0.019286491551889662,0.017017104358758008,-0.0245160211339003,0.06820548464420922,-0.0316745908358668,-0.0055147920630354745,0.08116035412338378,0.010675732380883696,-0.12632407410203378,-0.07148557022625442,-0.0881899964249643,0.08487632874050847,-0.02004157511865983,-0.014651361450174746,0.05064409132217546,-0.05175548131244822,0.006122197606124459,0.03659731457341609,-0.10497853781141658,-0.05827041806083536,0.031182216115195404,-0.0384655154192937,0.005957319034706684,0.010642138084882034,-0.021816974118580763,0.04252325794186234,0.007811278143399563,0.013512731601562985,-0.04704824221575054,0.034291483223294394,-0.06170479686571667,0.01072301950421244,-0.013076675283149956,0.006688033763740965,0.019984591363179746,-0.029054032766681784,-0.02800047881107913,-0.03255849224490703,-0.028875198849683058,0.024844358626784847,0.007904210259278338
ENSG00000138696.11,-0.015179894248834635,0.05233389530700712,-0.035130552348414903,-0.004741461815611813,-0.07587778261733176,0.01777333340278065,-0.03602083161119945,-0.042624695125983623,0.07441497448903761,-0.013358045927300461,0.07471985768699933,0.015616618394214259,-0.02211234381624025,0.08949992893646312,0.043587554157994465,0.0657138901078577,0.037962239476341086,0.011743809140642226,-0.006332240589439564,-0.010280210477997731,0.07240920451073787,0.004824087643927712,0.044333499519819575,-0.10344280406563278,-0.07491078501976199,-0.0446505961365848,0.012355164930143542,0.0022206427489748735,-0.02605980983723836,0.016262215943421227,-0.02518451867409892,-0.09016152735925574,-0.11346952182947681,-0.003079662167617789,-0.036338628960197496,0.040531449104456024,-0.037151881327907275,-0.028500042638553248,0.007949358183266267,0.014480036231540188,-0.05802741266897347,0.009289686808611452,0.08818871064288074,0.05329547126941585,0.008441092096629197,0.031356915746448125,0.06271180051030416,0.02693866865215455,-0.059942681357719726,-0.0335556882697934
ENSG00000163993.7,-0.03480636776171371,0.032996852389711354,0.04189606014231022,0.053423325237699104,0.019775099537322347,0.007177103403679199,0.03677467203402164,0.06165839168194785,0.10689031421312296,0.050217794791153146,0.1191558587622089,0.015353985702590348,-0.04649617347803295,0.014762165622567608,-0.03078222547774921,-0.06407533054456241,0.04215601136780361,0.010451312037537661,0.05816016300118572,-0.055397583049977876,-0.009495586643538093,-0.008326567320273426,0.047685447226023074,-0.029879375734655583,-0.02740126068612031,0.02057561678632505,0.0863368691567682,0.015583198010785254,-0.030768876891887797,0.038669142851630485,-0.0005385768118947331,-0.00890592938497077,-0.010817678121677495,-0.02595223680010417,-0.07985564789749898,-0.05357540214223627,0.011970685744142706,-0.06447612594462089,0.0477134343792673,0.10689838579301712,0.05350920976459147,-0.08653313363286734,-0.04038817333854351,-0.00013560538622612702,0.034191034999247465,0.07563811681720166,0.00910156011207388,0.021869409973022648,-0.0033133853381570326,0.02756099205513906
ENSG00000211935.3,0.04898375263763892,0.04862884675196088,0.04908020544984485,-0.026589105962018467,0.0038037684943580344,-0.010307213160418589,0.014282944919558107,-0.010369529784195478,-0.031346674388216526,0.020033279377487723,0.0030417534750153538,0.032365341472473136,0.05833910421850594,-0.02112464845920736,-0.06494425314931365,0.05546256690140267,0.06902403985065843,-0.08715093747582113,-0.07639115554406548,-0.05523158029105862,-0.03438003573563131,0.03693692148599472,0.04288508143809586,-0.041324821191225436,0.08969708536243881,-0.035022117375454305,-0.036869905449666916,0.020240797411082954,-0.02328972787444089,0.02468025132294283,0.04536246328360268,0.03365031727190442,0.0038716214932107426,-0.036873349866093336,0.08105252721232863,-0.009685520126223934,0.04898162269536435,-0.02701677023619514,0.10971649575948347,0.03270919560399069,-0.02175388826375639,0.02975307661221602,0.04027952371663463,-0.0725646330079142,0.04578977166037379,0.05031929378531015,-0.003390058135877719,-0.046754376519153075,0.013160840951169497,-0.05975136447009396
ENSG00000138207.14,0.06659615827688249,-0.04300138637928787,-0.046952687152116354,-0.05497648265848413,0.028457415169654148,0.04333447754419709,0.019833642194608467,0.02922875591584844,0.04436690226516037,0.018896392849765076,0.012701172700587415,-0.015305260925158931,-0.017966142777145068,-0.02151817493031993,0.015492534933000918,-0.017352808023257053,-0.044170023221555284,0.0408559062654541,0.012423055122535782,-0.026923360614603785,-0.002098977397017269,0.03558381255270758,-0.018208702388302796,0.00014524388528533991,0.04981453927280078,0.004297160859266682,0.09334078210031381,0.052034157509654115,-0.02152978632411635,-0.014802028954257652,-0.023835402139522094,0.016457241742890167,-0.030098255652642097,-0.07476454332490821,0.04616037063846564,-0.035515472626302926,0.0028517335947650037,0.00320985060266395,0.0076971515800679504,0.012414036936578826,0.012599944358633857,0.012607017020972697,0.0076114393140792255,-0.0155560352145411,0.02198105854516373,-0.02894829951069756,0.020213627125162913,0.0436638005461841,0.05820740378538786,-0.013628362041007869
ENSG00000143546.10,-0.0015451259976338664,-0.027456652081179665,0.04082223267842858,0.0401843310513154,0.11652687394313696,0.04747659308174673,0.12587689896304727,0.01978517177848526,0.030098827159302868,-0.05325142132839515,0.0074222289569090385,-0.12181448131060989,0.0796467964510414,-0.0512531982398849,0.023463288372535418,0.019800855922530114,0.03467564276546605,0.004033116117992703,0.032599124081522345,-0.009157275752422936,0.026228601917258416,-0.02100851302027154,0.019915444473890796,-0.014875285549818103,-0.025915537733865877,-0.0023388464906434424,-0.012979751216271035,0.04561652616595119,0.009608715038893238,-0.017797390430689734,-0.0005807298736356723,0.04179419155919955,0.04363501201478626,0.002187229838141651,-0.021583886200635737,-0.034631092103524545,0.06262710796039209,0.005302868519186011,-0.014070904772673648,0.06436569472284567,-0.0459489295837807,0.00299594850566406,0.007707712731823411,0.029265068176999722,0.023532696983197546,-0.04738973423317725,0.05107715071702229,-0.055219305429975746,0.017970913148819236,0.03329957206505935
ENSG00000170373.8,-0.03161975819979803,0.07489113815667282,0.0010605946399408382,0.005711410433818669,-0.006033091720664898,0.046167102366777846,-0.007691024586943531,0.021481779111877455,-0.04276894382567954,-0.11606855724222731,-0.04225619622557596,0.009481982328821328,-0.0462144290564067,0.048476588601130924,-0.06752367204245836,-0.011881919564405178,-0.011124565994153325,-0.01260198970874021,-0.0184270894054725,-0.05128427665983566,0.004124347964749281,0.07811587259396406,-0.014668798053368555,0.025864808540230263,-0.05011901655432779,-0.005623864001574738,-0.029001758742808862,-0.07921069091865837,-0.023501377765563016,0.06428273868861738,-0.006556182739085604,-0.03498468342804145,0.0031099357415610572,0.05983896006109855,0.022189135283968733,0.03582721865856593,-0.01079676923497049,-0.05456028662402811,-0.012473646418538535,0.04111847290555657,-0.007096246767237411,-0.05732053102613208,-0.004396499095437539,-0.06158065488247593,-0.0563698780109821,0.09274731104753359,-0.08576790043797625,0.057475458648379836,-0.11937787870401972,-0.003030518383798394
ENSG00000189058.9,0.04024104429754811,0.0211324011148242,-0.04665447430322146,0.008181164883063457,0.12387556058833413,-0.02110611187640476,0.021809716892825223,-0.0033150270451296968,0.005814182784358913,-0.021346746124938993,0.0106926725091687,0.013004567256200562,0.09959486654500317,0.07363913407962315,-0.06091443291281251,0.001783123797196689,0.017394280292298364,-0.03603580526301771,0.012300961421522538,0.025191321920437916,-0.049296601465466286,-0.08342051615734852,0.07039742030913913,0.024575763648515863,-0.007911048601841709,-0.05422462109961412,0.01800475213189344,-0.003207661918964332,-0.011016640656216853,0.019971388355448923,-0.047656595126870635,-0.032838382898623446,-0.03106425908125396,-0.02500805928940958,0.0007569345376353777,-0.03784378221589551,-0.032187096587280285,-0.011105820923692113,-0.08165989060829097,-0.00787575731975332,-0.06267914073868451,0.028360421473608417,-0.03184219707253816,0.05951255819115044,-0.052093240659421516,0.0406604196444406,-0.00616394483692153,-0.02277197014459881,-0.0044032834872516574,-0.03834233384350405
ENSG00000134827.8,0.03138944000635971,0.020706776037852013,-0.01415210558340917,0.038869726586884576,0.0037214338581409994,-0.06384506815784079,-0.038870444576716894,0.04423452351175802,0.13691592174867923,-0.01087450134264976,-0.0802114849735194,-0.02187721155056239,-0.039899606932066047,-0.13443600038563353,0.034845091909429894,0.026650997457706996,0.05211188881477709,-0.05051489749061251,0.020784348665768143,-0.009057692012823627,-0.05866671446756419,0.13527107229711482,0.0662511673324239,0.0070841940364132,0.10030326017467911,0.05594330927308291,0.0034063162032611912,-0.037696931750208156,0.01113078720052076,0.030410351432683596,-0.005931651440739487,8.305937838088863e-05,-0.017350209721497742,-0.05104024697860328,-0.08372629436402922,-0.023315581312411432,0.0928727687791767,-0.036111613827270975,-0.0022325085753690213,-0.0539907101350745,0.01099633946546096,-0.03298677657741692,0.025552130357903356,0.037246138203264445,-0.06456678053276266,-0.08249725125706936,0.0037218405709822018,-0.01192874207422422,0.042356905421800206,-0.05825402497518672
ENSG00000096006.12,-0.026856642347294953,0.02501288977881677,0.011145852353426047,0.03373255391308845,0.08295871259496979,-0.004958527384554747,0.13408651197989668,-0.058047155835759985,-0.04882605532904193,0.029275845840997492,0.01856607351461917,0.09845153895680908,0.004560504941087532,-0.036762050290031406,-0.042592061003147226,-0.0016987608401011392,-0.025634031677600304,0.08606097079115786,0.07818159308730395,-0.10983449669897909,-0.056128903686312195,-0.0533181207300716,0.020733265684028668,-0.01935853959054419,0.01758722763100418,-0.032255993686422985,-0.0484847829652795,-0.012887795406382855,-0.11400689742752174,-0.040175753895333705,0.014441796927097699,-0.004008888468869727,-0.07020860394015017,0.002759255485890648,0.03098438130655234,0.012674781741728584,0.00046782429317819964,0.007783867000423278,0.007997530611750426,0.000955107823662663,0.0183722387476664,-0.06061843349834827,0.06769035184675688,0.10113224231640018,0.03896489340927501,-0.008241012433380237,0.03594623511218328,0.049590867512075885,0.00798199798892303,0.06518893008522683
ENSG00000189377.9,0.004784058699177456,0.034450974494692525,0.02334262247237505,0.04708935557648531,0.102157277816159,-0.0036621419591187357,-0.028750066877452372,-0.06357546939948878,0.11289425083322445,0.10730566527404728,-0.0017298158932713855,0.006050071835728469,-0.033139015021640225,0.06305329818009897,0.06979544150550147,0.017009371589472987,-0.0051519992267510285,0.0034820691490091505,-0.07680332307405775,0.007499713141689069,0.0005110756494899259,-0.1287256020129453,-0.061292777192202295,0.056611907968144415,-0.047307219945024855,-0.03512564527118434,0.04880785190412071,-0.03455908556635563,-0.015874906521615894,0.028399654231922675,-0.004872251679238851,0.10854462559986852,0.05943659025601488,-0.039601645518259655,0.007034692656346531,-0.008639751723580183,0.0008545893588108458,-0.02689342769199033,0.08629573161971521,-0.014647237022134971,-0.06317538089883588,0.014117633492776947,-0.008421287720477122,0.0031576304589654935,0.051464826655477025,-0.029432758562770063,-0.010399500616108047,0.03570751285079297,0.008612388364527749,0.001947514919983892
ENSG00000223808.1,-0.02873813043631228,0.06629492105557085,-0.019574823533823896,-0.05215532156990615,0.009697721847451494,-0.05228763519081331,-0.03248439621847109,-0.004490117111226287,0.08183750738651023,0.022906345784110833,0.08384210355012868,-0.08776866149141334,0.013198334767534238,0.01668060034631377,-0.04678333268971781,0.09652732775513981,0.012856223480145918,0.011322895555761003,0.045919236482015596,-0.0203568932671954,-0.010943635575471353,0.05043122290807771,0.0018900934897047208,0.04028362041141701,0.05293542216753391,-0.005344818788752578,0.06281737779469904,-0.055553366295720975,-0.024187982391931234,0.010176187373879425,0.01581175522270223,-0.02131079755911209,0.056012453061508045,-0.07625001579912294,0.06318577699705137,0.03137817609505552,-0.024528812773530896,0.004704547128604756,0.036089567513902285,-0.008080369868508783,-0.033521927376296785,-0.013573220388271436,0.007120635283968692,-0.060975758569066306,-0.023004572147597987,0.029038690699135256,-0.008057015257251823,-0.010250118758150373,-0.003969262315937151,-0.017042777143768326
ENSG00000173432.12,0.0684288190821065,-0.044054954253028515,-0.028049653763551896,0.013061208170656086,0.04202296620580224,0.04875055672350556,0.045254055648683573,-0.03588247080601894,0.026918107056496884,-0.053153471990256135,-0.007119310840643207,-0.012887904029834961,0.03264988943120088,-0.0060225914327604445,0.03338565454689807,0.003243583339011194,-0.03866160115245043,-0.007061596061615391,0.0723955305004505,-0.010592422387232082,0.025414211797063588,-0.051948016976948556,0.04650007191856429,0.09075759547183693,0.02007723638295764,0.09832175097680503,-0.07244083844479593,-0.0008362368568801281,-0.010020670574313892,-0.04227108741438219,-0.08258721643329608,-0.006836626179574559,0.05584047454932884,-0.043204942258054,0.04158130019009023,0.017273628565696607,-0.009014539254888203,0.01143941472215237,-0.026389863897608234,0.005660433169539809,0.040938257886226286,-0.03806413568054399,-0.015161181127035298,0.036044364999862875,-0.02087798875557811,0.02801268360691438,0.01046213919865652,-0.028978758079616317,-0.01880361288296401,0.024452186251928604
ENSG00000186832.9,0.026223657617342997,-0.06462270263165878,0.04440939118260808,0.05863894266422222,-0.06241732754385942,0.011112618511817994,0.03799210648289699,0.07888911112511919,0.04715508013530891,-0.05696540314177681,0.10114146178147619,-0.036528132185922296,-0.020418694737274447,-0.017820366452219336,0.05300801430360372,0.023281222158447433,-0.02034510102019189,0.0221784513051014,-0.030471469551139392,-0.018285264518094695,0.030181172640336592,0.034378049899103244,0.025560812968427882,0.03181645168152849,0.029390898813974383,0.004783093175218712,0.03424240826286491,0.004191853747866462,-0.009675094605996363,0.024463938992966158,-0.0442978044070127,-0.033006465018157585,-0.010829514979181236,-0.02571587299578014,0.042864637213536935,-0.03910948739538042,-0.015457653178442228,0.02783477882981209,-0.014953341270619962,-0.027041373736300413,-0.03701181349532166,0.021551198222769675,-0.022606274525612192,-0.029425128572262548,0.024099625892487545,0.016795690236786766,-0.043674454058293094,0.04017116636503929,0.01881006537958297,0.03151019080294176
ENSG00000102837.7,0.04135284973319608,-0.021662207762963147,0.0007645696818755304,0.062233362364604035,0.03744604346840982,-0.014069907522395807,-0.014484991108815867,-0.09514687957475172,-0.051263633180359966,-0.0007119834586216771,-0.049318423730125086,-0.054570703392459084,0.10200187853294775,0.026466419788953015,-0.04294535438249041,-0.09894989825907104,-0.016133792008880495,-0.00013137355498370708,0.09509611285775356,0.08020312402331936,0.03388719018101039,-0.06403591443383874,-0.05011278922728575,-0.026928185637150916,0.017535900426808557,0.05851370666834431,0.044339373839021964,-0.0682572690098433,0.0021806312494334276,-0.025426156098994134,-0.001709781632325572,-0.09408619245450685,0.07601440440829377,-0.014738496841663576,0.022944865163567543,0.05063206486673694,0.08091748990215543,-0.060081126501479204,0.03755406918832756,-0.003153759028391413,0.0704244216113149,-0.021065441843013774,0.004237943563856754,-0.022874514542242128,0.024267381004300898,0.06754650081157328,-0.002529100875522545,-0.002970126978520155,0.13251094421117665,-0.03908530461779591
ENSG00000101210.13,-0.030049436176424228,0.05104807492404565,-0.014294807213322788,-0.00567825324821647,-0.017546879115146127,-0.051312063803206416,0.07943436521461411,0.10281948744444575,-0.05301653082646872,-0.028102250723501372,0.027529379749412542,-0.020876295511825283,0.06177531023302059,-0.0007686081297602238,0.05037160757259133,0.06345594089553792,0.04022606310492892,0.053812101132495856,0.15122609555870695,0.025883671018682032,-0.0644451878492156,0.013292430300031573,0.043754827140628456,-0.051150553160423134,0.03359715585034875,-0.0028546175860332504,-0.0703204672578751,0.10266938944739538,-0.017982715171894575,-0.01523275918507117,0.03399458199791132,0.03353650774769845,0.0057775189703237004,-0.018192073561825887,-0.02533001020044968,0.11373331797449779,0.0041147776826378655,-0.006444127604583428,-0.03280893857405874,-0.046630817603771385,-0.027766573754868882,-0.05857085324546872,-0.02955051858236361,-0.015976886320500115,0.11260753616398185,-0.08075013504494243,-0.09594787641997356,0.04778234981207545,0.04706003935517983,-0.008200416102080275
ENSG00000184811.4,0.07501929159402325,-0.0296885153769027,-0.059232450820699944,-0.05999124356980119,0.020703335171134447,0.042205657002713434,0.00011417503995724339,0.02080740962936396,0.03700898314216798,0.0164827015560037,0.012758321949604214,-0.00018782136897749324,0.014728304401218681,0.011574086070243359,0.0077765582712393646,0.011844801309978278,-0.03760976156956719,-0.00406619055670627,0.002024175443586545,-0.006596359138673121,-0.0034006384559167237,0.001715420463133833,-0.018468218980759794,0.011687681671221006,0.024947737743447124,0.004281927717927825,-0.005515220549845145,0.02913704099414571,-0.016694576720696575,-0.011226391170159666,0.005418845291437012,-0.017027590560433428,0.01034165521964335,-0.01015729034270945,0.034350943902883596,0.011775641628783801,-0.008691517156969872,0.01962900950364687,-0.002982606742183933,0.02549355419973257,0.007436264571718478,0.004670315955950622,-0.027110678679420387,0.022228078670158864,0.016207871123344736,-0.008287358325489432,0.011260212639848721,-0.002414994612021686,0.02357498353473446,0.012610341702229704
ENSG00000196616.14,0.07544394144459066,-0.02884387413261743,-0.057932706762824096,-0.05565998743036901,0.008833320678655806,0.04495491756754906,-0.023089737440921188,0.01987863507041125,0.030354849817925682,0.015164268257204055,0.0075961948037109196,0.004044792977436307,0.022517826002922497,-0.004652385951894064,-0.02629416136603918,0.00900904911041656,-0.027042515355036698,-0.003643333239138339,0.011083059372088538,-0.008439725005353711,0.011446364472924327,-0.0288522341377375,-0.043821006695513046,0.01107138091253896,0.008900139319420724,-0.019580452180179057,0.00868913644842381,0.038210267241197436,-0.02197559457970126,0.0026780014055279027,0.040748513746737776,-0.01133182008087438,-0.010589370626227635,-0.011507920101899891,0.031476415104756246,0.028534991090104184,-0.007861450804755667,0.022668872493409244,-0.0016313866965089077,0.013645320976381674,-0.015785397161078,0.025897786614031693,-0.01950825080851935,-0.0005102030059491255,0.014736903392490144,-0.001414137557963476,0.01844461992490364,0.003481906684201873,0.015677880193519653,0.004871865162519023
ENSG00000123500.10,-0.040299947682297006,0.06279213251648272,0.013545388872347845,0.03863501209689649,-0.028666976958349393,0.11981265048256406,-0.06796573255464575,0.1074225277454287,-0.059004705373913675,0.04555759837015744,0.025213278475432914,0.03950376784893276,0.04617477254700902,0.013875749024879305,-0.012082033866659219,0.0020166704359218775,0.02184147600395529,-0.0020714826148855252,0.062486545582646415,0.03509486438053525,0.020566392060735343,-0.022215502852786045,-0.004501965291033638,0.004782568121802411,0.014879058842045292,-0.010589639605594938,0.0037337712092673837,-0.029502758511988213,0.0036485031751906346,0.026172397514122876,0.032142079365492744,0.008862322754238683,0.04395271527973313,-0.022579515071554594,0.028226035826436065,-0.007125511066782804,-0.018947500431296463,-0.015357070783373224,-0.013149438748066917,-0.03583890396915719,-0.006600907279331573,-0.03126019568466787,0.030974128041209165,0.020791688369012414,-0.05601244053906553,-0.014974289692609782,0.004071455664010875,-0.018691768733456505,-0.02339465403667928,-0.00656366787361596
ENSG00000131771.14,0.019647030404852186,-0.044527674974792146,-0.012854717394694012,0.07801397499849316,0.0704948890904248,0.029149965787658536,-0.056564634518086646,-0.05325700547786455,-0.03347141640095204,0.08679355515985729,-0.017184211189556504,0.039396301773524274,-0.008463980211356553,0.08945380462461178,0.11459259989486363,-0.026870385879665188,0.04477906448033632,-0.010795635539731249,-0.004643467892447502,0.03013001942885449,-0.01574378425471547,-0.07221129777535634,0.050117902993575325,0.047737019432673146,-0.039529642342276565,0.005236207453077567,0.015667584956838523,0.04396812785111839,-0.037659829419615924,-0.03393321145057419,0.00013951750981637054,-0.001019787501178431,0.0049538134800457285,-0.06798520814061755,-0.08439035418187722,-0.023220293762119676,-0.02114308936102311,-0.11566951174963672,-0.02964001778825836,0.034070790338346646,-0.02237703862107886,0.050376926477254266,0.06877602893597162,-0.05410405495867269,-0.003650703465998381,-0.018367868702029565,-0.02580912045815815,-0.0408725219916221,-0.024018343339451877,-0.014033669890212864
ENSG00000162989.5,-0.020668432592431653,0.058443031682408185,-0.014845190366628163,-0.06525885634266892,-0.047641513621733585,-0.08391535039021966,-0.0009835826578316134,0.010792118220391334,0.09378702770669889,-0.043723326983076904,-0.021633385332639588,-0.0837875395190658,-0.009361395714212298,0.10846671320674896,-0.011371415031772844,0.01842914933064015,0.02086319706613882,0.02099490851888953,0.06682577801760224,0.009650774839733417,-0.056140138150015624,-0.04405656156529134,0.03570030289221783,-0.07104212445161003,0.027668308371565014,-0.05644703010513944,0.04718564675651724,0.03494043159411994,-0.031424802867885064,-0.015015538626347736,-0.03996236406970565,0.04845013249631721,0.09019472766145814,-0.00410829550629881,-0.035799254463578595,-0.02245153177564546,-0.00209457812177358,-0.015041943997435752,-0.0054536143408573995,-0.031406119402856786,0.040026867465973164,0.0291339107357766,-0.03972661269874749,-0.03032830227435401,-0.04641877384659501,0.05509526199055007,-0.019142906489287983,-0.009056162645892195,0.039932726138030464,0.029113585540228668
ENSG00000162896.6,0.04851441259939139,0.009150399799579333,-0.016709810751796773,0.06064099337075238,0.05983302789475112,-0.04047724752474867,0.029036769343356503,-0.14024626344763236,0.01935777550799141,0.048713790064073365,-0.05987189836787939,-0.006202988162123241,0.0052428727568955575,-0.09138777888389513,-0.04908238288665194,-0.0012132779618044035,0.021444848101077173,0.0409640749539724,0.011993003598600347,0.03424469612479199,0.03282624905136905,-0.018199479551323873,-0.07191193131059816,-0.010464084218659974,-0.03758133350205936,0.02731449110096608,0.015314308805101455,0.08177831533625848,-0.012594033648111692,-0.06373475624153391,0.029285019039058245,-0.0062368092260219245,0.05705301195948804,-0.049348357711018434,-0.06445896818288199,-0.048204352092409156,-0.07777946205675405,-0.026048584992851603,0.03693889361013381,0.0011398076086562411,0.06452130449999466,0.009579260749787,-0.0016962728551513542,0.011648823996013693,-0.033100005274740656,-0.04868324578325583,-0.057114648147873315,0.08361202942624203,-0.011484630950809668,-0.06169742027256439
ENSG00000282639.1,0.05694459069064058,0.04563457694404488,0.034593971986997755,-0.011695463976077068,0.007582856983735502,0.02309786583126701,-0.05361203508443341,-0.044894194299003355,-0.033672746230456296,0.033346629321352995,0.03697489049494131,-0.033488755184084784,0.049826446871363866,0.03052667725723278,-0.06256608497405124,0.006582092175100104,-0.06684488004196786,-0.02818315699612728,-0.04302032720456362,-0.024262741264039923,0.04412946893792948,0.0010915656778826995,-0.04833557247772585,-0.08658324535886468,0.03232329307235651,0.06910675081877717,-0.009737002990672127,0.050690560083553896,-0.016711841441782227,0.07414009592422342,-0.023559584646463586,0.07743694122448302,-0.04393875879048413,0.020020468227073693,-0.03978187244872792,0.054431899049936526,0.03854847615101879,-0.021935044278423577,-0.00763394737187185,0.019672313688634726,-0.06463795156280143,0.007952968281446367,-0.06144214879905295,-0.03746708848681701,-0.06040892628382956,0.11299519879557751,-0.06893018361471807,0.04836962850784485,0.01676471250136256,-0.037196812868926836
ENSG00000151365.2,0.037531818821370584,-0.013941826109247827,-0.051846853680991144,-0.046361311936142915,0.05089793863516416,0.015345731157055358,0.10969964579524802,-0.009599728081184975,-0.06461131392117446,-0.10101660618253286,0.059818447949458294,0.030394790696876384,-0.042338216874322605,0.07412734571899618,-0.011109697419990601,-0.0421971008791104,-0.010300073183125352,0.023733996775001515,0.052526765640301766,-0.0423247776591906,-0.02043936428869334,-0.05236070799734711,-0.027954299387121677,0.013924880961391332,0.03233731739704819,-0.08436336954800065,0.048995134054085315,-0.015034759994824733,-0.03403989063721541,-0.011648483644141991,0.02926659395935412,-0.05458245521169662,-0.05692499751807907,-0.02981883881769769,-0.022852441419507,-0.06025966582086939,0.021885622674504373,-0.04407830334863088,-0.006264179252503495,-0.022606393222378587,0.05460853847237222,-0.08374833580585742,0.00635103934963965,0.018192316691628088,0.009574219046919522,-0.006535867695988104,0.025276346590557552,-0.010311824734786432,0.027173907551525624,0.02189385877300108
ENSG00000156234.7,0.007646026701701631,0.0301410910392237,0.04269498964621223,0.027515203318669006,0.0047332128683836615,0.009751598558826,-0.01639704691792356,-0.05037762608006663,-0.04085939697044007,-0.11168797246756797,-0.033083043288506045,-0.01253331690979534,0.042889998072385103,-0.06406506151934438,0.005905400951694169,-0.010131886133452533,0.04216624162140684,-0.14741640633136618,0.1160433928734596,-0.03375790520032081,0.07827849013845443,-0.12092148459084254,0.007209459968209574,0.033060403878264956,0.016987743750145633,0.07005475856246324,0.04263838611999926,0.07023449891386908,-0.08618941435714489,0.04318619014449698,0.049168379990087836,-0.004559450194393737,-0.03613896016341493,0.03312974009840668,0.06980332458847333,0.06596379530448472,0.0668560590082633,-0.05890723987174208,-0.01703316204977285,-0.035273949095457544,-0.028854806913684177,-0.07726835649064728,0.06401907823164311,0.021283172442178998,-0.031714901094661685,0.022837691808230476,0.004452719480571722,0.16861614555496743,0.009620429741798251,0.0012889354809411937
ENSG00000282122.1,0.03046980482765612,-0.006483652990192341,0.05469522281026834,-0.014376313222909196,0.01762064488784073,-0.026282445492661823,0.006380828089145825,0.021750985510651518,0.022054657418375773,-0.03537512311217683,-0.02406606209177084,0.030404654762884366,-0.007228670289271205,-0.03438057569714266,-0.07169641045722373,0.03508797624516089,0.1321668205085879,0.02161992176320283,-0.04138823944061407,0.05423757078796209,0.04945386514103614,0.03125488101200381,-0.1134660142742262,-0.010291897774069842,0.11422599382937357,-0.10023868033305948,-0.06122859893636043,0.027228535188347516,-0.09898274720015081,0.032232677635989034,0.02740206875149954,-0.0966841330022792,-0.024941638360790736,0.0861144455778502,0.08199087159409052,-0.03444714787115433,0.048648635858045734,0.032400622631245726,0.03299242138532286,-0.026551891753285636,0.008720917208851953,0.0626326814592611,-0.06893774158652684,0.03402313312345749,-0.02787858976965029,0.056139340503056155,0.04382688339571338,-0.03214326059721897,-0.01766700227763129,-0.07804625981475694
ENSG00000171346.16,0.05586635476189392,-0.02702622484826465,0.010998437685787434,0.08089162616507434,-0.07012440504161888,-0.028480919796968995,0.01915588494845937,0.018730975418155132,0.06179308074063851,-0.03643490907016759,-0.0007005444468294643,-0.005570283684590069,0.012447243995031177,0.025653086293383368,-0.022862046145269006,0.1006880606911829,-0.015520180695594972,0.037602914497908875,-0.028952962707483307,-0.00458742788748083,0.03529477154957911,-0.060027465295388986,0.043670163008187025,0.07665517859717046,0.0036601080514783117,0.01077857664381154,-0.001134837057885516,0.05156197237514214,0.080098008270618,-0.039522737019409435,0.0009892477745506781,-0.015453623237134546,0.0500409368808087,0.04339190771101424,0.08288383593829628,-0.02638446461893588,-0.03489370113695269,-0.0398735422754224,-0.006835517671661635,0.011837881581222703,0.03251347782151746,-0.04771395166450678,-0.025594301275816644,0.0073218853418836344,0.012373670991725417,-0.03782387035926188,0.022691908710453443,-0.0019168584316317475,-0.003633532559407985,-0.046530345030548495
ENSG00000244734.4,0.06523551748994275,-0.024872831666192682,-0.06692946508937414,-0.04144301698154771,0.008064819472804739,0.006089042314367589,-0.012050270273929948,-0.008645224356350902,0.016651804252279283,-0.006988641971923847,0.021033064436077924,0.007887171937791773,-0.030945452944698033,-0.019417371573140614,-0.002199320290114012,-0.030831235043973174,-0.0010249174481304902,-0.015858472057607594,0.01588438577369599,0.04687081991024966,0.001218259569245788,0.007483808385928572,0.046795173156969,0.027375531924256676,-0.10925653704362331,0.019736656007223678,-0.005706402692453366,0.01095691302601337,0.020282813621747584,-0.031412974472757926,-0.0498347721831252,0.05738510561161551,-0.06645574569694265,0.022432173571001794,0.02785507757474089,-0.01077368280027636,0.016447547083320538,0.02252669647409961,0.029964452591483375,-0.022201016496899054,-0.04493460039797364,0.003879788067436212,0.02731666444868968,-0.009181573870153607,-0.010597054674234007,0.021316356623534538,-0.02510710557212256,-0.036771000692986194,0.005025807232539285,-0.09205810682241072
ENSG00000124107.5,0.03350293821949688,-0.04410244934724471,0.038577382751987736,0.0927564303557756,0.058493288471000666,0.012025013539142279,0.015168076450322367,0.00613344083575515,0.08840390761056084,-0.049538235884426,-0.009954064793471546,0.01727888056949522,0.01841514352135989,-0.037307135116093786,-0.03655974169615236,-0.02914526122394944,0.005943302884357393,0.0022071031628032364,0.07368274919741932,0.049454245681755285,-0.007202716583402765,0.029502672607826182,0.06043977372465064,0.0319591367109938,0.0617525921134898,-0.004809312213339146,0.02653184207732697,-0.036816157747739046,0.004915619301639947,-0.040594212077112224,-0.05506055904720278,-0.03024615749110872,0.013711731800090915,-0.03512016722442407,0.024777807874161395,0.025785851583659296,-0.0316445083920332,-0.03552151123068846,0.039537414872298636,0.022963498845760974,0.04558701858046468,-0.018658077376689616,0.07003412622433607,-0.034110479725076984,0.08082124493311113,0.034979105621512185,-0.008541622129368442,0.0708052696658464,-0.0035047313408588135,0.0439871679228583
ENSG00000129514.8,-0.014102282595245515,0.09586147711161525,-0.05188580725937676,0.023316310927814006,0.03484995264134275,-0.02185303618373847,-0.0003332019484460875,-0.003555481240448963,-0.01770792986546632,0.012033582745078947,-0.037669338166959374,-0.006416256038552253,0.016272078970869935,0.014500589099048111,0.011966048354318857,0.024125475556246275,-0.01263732624203077,-0.018814617690142317,0.027884027584940366,0.028629131448555764,0.011231488059751616,-0.0014060936481950892,-0.014970929900002986,-0.03276665777556694,0.038750304410625554,-0.04547387147003625,-0.006465920620011163,-0.003427706005467341,0.011980753369106499,-0.015999112754000656,0.03898650888130287,0.01983815214749394,-0.043676929376158954,-0.009464217229169751,0.020520725914323367,0.04824416031104609,0.019678666708128983,0.04301080836176239,0.04788127114636637,0.010515110587987502,-0.0006830217848421682,0.020202101225169612,-0.010191676763452673,0.02358695417030499,-0.0017907437083559941,-0.039610269858618916,-0.02258151654974604,-0.026944473338257134,0.025436757009763184,0.033130000015330584
ENSG00000145824.13,0.04277427422181794,0.032797178181077254,-0.07200785547467194,-0.0022926405491302424,-0.03125189846863698,0.0611351408587176,-0.022998413476435057,-0.008740109402961913,0.004330885363970898,0.025994140184176527,-0.010756459527394794,-0.04550152297177178,-0.07319022912031974,-0.022362449748040303,-0.014204298415676834,0.01930935157804745,0.04470095588294839,-0.010543657762922855,-0.09025774048352536,0.021112340018045753,-0.007201751202596364,-0.050279467652957155,0.003127701062658408,-0.047345600104810516,0.10017119656980512,0.086953207798362,0.055750428669173985,-0.07037668237464444,-0.07159986037348051,0.002758749388393425,0.014981803400234363,-0.033948178973775965,0.006194376924040503,0.039453116367391385,-0.0287161765466969,0.0033924470023529224,6.104489380198463e-05,0.016559996669215284,-0.030786857826035654,-0.03597861937867682,0.08639541582531636,0.02830591504899033,0.04128806790646271,-0.03138005836592972,-0.001636349263551556,-0.0017414925180851135,-0.037880139451745155,-0.05672052041466583,-0.028717153241612666,-0.005524939927024476
ENSG00000185686.18,-0.027375363339726146,0.00958641966053026,0.04153905857912385,-0.019505434672686856,-0.036374136732126784,-0.0240691419799802,0.06344991022777284,-0.07455330688038479,-0.0873594285488151,0.0004906434509415272,0.06343768674719649,-0.04018101639833245,-0.00960289665944751,-0.0032205601694085912,0.048925293604115114,0.10736683668149355,0.03002196351466533,0.08460539720530856,0.07593635042318417,0.06509720410941992,-0.01652715944570246,0.05902222430235226,-0.01815649142559071,0.030764565745834166,-0.04364312980771166,-0.15043483719018066,0.08244086339558453,-0.016042561517246524,-0.05315067781974561,-0.05180711286524136,-0.04659852823785588,0.06583730128651424,0.08381167532770238,-0.014321259808030512,0.0417556527488336,-0.005710378915070238,0.07307289094534519,0.0758003870460964,0.029556753439241835,0.020919303292604885,0.030047390506564676,-0.0970728490968663,-0.02438458224639942,-0.02955515991168869,-0.12488656876747074,0.03812343575982485,-0.0495186447305261,-0.0030751394233341075,-0.11838812497305631,0.0030527719904275747
ENSG00000008196.13,0.027075130190442307,0.027793456004036945,-0.04794270371269071,0.0785236676448576,0.05741625968183525,0.06556193047440334,-0.03915307653592139,-0.011703216670045093,-0.07410221698052043,-0.08057990766129917,-0.0027716506696575383,0.0017370388074143407,0.021557362914629005,-0.010027358042541339,0.009248525155930424,-0.009893937369858915,-0.07020209908390602,0.005102513520021458,-0.05627016206171107,-0.05717408802949584,-0.006437943067490908,-0.01268837144078634,-0.025127901761478524,0.05137488324817229,0.06892494690241055,-0.0849130618295005,0.003663925641435627,0.06571252246765068,-0.00781442395595758,-0.08463127422120488,0.016725787193541095,-0.016391293579364974,0.0074488878950199275,-0.046930260364011364,0.04861239275818213,0.02607031214408899,-0.027612285381795845,-0.06626723956515518,0.013003437995346978,0.026093988820194175,-0.00745862973986701,0.037748118172418035,0.0038156113152790928,-0.008465911026633539,-0.010262345127453124,-0.02260575741371637,-0.08465234414009423,-0.01282176005948065,0.04231137818956567,0.031363196185455196
ENSG00000281990.1,0.027933764288812845,0.012690141497468827,0.020594197725853608,-0.020692156210421725,-0.024615334692336253,0.00287444468175134,0.0447107224731586,0.0019557465295174147,0.040509301786706226,0.05988499979944954,-0.002026431181258883,0.07248150417190853,-0.12644282237846016,-0.06099250332724549,0.10137130476803553,-0.10020934161282617,0.06715993340399129,-0.019589071102806815,0.10553306131665025,-0.13601521546629586,0.030728807418686627,0.02091229367175342,-0.020459214995519847,0.019970377132378623,0.02128776036503068,-0.019847077684062284,-0.08989217927425586,-0.010685905047683407,0.08110230403038493,0.017952095036319483,-0.06732154735673358,0.023269598431062268,-0.09925426412494859,-0.06485737338902486,0.012041487852033666,0.011339014670246962,-0.015085287883303392,-0.05416772572542974,-0.039204483360238664,-0.05887049729846375,-0.03950058137178074,0.0668677659990435,0.0031546150900060325,0.05070713125919089,0.1086591288050758,-0.13793419048851902,-0.01597770065465941,0.05717221797008305,-0.060387914540059845,-0.11236395059009933
ENSG00000263639.7,-0.021114641460674207,0.048478882157006846,0.006459172491274398,-0.019845200138104736,0.044668750211810965,-0.11162051453537933,-0.03138697694131606,0.046113585505544126,0.09202634034614102,0.02365104446756019,-0.05180435957864742,0.05641600414455888,0.05209867729333548,-0.05678076302738514,0.08251920822144239,-0.05926754399048948,0.0161815293659978,0.006479704927976718,0.061298042689026486,0.06662461476424034,0.02507432150841312,0.07000547311696893,-0.08996878770409811,-0.054536325867444335,0.05993282508524988,-0.07071708923821243,-0.006518164166775766,-0.10199953833200884,0.03638020220300832,0.03502973824992337,-0.050181752841246895,0.013147587490569034,0.010527909773481885,-0.0485277250276862,-0.00014084644348229556,-0.03920240449044391,-0.004024070507077606,0.008450146901835962,-0.0983842275913634,-0.04245927004001484,0.07083170845762723,0.04290729748819893,0.022820974299108055,-0.003867709577602202,0.029657423962717654,0.08347914829627337,-0.024530780306850818,0.05253025980374793,0.029658366102234705,0.051888938947398405
ENSG00000247627.2,-0.012036151623150412,-0.02716827626946835,-0.03768465965200266,-0.03177835871946192,-0.023785263408473988,-0.03208838012647965,-0.028909474988555336,0.03402104862944026,0.00035915609704421133,-0.024096311467506504,-0.05902855736297462,0.024949840199317872,-0.01982037937168896,-0.025453855980075605,-0.02312415132731391,0.05073115162180525,0.02404838951155789,0.16155924959466872,-0.08488196360475055,-0.06387832023175442,0.06283144790705232,-0.025820948938749803,-0.04386524679099037,0.009112139808763981,-0.008074325435584239,0.048012991275271054,0.07751371520011832,0.002552440936945265,-0.11080551757861719,-0.07899797095805851,0.018216501915295433,-0.16942424085518124,-0.026370039679812107,-0.05474809635766265,-0.03145047205299216,-0.0421263327195281,0.006417577597425295,-0.007588976494577585,-0.08173843683489071,0.08037582327484187,-0.14876512149691745,0.01723106877024722,-0.04388149761624939,-0.10411544387512699,0.014885539590911217,-0.013871503293578613,-0.023288149891637352,0.06632451218648305,0.04130932478156246,-0.03935132806692003
ENSG00000163220.11,0.0026818495472920203,-0.01978123266403748,0.034484159035938385,0.0666735448221716,0.10069503456993559,0.05690800222664639,0.12805406188465887,0.010368602279791413,0.010735949200818055,-0.034251572436174924,-0.004999999478264111,-0.11303060378528437,0.07314477853996301,-0.06254905516368987,0.023493173701968285,-0.02091496408519213,0.030873683404529558,0.044782023285531845,0.03707794247846848,-0.02697951533344852,0.008143518120296886,-0.035480199794147745,0.00530058187301563,-0.0396023013120303,-0.06539461968958422,-0.0052995602385168756,-0.026809517395971354,0.062448954648915145,0.05332691656780561,-0.01650023672387463,0.009947037443725144,0.07126852072027345,0.03037501763993768,0.0004304612147689209,-0.02414337886773063,-0.0019247354626202569,0.06547918148842137,-0.014147685404094314,0.007740986491078157,0.06365393599919958,-0.04800063252330405,-0.008803749423958378,-0.011269232033545717,0.03178946894955408,-0.016983682541622677,-0.007219690430766058,0.03338870884930925,-0.03533205818490679,0.019224734272191114,0.06764207112544558
ENSG00000189334.9,-0.0069472592644496236,0.05361220041179407,0.009881757063184313,0.07979891714292572,-0.030457329109373706,0.06301725593271987,0.07526126831048509,0.03424017004295089,0.02309944304397506,0.060397348504104505,0.05992226547082838,-0.03917681605309362,-0.10631279165231657,-0.026627963547581804,-0.09175834824236129,-0.07675762610775609,-0.06949611242565648,0.03095142664081222,-0.03262485546988763,-0.027611295438473623,0.0020036012093275816,0.02791971637454109,-0.06866879686495256,0.009083480880906209,-0.0689023959315766,0.013686469593572313,-0.010685270875228968,0.04346426473057664,-0.035430889320869005,-0.03626169516655278,0.007233589066880349,-0.006561241541099337,-0.055944120717725324,-0.016122465990094183,0.045248067197543616,-0.012798385874211888,0.04084875377507113,0.04140842676915766,0.061670060138674584,0.05313276249721524,0.05151104513783403,0.006621858992849187,-0.05706641626136749,-0.05896742131562472,0.02990624474409323,-0.009867383620873386,0.05228784317503273,0.013128145248167715,-0.025404637076396112,-0.00822284120476559
ENSG00000105141.6,-0.022179420302891998,-0.008745026843674637,0.055252454858564476,0.04003885770770776,0.0587817421367853,0.04277660281575516,0.10445360047290927,0.0530715543605695,-0.02453488819769517,-0.0522637874738294,0.0643846830674658,-0.048500317631353394,-0.01945085721553795,-0.027997892449979727,0.0414630036360555,-0.002836706542468724,0.032930013870309666,0.10952952199132564,-0.025705581221368286,-0.08026272795335651,-0.05517718579121054,0.04692749884286903,0.048658624987778905,-0.05736054875669928,0.041309108529308726,0.032268324635337055,0.07800722618817704,0.01794894976646597,-0.019679328671859234,-0.03326808216445533,-0.021661978096627666,-0.038884741492682486,-0.056117814246529,-0.00487361934319107,-0.02682241552287495,-0.07627119994741573,-0.03831079396860703,-0.05920157882457974,0.0946931669390623,-0.05522351973422907,-0.002973588671665248,-0.026876195793727322,0.1259570287171471,-0.03905060942544543,-0.03230598218436645,-0.058351908142557626,0.05376389551610547,0.03314416974838335,-0.036680478391716564,0.009939600795129738
ENSG00000156689.7,0.01683555362628398,-0.03210519929212041,0.031956021196153,0.08716418599736712,0.07518136797284658,0.007088709917013083,-0.030729630142418272,-0.0499935171430274,0.0029705706298509497,0.0051325577951772325,-0.02458024787150265,0.05370900965465137,0.011646734720472049,0.019819450256664064,0.00331799626793122,0.05337863131731284,-0.07755672334098472,0.0005500026063814766,0.05294485537324511,-0.018839871217394215,0.07338620249764587,-0.07493227629568329,0.10627243430210857,0.03404180567121302,0.009031314774904802,-0.06612265596647166,-0.026529646801966233,-0.054061779796296235,0.05871105122272252,0.011717325008463828,0.0013745357287401716,0.04025168530234173,0.03339799848664058,0.031402911306267274,-0.01150366879931022,0.06888234072000626,0.035334585549469846,0.14715449372233083,-0.02576135665379834,-0.07913167664623193,0.0689255214496121,0.09571600514479643,0.009386937022666762,0.02298167295173973,0.09864024821971351,-0.04336313606429769,-0.04755946100736741,-0.019907253122480595,-0.09911015248562909,-0.006611055865897966
ENSG00000151892.15,-0.0022025565653566665,0.05915268782994341,-0.07410164385098135,-0.029393467493603765,-0.04079623333746457,-0.0053887952101799525,0.004170354021301292,-0.025621750788575107,-0.02737336920604037,-0.0322858402067205,0.014357191439007499,-0.008115838288989286,0.08224814252676207,-0.0035031354385092004,0.05654702440318768,-0.004473266510192567,0.005564812742131703,-0.051336900829175997,-0.025435457623510682,-0.05644412182710107,0.0033855215947900434,-0.04410610400602783,0.018555222482724152,0.035780785028175915,0.021393839519184395,-0.048937144867598516,0.025175426972972925,-0.03250878297183794,0.05918103408935319,-0.01817448339029722,-0.061829146732010044,0.0632868776954785,0.06259315508098616,0.09368625857406296,0.056316335551188236,0.009257567673820888,-0.02070524177800964,0.05225753637462378,-0.022057266729709167,0.0386158603177133,0.013948031376225677,0.014067833233101505,0.09196992759351146,-0.0008775773293565694,-0.041987808295586494,0.028494930123455588,-0.010626292486490439,0.02405588326765955,-0.02789615295848716,-0.027211752447825602
ENSG00000099953.10,-0.04790638372064249,0.06493476663312267,0.015262905384024701,0.04136183948635488,-0.0361144640450578,0.09612328388450599,-0.008868204717671808,0.10635747531208635,-0.04923034969472865,0.016676515546889058,-0.004667490142243855,0.01879805379275361,0.032968250548433456,-0.02061108250805437,0.04802690974443137,0.045965015529009015,-0.030994363334965747,0.020441887148999662,0.017050029482504874,0.04198878820880657,0.018521665252340964,-0.0020875676034998263,0.021513084408281452,0.00923677147544712,0.05834431381120629,-0.008395921848881608,0.0052569574032117405,-0.04324821958815839,0.0027173407674556506,0.02576307365963642,0.03441181295641262,-0.010603099497530443,0.04848531900260792,-0.019995330456054405,0.036882099602403545,-0.014970143033689943,-0.031213719458512132,-0.02845122886995471,-0.058174898000724944,0.013893218705740545,-0.006981209179977787,-0.039943935887075205,-0.007844104101448111,0.00930883008224069,-0.024875027335999125,0.03784923284364828,-0.0077498666976158715,0.0006872728228944501,-0.03496286045409453,-0.04616276008409606
ENSG00000167754.13,0.05542010914048189,-0.040539465564868586,0.007192766103608619,0.07917780322343561,-0.06003675897974213,-0.06515042503029547,-0.009815607542516817,0.07058106574611026,0.010430056171525632,0.024662401504228618,0.04472666279195747,0.003016080864714401,-0.002304553645315943,0.01640261321302765,0.03393493582893454,0.01012004740475879,-0.06638154683588546,-0.062298615656316524,-0.005520404880016011,0.07021894917860695,-0.04532172189617692,-0.05930544052045886,-0.03695020371485116,-0.026783352337174982,-0.049441671816734416,-0.03473299803733993,0.0008359249763989756,-0.06598521780442267,-0.031825120226977144,0.014746672366775142,0.015684087129427263,0.0013352392386235458,-0.006938423154157274,0.014393034460947892,0.04797660560870568,0.023422522194601825,-0.03812538760051935,-0.06260194515387783,0.04689026809953743,-0.0033956074805996475,-0.06339973634555601,0.00562541033987776,0.036691999922896644,0.040974746953382664,-0.013821486913642236,0.0053067484003097905,-0.014474022456625853,0.048146686382746405,-0.017195858977346892,-0.017798982285195712
ENSG00000169900.8,-0.00485755474380697,0.024137766908387807,-0.008463372665429783,0.05479282116406242,-0.0056090302365475395,0.09318572135900498,-0.02098666056860189,-0.03357957159978826,0.04191066026059417,-0.05141554239921466,-0.07793379213723124,-0.07478982055632598,-0.007453086101992472,0.008308358682262847,-0.031004713089683857,-0.10707315726670644,0.09788789702689882,-0.00595439656966754,-0.04571401057240974,0.056749886181982574,-0.05794557909573605,0.16796793374461275,0.06841935465341431,-0.0400026676447337,0.060911639157631134,0.07335119236657202,-0.05554226159487764,0.05163308855036899,-0.10234873481811274,-0.011499311631445021,0.024111839428719466,0.10123847876208615,0.07266298190699058,0.03056257331253079,0.0638469793127715,-0.013600755103592276,0.033444452733515005,0.01660568946543169,0.08853963859707754,0.022266702325733672,0.047265610411916945,-0.10857926361491971,-0.059618584444958385,0.027169909593435015,0.017287821682869155,-0.009364085379186794,0.019580487925042807,-0.0351797394973018,-0.039687379425674636,0.006159419142170443
ENSG00000157765.13,0.049159965148277404,-0.024583523932214486,0.030171455901396586,0.07006174656013685,-0.05172656870541226,0.01940151851184701,0.019803002493457237,-0.02167862873200107,0.053874468145168844,0.0043618903732269305,-0.08067160387536504,0.04825489966290076,-0.07926252971714155,0.01645377082025478,-0.014776481252983408,0.01256613823015293,-0.04826124164047287,0.09654727955971802,-0.03613558685205945,0.069942348957125,0.08746979769846074,-0.07812467746875881,0.009289827977800287,0.06742385841536028,-0.020384388971514327,-0.01648116882265195,0.05448348891283457,0.0007370449747445861,0.06301910656590327,-0.007006341234833835,0.0919746037741223,-0.05582109091375339,-0.058334264878465235,0.004092994829685929,0.0018943821319249393,0.04709410331067653,-0.012123124831207966,0.047438823382868756,-0.004979715884852316,0.007983088401427018,0.037325499533471355,-0.03998891441765342,-0.024609863575130068,0.06281865732041102,-0.05905582787015451,-0.02206137548314576,0.01188874841671387,-0.019480843382182773,0.036297684741752684,0.00891159443512059
ENSG00000105388.16,-0.016712222235359116,0.06574088182920683,0.009770594203610714,0.00557086086196775,0.046496980227751304,-0.018789341248365676,0.023021005919615905,0.06390420051759665,0.10619957251788094,0.0841981087561448,-0.016263708133714007,0.06392992180890457,-0.07732702727918385,0.039422729681324646,-0.0398458518206486,0.08832704427156249,-0.031916825529338076,-0.03243339614852962,-0.0344010682530807,-0.039793880213279884,0.08116628728964469,-0.05089558290897983,0.004819013221031984,0.029923420168049154,0.032356863279699395,-0.0016597596146343389,0.04802306911146425,-0.00523443311961886,0.0016293798615072443,-0.0029474951102244473,-0.013697695484548036,0.08805743325893681,0.04566670361768782,-0.02581244712480642,-0.04486043036319374,0.024817910195847937,-0.10203165822402317,0.05792827196446581,0.044246737488777325,0.0795584295311611,-0.05260190992366197,-0.042666719834555895,0.0019019567638172432,-0.005270200848426924,-0.06464480342388222,0.023584597644514586,0.09182343746592264,0.05755103573973109,0.024868988824749066,-0.0383564203080259
ENSG00000100362.13,-0.008316235175625021,0.05090884597109691,-0.019404256021702912,-0.029120514495120414,-0.01760730190892225,-0.08564568259478574,-0.06346501678797298,0.03222743922313666,-0.004162726532863539,0.042980715927622884,0.05343871934095706,-0.1048633238189465,-0.00811704679942894,-0.02855754179376444,0.050852623108165754,0.012455203888138108,0.02652270510619811,0.033807513097797094,-0.03301993986245763,0.08363789987435413,-0.0054753267433787535,0.057736767376713356,0.017563513080393587,0.0722522908657143,0.12335146050417048,-0.04540013719990584,-0.03683407977947933,0.033453091664325724,0.0017415888802094666,-0.08217662426784356,-0.014371908160675953,0.046566988671333395,0.008976947745303611,0.022335984274958066,0.050282975381156614,0.05836578490017358,-0.10256434468638002,-0.102403145997837,0.029872513378738818,0.08565192529219884,0.08681001235987254,0.020909799706531774,-0.031908561802876885,-0.004994686117016124,-0.043578402357309795,-0.10970226121282614,0.03318510934382345,-0.015033667997813376,0.005742463906079035,-0.00208436363824288
ENSG00000175356.14,0.03424752382605369,0.057566242119538674,-0.07303704969381608,0.02889674647390748,-0.058189499891586303,0.038819203367863785,0.03596700794554314,-0.0014094482244891573,-0.009679074873992985,0.014872577483224066,0.007750943422706237,0.0023694571638765856,0.00983926583280412,0.037268430902290074,-0.01441732022435273,-0.04860178605806024,0.04278947645421969,-0.04853348676846607,-0.012095050317815915,0.043162240103752685,0.05032399551142933,-0.00794737602773592,0.019976581160724143,-0.012982243354444735,-0.015324204288373302,0.02019025859493887,-0.003874373274916995,0.0012350755281809063,-0.03960225031410478,-0.0062302212798922545,-0.03100647107528318,0.03051599505764947,-0.01789490034611751,0.01004068589217115,-0.03484881948253546,0.013622669002247699,-0.030616933113772393,0.04090692603784682,0.004364451961880292,-0.0024272904953978767,0.07029473621849161,-0.024285550611561818,-0.0006977234840037838,-0.07465451031587406,0.03128654580221035,-0.04865470883566453,-0.015345458087425465,-0.03650956735226672,-0.061350448187159706,0.047075399010772234
ENSG00000164530.15,0.07756543154936095,-0.017067697241064297,-0.0556494380423258,-0.026411563095847145,-1.273131165688198e-05,0.018719380691573646,-0.010659205603284162,-0.000342681567458849,0.013743270455885427,0.0234130873478129,0.01149569289479236,-0.006545938018374988,-0.01843082462572935,-0.07110496320525339,-0.05019777777762809,0.0005012004356192679,-0.07207880110109315,0.04112379369688298,0.07067237392975352,-0.014477511073730706,-0.0019080901480262025,-0.00560895964737029,-0.004826556692563889,-0.008606871405272403,0.019979297344379823,0.027927584157454277,0.029647053840443593,-0.018374246961710396,0.03711313252658937,-0.004634024200108866,0.013454048142611053,-0.03607698413173913,0.011650308243629235,-0.009226550711709537,-0.00334079555511749,-0.02408742933204234,0.004697766473052046,-0.02110981613890587,-0.024615352987307607,-0.013252360949787807,-0.05991101878163181,0.0417621084933403,-0.005562724761499186,0.0076279856432121245,-0.0030111088794973983,0.06477592152164048,0.038291986651074,-0.035045794665451976,-0.052468103326175096,0.01671427492783013
ENSG00000186377.8,0.025295894755736355,0.03617880359107744,-0.04728443661355179,0.05690629314992711,0.06091647586550066,0.03881566322299763,-0.06985124785371598,-0.0880505246291185,0.034690029833203295,-0.022251600183095993,-0.024795016913669872,-0.008239172341492199,0.025441909402775187,-0.09395208422783907,0.0888254620641752,0.06442366660063473,0.05605700173138355,0.034874978722823545,-0.012311881316513082,0.003475828407383477,0.03749463863804382,0.03053147045073325,-0.009370124793320368,-0.03638901940256862,-0.06218019591062153,0.03477372445208213,-0.018081172391351062,0.0048249284187984855,-0.08013927288549039,0.04525276814030179,0.0416075077500482,0.02139185287243626,0.015761819062825227,0.06927974729856536,-0.0406748836794863,-0.0023167683743813634,0.011028742979409931,0.04543477720164575,0.003246692016248544,0.032381248508474486,-0.013518659563490599,0.03368435132617247,0.018280603530295238,-0.041838334213071454,-0.053962435725538486,-0.07534767367022376,-0.12596281457998482,0.04910525237114866,0.07252041638029885,-0.09026967347800989
ENSG00000213759.10,0.031249617715077782,0.0287459069858952,-0.024772641600225073,0.038730110213566565,0.08616748189830323,-0.02866694394829849,-0.04455735658493081,0.001782263609364563,0.00614619178163103,0.006092902695046333,0.0782192751051523,0.06369295034429331,-0.02973435813649713,0.03969630730192177,0.018564725941278844,-0.01736172838291633,0.06373451408246908,-0.018896902202495746,-0.001052483585013795,0.04156802544661866,0.03889409568720095,0.13304149353223907,0.005827421387265386,0.14620108346440192,-0.009574183441937435,0.00637512793280947,-0.04869149526283801,-0.11089070383067688,-0.10558982774614363,0.02912427736380401,0.05149406140132432,0.10091287799398088,0.018760147716737178,0.08400675423510333,0.02355704149667359,-0.0029737973663747424,0.06831861226242755,-0.02108050771686017,0.07678278243892314,-0.027605711593021654,-0.0110246278350758,0.10956508082700855,0.004896485861326966,0.02736779728863795,0.029046708866723718,0.01583901236972672,-0.03131242012478311,0.03126252516735467,0.0219990768130268,0.04031440540013126
ENSG00000134184.13,0.018457876409141764,0.013855800378845838,-0.008008923765909186,0.024246835466673316,0.009543214144996794,0.0351903490404673,-0.01979831808061728,0.07607545111849122,0.05653595396976244,0.03231556658977859,-0.003293626777805683,0.008721761845663369,0.02236781365797903,2.976117966712246e-05,0.009752385805795022,-0.012281944138516123,-0.006026698399942323,-0.09335959169239402,-0.018973044006855663,0.056624330156297045,-0.052880916937180944,0.13640400198708924,0.14262679896065006,-0.03068201125064723,-0.07092591930466274,0.023663488934908473,-0.07296220188521263,-0.08606220206587302,0.0897153462425611,0.006724603313263176,0.08528804193462114,0.001421662898948302,-0.10831172889048672,-0.007031895185338553,-0.007070707741042196,0.022768960178927954,-0.016545991010290615,0.07352941888061866,0.0366544276278781,0.14263463531054932,-0.04477627000745282,-0.08069712930029088,0.09061493440619069,-0.006878984592019683,-0.08263897125902123,-0.10678016325915594,-0.05191276082293261,0.173682200649297,0.061773530294079254,0.18174318491087113
ENSG00000060718.22,-0.0411328414029174,0.04746903686893196,0.03013159912451951,0.02896721793036043,-0.011187535552259547,0.14117296728141768,-0.05249006860547298,0.09100394850931331,-0.054048745920738356,0.058286870292535764,0.016512209855364463,0.03929037581876334,0.05468853182236439,0.03171323170157226,0.03827310767217553,0.026572987484453667,0.026347899283318935,0.004511537487594098,0.06858184489102932,0.005123266739908673,0.03590120936848753,-0.03425423248754998,0.022316120605619903,-0.020982139886038444,0.004510352720585877,0.005178956903256596,0.001559218016103575,-0.019630125499273923,-0.024875248016935175,-0.03250307312455007,-0.006296196697474024,-0.013594306397682684,0.018240793684744013,-0.009202669024607367,0.012958977059591113,-0.010800229161800828,0.03851018528935405,-0.014122769122954444,-0.012896277725356214,-0.008925221138211318,-0.06160227494635503,-0.04979184217261261,-0.01645567034083412,0.027747097127432847,-0.10345100295079751,-0.04406783928812982,-0.02070312504485417,0.03851787696177313,-0.009905345958249243,-0.03906213301155039
ENSG00000101443.18,0.01784516852631041,0.023354637236356484,-0.03359079271099448,0.07806479024056157,-0.0034611904905784974,0.03296691703180506,0.03657042371891355,-0.09143541522401784,0.029989250399298513,0.05624996040413342,-0.035108399909418705,-0.05361490188304926,-0.0536164445385466,0.04477913475530464,0.015344052337704271,-0.020806204298891583,-0.043971455033815665,-0.038706486225219286,0.031009956702538928,0.04678794088016108,0.11977947190383093,-0.030566144065742776,0.0010488563502144299,-0.049959307928235996,0.1444714219514942,0.045196791964493735,-0.01212721019026519,0.03100836435959497,-0.05884626540832121,-0.03831105572474408,0.059615733638156206,-0.036226210068628625,0.0006496065633834629,0.04516699969694934,-0.05715944616846683,0.021764631195703522,0.0019595955513134616,0.16679992968258545,0.09151229289887787,0.024505304815386156,0.03795932065288666,0.03099635383129408,0.0525882847576405,0.09589283038620773,0.030854294890296816,-0.00567939009787328,0.034296348761441185,-0.010304723626950198,-0.08212944206827637,0.04806734002927311
ENSG00000134757.5,0.04801682208777374,-0.03995221187821255,0.03679923359190839,0.06662961358287639,-0.08548988132910897,-0.013135084578038596,-0.021521136471317915,0.04140658210795616,0.06939259078357106,-0.01616638006810834,0.08549274412462227,0.03136058634669082,-0.019753985544637524,-0.06517760679134631,0.0053037063317539716,-0.023251970566648676,0.017749892264162466,0.023543844592314705,0.02571969510110264,0.0024121276941420186,-0.03910961369317595,-0.042386632905058466,0.021875967443561975,0.009160295205332295,0.011276247773603053,0.0491449356019594,-0.06511784906422252,0.010639763601267884,0.03941223204510898,-0.009131155514098323,-0.019107778518463486,-0.05809364040984262,0.0612829034235316,-0.010189721185602615,0.03168345241264662,0.002841737531977486,-0.05625544116270883,-0.014793573900095431,0.04909738242807086,0.02397571249287999,0.02922443749037721,0.037565302247102875,0.03931243821808193,-0.03326998812352118,0.005305708984062237,0.03360239355239607,0.018108777601644883,-0.06475486326273663,0.025070007438212156,-0.0387152608922674
ENSG00000164434.12,0.03312230761676084,-0.04270176182037045,0.031503286475494774,0.05996519989439914,0.04943266509044451,-0.014075062433793625,0.003935252494969542,-0.06498536956066911,-0.03310282925980726,-0.028051179281356912,-0.05739877823152119,-0.05364567856563045,0.08328215726253635,0.07416856407134355,-0.02507686561466244,0.009943389852809141,0.03552106941788623,-0.0001707041354090824,0.1345169172241485,-0.017698398741379608,0.06582906336209199,-0.005689568242682469,0.057598107001944114,0.060277720481436696,0.10509627555769827,-0.0010627728126421001,-0.07397710513985838,-0.0768210357529606,0.035633563912054335,-0.024943631220380007,-0.018645707878978526,0.0061263574142756206,0.04908507077608068,-0.009738404817732875,0.01494196474178006,0.016338125163981466,0.0742634853761114,0.02541125800745844,-0.05430610329245851,-0.007518275287679083,0.013422198981486999,-0.045184163560374684,0.005958702772882883,-0.07463570963761128,-0.002929001136144281,-0.04402580361396456,0.009144659828043215,-0.03271179559377098,0.037141852860148046,-0.03688693364381777
ENSG00000211934.3,0.05626328229750702,0.04467208828176573,0.05572763148840745,-0.00578169543019114,-0.031393565418935815,0.024594285814759188,-0.019627816049993634,-0.007748259342821626,0.04170506498890011,-0.023388806641774756,-0.007171661571932401,-0.014258539440142035,-0.050139610089918296,-0.03516747738578485,0.06443434261715046,-0.02857108217108696,-0.015591793716028625,0.08132809604948271,0.011325156567830067,-0.06476391969318027,0.06720518007953388,-0.004198767135165614,0.028502566847238845,0.023815110854030583,-0.07913705131508281,-0.013549591667173176,0.03443732204663937,0.00041853548836961573,0.044286622224521385,-0.08897332759667759,-0.07271492173446198,-0.029220784733157895,-0.010283699196289282,0.03901230995251272,0.0017402293578393667,0.03075724353419159,0.01597821235007656,0.0013015880227036285,-0.02142439499429932,-0.0629606087859505,0.051624807337841846,-0.0750752147741403,0.026348101307079347,0.011535409671955361,0.0258472706702166,0.020084858233511783,0.06356487553540323,0.00018016282890458626,0.029365252653440622,0.015724301060022875
ENSG00000205420.11,0.027278844436581427,-0.02473360819708675,0.04972695994292404,0.03980273729039396,-0.03501521401857925,0.005780849345443978,0.06420619071066434,0.08621732321624118,0.07372416060204748,0.005187402979852954,0.08122160196601257,-0.028164694689674852,-0.054017621605783966,-0.10365375913544753,0.08587299068937643,0.042214608671301855,0.056974367643817,-0.039720157071594764,-0.04629617519506344,-0.009690230016784734,0.05083795809111463,-0.035178811185593496,0.08394464925728068,0.013593025876944225,0.01122979988524665,0.033783588810895916,-0.049154050442878905,0.04300837056048683,0.004819204880406844,-0.044739431951882895,0.009281244428990837,-0.05371472826195212,0.059466868262212584,0.057780728271908964,0.08457175445291885,0.0784609265412926,-0.019755843189891244,0.08553494249595202,0.009484067336900421,-0.0026427892210649276,-0.06179488837464746,0.055226036466009126,0.041040898047245415,-0.034928495465503855,-0.00510821183067748,0.007579821862331507,-0.06116209712855339,-0.011198333436437582,0.010449319770800125,0.04043574580459048
ENSG00000100146.18,0.06087492131694364,-0.046576948174710996,-0.014484966304258244,0.06297157439980461,-0.06232225332087798,-0.06945024821505405,-0.03786951867829656,-0.002033743880132034,-0.055487781119622416,0.03821168777516074,-0.06138679584119164,-0.018924947819220547,0.04932684633961776,0.05447285786360596,-0.07381721099887545,0.04586330033558202,0.006443950667834156,-0.020962344964342315,0.02088569804791619,0.0014259690973676125,-0.03202886540052009,0.0030587939909214466,-0.0068629783145068984,0.018401998118262507,-0.032460304073834344,-0.014554931598645212,-0.010538247710248892,-0.01894267121122162,-0.02074978078217163,0.014815944709066275,0.04778532547168943,0.00964147154906794,0.023666281142585236,0.02133316164023101,0.0096546071561138,-0.03484153153183784,-0.02061292134473051,-0.008442281591043179,-0.051417784149967526,0.013620967943944177,-0.0033612682998866174,-0.020634411032340556,0.0069336457156191685,0.03772081376370767,0.012821272712544272,-0.0528993251354566,0.023812152030787445,0.01925890248724929,-0.05924010780560981,-0.01604615890960089
ENSG00000211945.2,0.051593256490696605,0.054719156893552064,0.06736559591096018,-0.043900615988012634,-0.013191228355841269,-0.013066936202001125,0.0009365653963855163,-0.010614741087756547,0.03217585071070557,-0.022862765450066016,-0.024583839957732462,-0.010525105761885634,0.0027746623306437275,0.011185394864283093,0.056625636236429605,0.032498656088753526,0.011777644328182436,0.02102022029781442,0.039210828538177735,-0.01515313941264101,-0.03422165417050665,-0.01676430040907474,0.013061332820299408,0.02056092962113323,-0.015232807481199543,0.018024327848464524,0.06297597142555393,-0.031404553894102974,0.073510753268392,0.016485605897113672,0.02079151233318097,0.008805409049115337,-0.0160230251993171,-0.03753617015358601,0.010636239311881833,0.04534412081406647,0.04562619971556772,-0.04510835737870041,0.012609649088887906,-0.05202249670715637,0.032005260372565764,0.02396341569521953,-0.046472636470497444,0.028351486982405732,-0.0163580111633134,-0.03286126816072453,0.006972376462422549,0.0047275404026417295,0.021715200654857002,-0.010433569118142172
ENSG00000211896.7,0.02679136181484314,0.051219081172443726,0.08706173806815562,-0.03865113467942909,-0.016328064303598813,0.016920198528264804,0.014214022217352264,-0.00708473288507481,0.035078352726465145,-0.009741966680950676,-0.031040490649545543,0.028757685211262752,0.019181079576096674,0.0018780592863664343,0.039143939688661714,0.010574079525504085,0.005438666760990952,-0.03408342217851416,-0.024704187340675702,0.019250817862529048,-0.018038353247029647,0.01915489667486352,-0.007222997486161584,0.0672629564684147,0.043170083564617046,0.031204895600592406,0.05869430475985827,0.001979961022918517,0.012561727884029684,-0.009305246439600965,0.0952694707456265,-0.0015293869897903014,0.0330231970859162,-0.028931501849012498,0.02714656874863879,-0.02409247079806311,-0.03086062548541374,-0.04439967924587822,-0.026569212213225734,0.03657125316051714,-0.005703088457039412,0.0284703468127269,0.020113489173427875,-0.012801207578479364,-0.03605654870848892,0.03749405046176595,0.03498955698327338,-0.005658089346202212,-0.005044029909614004,-0.04029589285529825
ENSG00000276775.1,0.061709157238994804,0.042655522127503696,0.04717787484565897,-0.025334877988032363,0.01354867490905632,-0.023096799410991985,-0.017068043511610766,-0.011001108909955388,-0.03243881896198999,0.01496865641748324,0.023338722747780427,0.025828688424613982,0.017294991140379416,-0.0008585337355896934,-0.07517491466083706,0.019369073997133654,0.004148679625331504,-0.08225857136392359,-0.06333476626804994,-0.016394947669317424,-0.055707372902769836,0.02291966607248781,0.04239886588667906,0.012730749151324177,0.10041097062578638,-0.021147499082123513,-0.01811026625432506,-0.025484357446665655,-0.021108767043989504,0.011621796235485113,0.04958766212261412,0.07300864612498685,-0.0021731972145952595,-0.021095771452220826,0.013095153928996784,0.07790738855486729,-0.027020224338368967,-0.032856475844280704,0.03846142811448254,0.03508743276936579,-0.033936659533163334,-0.0018808324674725446,-0.0016789142994259709,-0.052651387884853317,0.03867407130660109,-0.028870186046185502,0.046297309596090165,-0.08787809126689887,-0.11008652990790042,-0.015272909429761132
ENSG00000124664.11,-0.013644041571725359,0.09164722147986892,-0.045627848432044,0.03336718323575673,0.035680625425660216,-0.06582804663050083,0.005428549688729618,0.02868303575106318,-0.041895953853251386,0.03057264188540693,0.01892341842243123,0.018569953100274896,0.007097376421359373,0.014340117896121694,0.02747883889772812,0.010050781206945546,-0.06899316025975895,-0.0005509138038079159,0.028737857607136003,0.015951239595267754,-0.029116094723827868,-0.011570055818650131,-0.006183214771842087,-0.00836944095614123,0.009186750201722207,-0.02670708350181966,-0.02151049950627741,0.004815359416918328,0.004831820034505445,-0.003952508214658792,0.00047883428596053615,-0.016627384735228838,-0.04004968798005951,-0.06646802804329383,0.015111944317901095,-0.013142143969115394,0.021758803010638827,0.0004985593380049662,-0.02287663145723275,0.009178205438366956,-0.01904274848969842,0.018135744891643168,0.011419935508056296,0.04535230510792968,0.008037511460073763,-0.005134163359332614,-0.017998715917432365,-0.019984433393999787,0.032924117683127634,0.0030433661764440066
ENSG00000179593.16,0.02762707309690668,0.02886394887837789,-0.02042872102738248,0.07024051116484052,0.06695915046437421,-0.0419357533281238,0.01251700391602343,-0.02863814339951135,-0.049865627681301795,-0.022257678454593473,0.013292427840766749,0.046383939994808304,-0.014375850172278578,0.07628199708146557,0.06607921870956299,-0.0768358539869037,-0.025986058363046714,-0.06244385147279625,-0.003753191823380077,-0.027623783011055322,0.09478009872837001,-0.06163271424125248,-0.03935360410256725,0.12393261261550717,0.11605370722837977,-0.007437212506551352,-0.04894740747420453,0.06241941215912886,0.038460414308094465,-0.04186217174420421,0.020849248027024685,0.03396532616372438,-0.05961019152740121,0.048724018710994264,-0.04032164284872161,-0.02207156349347619,0.013193064831687926,0.004268016312357227,-0.010155647115565812,-0.06723843953968199,0.03316107615644967,0.028402146382466787,-0.06322393242044394,-0.0882594746731111,-0.04483080390417936,-0.006945896905867107,0.10011778988475371,0.08372398427833697,0.01688397205991373,-0.09342987644024467
ENSG00000125999.11,-0.0025274931625191652,0.05514700670508731,-0.019142895577545053,0.02915072250915647,0.00860320777719539,-0.03254632336894702,-0.01558555624752729,0.01713744930088179,0.09642340195427898,0.049338956777154094,-0.050631134315062984,0.027391922760522425,-0.06680580045574049,-0.043548503948215495,0.033318647172340884,-0.07971393717745254,-0.0493352515622624,0.041538394158535795,0.018364330517236627,-0.005340591253960189,0.1112724280152273,0.008113578680865763,0.17358291552625135,-0.012989620853543991,0.024183970459631193,0.0005961194670550511,0.0054652442943365215,0.12722850125968233,-0.10025821067374757,0.02189413270031157,0.058278816917215294,0.10852120453611948,-0.036491875656043254,-0.0444523762724505,-0.0254125267213089,-0.09356438960639951,0.0666735863568935,-0.01903304621042854,0.030918134070777863,-0.06110650702718272,0.0955604116252232,-0.056460507763880056,-0.003042416448240764,0.06939261891405153,-0.06525368408651334,-0.014887895238413504,0.07199663460933768,0.05966558761319043,0.031158774585514377,-0.03418428993443726
ENSG00000019505.8,-0.025667877806649104,0.041843181792157895,-0.026236206760023743,0.008506853658516547,-0.08581172755098745,-0.0023331447417310534,0.09034517976025638,-0.045944216912544626,0.044927679280421594,0.026420872339323102,-0.0022207422557205965,-0.06089236075626357,-0.06822994841199535,0.08198081750731556,-0.07329826487788939,0.0533304467597257,-0.02137109661011748,-0.0036609320371250222,-0.022964226728302888,-0.03169160049316598,0.006371317068191013,-0.039857062800457956,0.010529409888219729,0.05039739669312303,0.12008810280374385,-0.05832855158448105,-0.06970107994407092,-0.15741919218437478,-0.023375373057586666,0.036186140139506495,0.03967853916347024,0.046946526245187484,0.00727792451384484,-0.02293842891538455,0.033163087494641814,0.028777150494103752,0.0426016916355673,-0.02320637620295673,-0.008235880195715186,-0.056257904993396966,-0.012585957324653901,-0.06718329165719851,-0.04281860953800612,0.02204398600559098,-0.052973942541661684,0.04528611746237151,-0.04246075206821935,0.06062040640620062,0.09606984956228222,0.03092419581912658
ENSG00000188257.12,0.032659373302837795,-0.007665381875548274,-0.033464505318261166,0.0019251306432392444,0.11071797206724354,0.1257678049021071,-0.023880480146960013,-0.03578602158974248,0.026379216195777076,0.01196490554401213,-0.06357533362423089,0.007431933432141724,0.008398156430155962,0.04315707710669447,0.019789058123579138,-0.018818628572291194,-0.011471572155025894,-0.093449661728648,0.01697081299524459,0.050736673439863635,-0.02750429894446665,-0.02508381070247202,0.031077821752245775,-0.054897420139245895,0.061867274123499336,-0.034435888174750656,0.011720208864564345,0.006507461704945855,-0.01695428870027067,0.01673839025090663,0.02891983970764828,0.047427776147776664,-0.019082386261622612,-0.04705641268806008,0.015501441725561204,0.017519350885389008,-0.08410922126115011,0.07991926710805264,-0.05058840236547576,0.09696694122168757,-0.044272211269038526,0.026583737000974147,0.08044128467285856,0.08926712814267779,0.07060070888591098,-0.004191543605299693,-0.030708314999299973,-0.07046479163546002,-0.004720838845120708,-0.059625174121325494
ENSG00000180730.5,0.023314738775417423,0.04685120457190755,-0.04599159857840762,0.05464996746084466,-0.024044042137666907,0.07023206700934471,-0.0605291469109372,0.01276295856796267,-0.11241894152545469,0.014759259017441635,0.037775373115090244,-0.06521750480516075,0.006048904771316672,-0.07660441347731223,-0.0027808128499909575,-0.03447716133982838,0.042017481936736795,0.018246857945737393,-0.023619545473880163,0.06899361081930096,-0.03136771037509295,-0.03209559099434197,0.01979794172788843,-0.04242551817148263,0.002575577534275772,0.03496608533012009,-0.006924505568871358,0.016626473616044694,0.00287210174929071,-0.04344441100000596,-0.022171668684353277,0.005915216923731872,-0.07777336161374673,-0.04683864528153263,-0.07884246367809825,-0.06026143587031977,0.040354893773016445,0.029500784027563447,0.03731519276919521,-0.022590708265273905,0.02946272062542161,0.05370773476523853,-0.05491246916646918,0.025384857649858084,0.08802639940328905,-0.024058218160783018,-0.024463633959635064,-0.041951632541827155,-0.006752749974320196,-0.011876371995544626
ENSG00000157150.5,0.056777773277678585,-0.029693528620658046,-0.07302783987134437,-0.05089423045168185,0.011786085794315235,0.02654505353793608,0.051177002840900876,0.0006033650914955967,0.005836480875515188,-0.018666018015333463,0.02317457526416754,0.004665291588836562,-0.05617637456325355,0.045180174110317245,0.00604338353420115,-0.037341107615865864,-0.002441972581738838,-0.010256376801217977,-0.030443423833652977,0.004864049493895062,-0.0047741819311289905,0.06844422918421038,-0.0421762968022049,0.012084378837103657,0.017064902274630842,-0.05716834677762654,0.0012152697621284254,-0.004045133130473521,-0.014377893788910374,-0.006861467762971157,0.016149598972643526,-0.033555818731453864,-0.026111390655076172,-0.05065715580664153,0.030942705714003475,-0.013434512712208153,0.006048818641970507,0.04516782628608889,0.009671558555692366,0.017108663797371217,0.04156486445539774,-0.034523091361548804,-0.04139827075458278,0.02705735597867743,0.039103496520861286,-0.023357172874363424,-0.02853680967472225,-0.008907469088163573,-0.026588783602052298,0.01580418321290435
ENSG00000171428.15,-0.01322238851522012,0.08016434530124548,-0.05347584024919514,0.01645753620863204,-0.0002417097383871732,0.051671659590258164,-0.020102189612104793,-0.04871512559090972,0.08844044228347298,0.018148190710034356,-0.0255395122324897,-0.05694347034080002,0.03617654874362083,0.01553503540510003,-0.03308336707372092,-0.008943962750859916,0.047557327966522504,-0.036742957985606776,-0.0255650640884045,0.028370289516481937,-0.09184300580432887,0.016852031635884133,-0.018861796813750255,0.04653639977574974,0.01303996554446921,0.04732234523511406,0.017318623194595567,0.020625638531321433,0.021952432651767453,0.015178317661062677,0.010510720350188235,-0.03619538799689115,-0.010892348389750764,0.03379286583819058,-0.014949890433832685,0.017964590055195136,0.009438253151501468,0.030350315261970687,0.0046921521317882,-0.024082250389560307,-0.019625796741136767,-0.026559514307086356,0.008068447026115104,-0.031783877671774555,-0.05049850878958106,0.0632147034353324,-0.044126419093207005,-0.002304177571456319,-0.017156599135055947,-0.012138573209845417
ENSG00000124102.5,0.03969553018518783,-0.05785276825997006,0.04302840515521819,0.053106784099802636,0.047088652299621586,-0.011419923624670777,0.05438892107159514,-0.017664403432728137,0.04205572065723793,-0.07410371682516191,0.03495151130906076,-0.040678524338050685,0.016136970377877508,-0.0893839650337987,-0.012974299674889762,0.010828635859583163,-3.3741800019834764e-06,0.026384599416785372,0.0420743693261984,-0.0011533146010233824,0.08855750011191853,-0.009722241916979488,-0.01311335091579258,0.0052570936568777865,0.02987680704092368,0.008170302322565427,0.03872279813957053,-0.021446467095492135,0.04343224011335198,-0.009078054853812863,-0.020848992993483778,0.01815113808909414,0.0402768617874305,-0.030650927236343235,0.021234291898485698,0.01911081504653838,0.0007115594113524891,0.0594562699357203,-0.012735787761811383,0.043820918448753875,0.02731280902127856,0.08653057918698939,0.0005055950210534184,-0.042878504245796235,-0.004083853801503364,-0.07091164771256206,-0.013286672208261345,0.00464480881516239,0.02571382885958731,0.05001951999818162
ENSG00000163017.14,0.05168168257464588,-0.03513937796918568,-0.023080779937423333,0.06928555872017432,-0.032870261906966895,-0.08388584296298811,0.008215133117969889,0.06267507116826836,-0.031037408233560822,0.09483474627089934,-0.058268047779251285,0.001430016620784633,0.026127759475048355,0.06307891463857819,0.05028533214591214,0.04120605130281311,-0.008441794272049573,-0.04762478201224241,0.03243416627366125,0.017558294330136368,-0.07256186348296936,-0.030160126374102866,0.00015605716151736535,-0.011142419032608248,0.0046406116299303754,-0.009624562792083572,-0.032325501162921294,-0.031119283732367616,-0.056884416484849015,0.05010479811405353,-0.07028750618621762,0.004721414236046219,0.01589563131856537,-0.015146441492585101,-0.01870630953840578,-0.004827422270190708,-0.02612315540928336,-0.04916362940480537,-0.04388084574641686,-0.011035087320896055,-0.07500640537620601,-0.01929597537491881,0.02709352408443916,0.03556195623578458,-0.03399998933345015,0.029348879624946828,-0.016486939326826336,-0.022452219701139014,-0.03612843521042613,-0.023177039780578588
ENSG00000211937.3,0.06544271668196311,0.04230060396834597,0.0643822979158338,-0.02838056920916442,0.008870226394532053,0.009268730991626228,-0.012150254844248335,-0.017279670210387402,-0.027306100652827278,-0.006430213273051433,-0.03952156984371158,-0.019606079610953234,0.01255356852788182,0.027230916768430688,-0.033112023119152796,-0.004708507101915702,0.010903033128915841,-0.0011007952012111733,0.028068917973432264,0.04779527219791624,-0.03324166760068709,0.03873451314189484,-0.013250368220291228,-0.03982814379648147,0.02313949701553516,0.03208535537273567,-0.05586744188361178,-0.02880855510098601,0.000732665966272653,0.007297835291844679,0.08537697222506697,-0.019299387319348854,0.018261415358968382,0.0024823302793059326,-0.017931744214281366,0.01423508820219743,-0.027098725266005326,0.01761511658951222,0.0689295495872489,-0.001758054781659789,0.008825622869170333,0.04904754106010886,-0.027705345330234533,-0.05763419337453384,-0.01644533023224401,-0.010797499938199805,-0.03242829404487628,-0.0019043730598082712,-0.004412795594347506,0.023524820734717528
ENSG00000148513.18,0.01801787324452163,0.058660704909463436,-0.05610555295067581,0.013898860158218848,0.008946071330319322,0.007532094248729132,-0.09910222516339359,0.02954705759292003,-0.00819109716877417,-0.10881077981583585,-0.059190981851123155,0.018767006494899742,-0.016308690245819,0.037678634369573846,0.06222902153914758,0.0743198091407123,-0.016179205167889912,0.03222800747554809,-0.007384854151942826,-0.08596721909703652,-0.09761811380680913,0.0006433779888569146,-0.07080643908995708,0.05597952259782877,0.07104070813519783,-0.0033326002582400446,-0.013999808946374006,0.0013839676157324289,0.01591416719043809,0.007587881103114971,-0.0325903631165372,-0.0014961763747546298,-0.014148801028206958,-0.027998053820847666,-0.029377426874045483,0.003374092013509124,0.016201212891578606,-0.02429902180869902,0.07816897790543004,0.015955596121491653,0.016694182901667597,-0.03600677981541414,0.004103017212903842,-0.0006597011324103078,-0.02261263776885922,-0.024568655003082043,0.011857941513263354,-0.03323079860064222,-0.007767700708392025,0.02334619881136971
ENSG00000105048.17,-0.022615349294954713,0.050178106028600275,-0.01030650117628084,0.010842156632957792,-0.09031905951664994,0.017028168600475395,0.00660007906642106,0.061246388589151705,-0.07434907671730927,-0.02952969321707963,-0.0395066337988324,-0.002298366333022165,-0.10041366870969436,-0.004285019812534191,0.024713324946681946,-0.033607371817598354,0.014305532411066293,0.08915336347023953,0.07099987210435406,-0.003925868491479037,-0.08700469198425825,0.052638804998199666,0.09098674656675093,0.06290083381349641,-0.025202674100705577,-0.0850191116465924,-0.03731020534167956,0.07019700636714801,-0.06801593054281387,-0.0495573689861133,-0.08203075468548872,0.00504924372706986,0.06758797123283697,0.0032301605247439928,0.09069495976065739,-0.005771575025293017,0.028397476005137926,0.01871193449476635,0.0662735190293567,0.055089528227962356,0.09104184002221297,-0.011003734592647186,-0.04394660124373019,-0.04703627161327023,0.01324442456405733,-0.04221064836060868,-0.11009893030273298,-0.010738055040154858,-0.03370473642701894,-0.039896255716922936
ENSG00000137975.8,0.024963641728073735,-0.0008735898469743066,0.00716816835369723,0.06611792456443223,0.11853908082151039,0.028387234558782663,0.044628289646073196,0.07579757651386339,0.022460353173910628,-0.05746106745227941,0.04181458210675221,-0.09033777502585437,-0.10236755976656964,-0.015094644227323144,0.01797202770373263,0.01369875588129688,0.0776128701016025,0.008950825031006743,-0.04528387344162667,0.008079553296184101,0.033701901544664466,0.0036968471189386116,-0.012261856574361685,-0.0306402642354457,0.003884720157191824,-0.11559006271812539,-0.0006733047009991819,0.01624331678271764,0.04600062411013114,0.06944772953202169,0.027708441565235133,-0.018581398093055375,0.0257662390527416,0.034486172582534495,0.041521492898995434,-0.07435150546175588,-0.003235223963581844,-0.0018418673025816339,-0.03250138120918332,-0.053815383338202134,0.00607815474512836,0.035987279867392113,-0.01410891906716867,0.010222176301531523,0.03435504052094151,-0.03469212303108256,0.010504513554940052,-0.0005490609831388369,-0.011107228318827735,-0.057613070062730413
ENSG00000175445.17,0.07094654167300996,-0.04318735834754027,-0.053241598582931586,-0.04701968903377878,0.009454363101000748,0.03690533801587098,-0.002407503712682914,-0.006404765165514827,0.01624758876572448,0.06261041720054632,-0.025979530754395408,-0.009667246848282988,0.024968801328374746,0.03797972537478911,0.008192167586213429,0.029516253357032233,0.02999412723850241,0.02298470652347396,0.01146315792348032,-0.003187640339702266,0.03370215579434878,0.006099916756613722,0.002144111772539438,-0.013467690758420634,0.01158134164944367,-0.03434141450413544,-0.03377691530247627,-0.02444893376981497,-0.0008437655645532061,0.015516547474306122,-0.031131582393403613,-0.0012675701966312668,0.0022989221897334413,0.018302868223449238,0.026888671399077822,0.00899859916447344,0.02267137973506704,-0.002904550673395376,-0.019382054472398397,0.034370299372376956,-0.002858297931500895,-0.06255182176815442,-0.08036334163963056,0.021883607280036126,0.01975973942159869,0.000694636165160351,-0.0075957929288249255,-0.008238017827404688,0.02903596592999182,0.010739577128448948
ENSG00000198650.11,0.059191636594801325,0.006450430591936198,-0.04687018785876033,0.04283795848776904,0.04521382750587836,-0.09077434968594088,-0.0027201980895226047,0.0011267692478246726,0.012934971717149597,-0.043570065268948306,0.020690297167164393,0.0013148849705297617,0.0249279291131599,0.022309858299531814,0.029644887706261704,-0.0351230224520083,0.029916036842111242,-0.009798858051801116,0.07884595588709511,-0.013026295208101727,-0.022175650420981945,0.002127517528743717,-0.06310699244375301,-0.038576137181779414,0.03557235260762145,0.0828387745630786,-0.0161919307834571,0.044602839569603564,0.029747463022616643,0.024143842495085513,0.01748847345231845,-0.04302568792331937,-0.03179681919973085,-0.014446618175437327,0.06096702762641205,0.06128153412884682,-0.021481101321622162,-0.044137758776785656,-0.06916545531638428,-0.09347345344361015,0.0011341064883421093,-0.01895940208512391,-0.011400108773857266,-0.06971661553462206,-0.020968008072122016,0.019095379586842685,-0.07107662294111469,0.007141725749586639,0.0026401063354740475,0.04725060528007629
ENSG00000125740.14,0.06759666055200338,-0.01194762479982184,-0.06936450382751415,-0.022226815871159208,-0.01005297633356443,0.04340725089657207,-0.0021191025124140273,-0.008413408681715882,-0.007126717443929021,-0.008138872478563831,0.0010406384567108868,-0.025703339314774858,-0.026915595461068656,-0.08003838641693535,-0.016679265734092525,0.02007006759979064,-0.04222916732125647,0.014583170602971346,0.08404752326197415,-0.010508061689212643,-0.024201666162636172,0.007154485335140122,0.026122654638231116,-0.0349419483764524,0.026570619635421032,0.002770013450970044,0.05567357914644049,-0.0014460573644563069,-0.009268578742815661,0.04047012429405873,0.049564814140316764,-0.017947758340353937,-0.017285944912079857,0.012618782744201343,-0.014018743926319568,-0.023389957951876025,0.019123081356998462,0.011927997112817591,-0.03275836525582966,-0.007124199128246579,-0.03752230041308334,0.014045655482012134,0.006613155116508691,-0.07413195664972443,-0.04265090720982195,-0.003102418112356956,0.003988097901265117,0.006224778281199848,0.014605145272483465,0.032307704170405065
ENSG00000229453.2,0.016773150862059508,0.042181611341791395,-0.02273487142539122,0.06739851407870688,0.12428128105831014,-0.0017002401017383883,0.02333054447840144,-0.03508985845506005,-0.024494829525123545,0.010758032288792492,0.0898145882571561,0.048656973698169285,0.004629799439853206,0.03307997953859652,-0.019304923920827145,0.08244302710662593,0.07280093651560207,0.03283205965426451,-0.008781203715084769,0.03906383310677337,-0.005053361361057458,-0.03867442557183097,0.009455289546713864,0.10483207956594259,-0.021064802873656467,-0.0002431345001266701,-0.016388114112772988,0.02030932610131281,-0.007434407478574169,-0.06803167778335582,0.04614358666690531,-0.008349972729467641,-0.009799643826561465,0.001751504100972009,-0.021337910532346526,-0.046318722172706925,-0.02706863081145002,-0.002836882548620008,0.05639550629682324,-0.09020692061155565,-0.017324380770396046,0.008639625899302403,0.029468779882538355,0.04954499251260423,0.08932012592052681,0.029087579605328054,0.024418364302792976,0.038363013074396816,0.05460509042063961,0.024113554213954627
ENSG00000206075.14,0.04581323152622842,-0.049863423850087275,0.027444755748932955,0.0747547538766301,-0.08253931122362503,-0.04051333080899592,-0.020937332478673725,0.08212372970018586,0.05906752633337503,-0.01958655935697544,0.02306266640290747,0.009610939442401599,-0.022484538747396098,-0.046325853119764185,0.02295233685574643,-0.013148464517211233,0.07147975323928182,0.017165728921850504,0.03252589401680718,-0.015802684190087582,-0.027848095571087094,0.04658454926118308,-0.03715754574123578,0.0055727891795966655,0.05159678651006592,0.04293090435242822,-0.023416642260645118,-0.001993985614661297,0.01564075176149665,0.02041740252181939,0.04076769050912506,-0.01664542886929251,-0.0014492448762346694,-0.05396151377746042,-0.01992938895046514,0.003993352169754281,0.008547177166041985,0.016608202171486657,-0.03434860731397662,-0.053267370541523425,0.007257802571528669,-0.03390080068520329,0.006751927745236386,0.00410732522079827,-0.0023303675013728073,-0.03491210748453922,-0.01025616883198903,-0.007426395966856218,-0.037491977078956205,0.017270858855819905
ENSG00000242265.6,0.025252965289901366,0.006427370125677104,-0.007818751586833586,0.005564450157343457,-0.009698975519080411,-0.02659350765454635,-0.02085799111029103,0.0272371141488233,-0.0013047600905121708,0.06856855331193241,-0.04857571148801687,0.013556226512081307,0.16753056690335824,0.11337213702462061,-0.10292972019973047,-0.0013332589756992299,0.029669506501120872,-0.07149827339831,0.06766525730413533,0.07555985520427005,-0.015679324505867207,-0.06163581107646894,-0.03854155392383746,-0.05834261565412481,-0.07363985612195588,-0.007813124452374596,0.07739963292016007,-0.009647469339144597,0.06879100398364942,-0.09531358443523714,-0.10662830925570661,0.07986198135330431,0.031489144105078595,0.0023735889639858046,0.002416971003463414,-0.09244352211952184,0.0373117755247605,-0.0020238078871242515,0.07549492924614978,-0.0006830013368035014,0.12665998742773577,0.005034016938871042,-0.09550030503985966,0.06467371509343986,0.14102677850844594,0.07554146525099713,-0.024244522414735476,0.01345413708670914,-0.0757744348599173,-0.009251100300354947
ENSG00000047457.14,0.03400605024434036,-0.011578982201905993,0.019486407144202095,0.08342266990689629,0.019246171612052082,0.015369601098316258,0.07733497074796428,-0.06444711835061598,0.028481822274680515,0.04141186999423693,-0.09299380774816056,0.05872033076594905,0.02741968685044996,0.02379160514889466,0.025802827900416374,0.0339731462928872,0.08686043397206479,0.047075280635422066,0.11639960469635766,0.005539549224685851,0.02728760775319419,-0.10615483803971239,0.05107527353786694,-0.0658150227190976,-0.011587055854447715,0.00694216933024736,0.028443456126527433,-0.00953314266672256,0.003058643699788317,0.035948935721784675,-0.013923677176399274,0.02828800935827611,-0.06277132951689529,-0.010424042270379548,0.050632085015539854,-0.05213558168999956,-0.0942155860360041,-0.017978808949392616,0.09845709543068161,-0.027287128643605774,0.039942675295658196,0.030362524129099292,-0.0598926353861561,-0.07995301601337555,0.05737672044697267,0.014816306178693516,0.007756523565480137,-0.012955279491152797,-0.05574994017323428,-0.026300476702619105
ENSG00000134258.17,0.04111939039831199,-0.008456419709366763,-0.007370690816647478,0.11630150831601137,-0.047157630152857635,0.07565695883488312,-0.015553214260510278,-0.014778147156571027,-0.02983344950415401,0.006873629304399788,0.020122512210184844,0.03169674240359317,0.01741003091798065,0.038492494403485476,-0.04999329775846875,0.048704183899730746,-0.052035052167915465,0.03677028233723203,-0.016678101894642472,0.011718936147983005,0.037324406548253974,0.0038831992752149996,0.04455892947492273,-0.0416689891099719,-0.0025934074865397796,-0.0193509185235531,-0.023061368683165388,0.08597616926034327,-0.05517960736345205,-0.006028888811412722,0.007622689775850109,-0.004472240097697521,-0.08826586535184276,-0.010366976240135307,-0.05869945280316407,-0.018081238309883556,-0.022698024734766908,0.03350557808611848,-0.03879357837705606,-0.04931259284770459,-0.0036532219630743463,-0.0303695502359574,-0.06438921737685539,0.04132721885228812,0.03196553860646657,-0.011524394786010238,0.0031541871928196237,0.030975057390744985,-0.04001601552911415,0.027009612222282084
ENSG00000121270.16,-0.0080284431212936,0.052756975263871186,-0.03148501889292909,0.04934283194076456,0.1097531357414505,0.00039008907299304193,-0.007773100542764605,0.009190081784966077,0.0453276237570816,-0.009312682594851088,0.01956547932006103,0.0037151764160729852,-0.015775547267629784,0.05834415764673363,-0.09941184029553675,-0.014438328798931773,-0.017627310342994713,-0.008274974722757497,-0.008213945252792659,-0.06443965230723907,-0.06397788141644242,-0.007240921794623009,0.03181118529570105,-0.019978774118645196,0.006096105712768968,0.09599059299378408,-0.03480966422296301,-0.12613778303110768,0.09896693971121423,-0.009739820566936223,0.021671042531231435,-0.014538276217176212,-0.021097424625616465,0.0647394484597571,0.07553110415689201,0.012551611569835752,0.007898179637728302,0.013779846105662174,-0.046244306707110105,-0.04944205424110787,-0.03901340159540239,0.01791782802817447,-0.01035564494568128,-0.01010773308968455,0.028748852151027453,0.014027350576461749,0.02428290444633478,0.04068691710541779,0.08300937260196674,-0.023853143681030985
ENSG00000101938.15,0.07837656370648369,-0.03614975341943252,-0.054094317779686776,-0.04060262072110062,-0.0014378156145579317,0.03424661920594538,-0.013771606812101008,0.015466626987562342,0.004588464411461095,0.03841059433778937,-6.539879413670912e-05,-0.0012489577879293138,0.039355705467465495,-0.015046363669188713,-0.04372017804711137,0.030259398749512965,-0.004688787892223521,0.01161207295373532,0.011655602723189272,-0.006873793375741204,0.021986846990872458,-0.011686150182454344,-0.006693746510182708,0.017185471211001977,-0.005578987568271624,-0.02507064294677937,-0.006320115433577113,-0.03664555687675925,0.001336527881163643,0.0497176701304707,0.008189961607273682,0.023497206281606058,-0.025500214010358558,-0.01478692585355857,0.010154863867226029,-0.02350560021807594,0.029262903972634247,-0.021352131146713426,-0.008019610895744326,0.016706993545970276,-0.02584016964978562,-0.011057166118200134,-0.0263594484536573,-0.012791621087897952,0.02712843135859887,0.010536621779139253,-0.017453140598536677,0.003576629503951704,-0.02757451896533188,0.040108794638188255
ENSG00000205426.10,0.03235741899969728,-0.011269028709433011,0.02817696942837031,0.07965522441317151,-0.033179938103075256,-0.03464216199230648,0.01896585954071502,0.06358146695393124,-0.03193890660743466,0.12896522236322697,-0.026980316130631482,0.027012926513406102,0.022276038356586463,0.03413676185117017,0.004043481743300976,0.03608782766174652,-0.0586208679929743,-0.04512578211511867,-0.023470182348129948,0.05374637641869051,-0.028922459435381895,0.025916900641860165,0.06627725870825114,-0.06511447537104416,0.07491009633024472,-0.021245944792918588,0.07502033145148074,-0.059941873524426696,0.007254603881384001,-0.04972094310249961,0.1009236093606165,-0.012011920894486912,-0.04385155125982861,0.04571488419450269,-0.011649787206545754,0.1619221775035218,0.0230179888843632,0.0510669039750083,0.003499526544868495,-0.03183439458605855,0.012548391727903136,0.09303865881717528,-0.038739285647165445,-0.007378824608162937,0.08371358972711496,0.032596917075747904,0.07307066113144403,0.008123393533417171,0.04618189390532398,0.003355989991897045
ENSG00000135480.16,0.02199807189115523,-0.0042209944490447775,0.01785043392452054,0.12900281110058975,0.023131052187028392,0.043979930706637124,-0.03132759007670952,0.06241403521462605,-0.02207429777435921,0.010559512118318494,-0.021660342381875773,0.04510519627073612,-0.010109805824256723,0.02399706565655049,-0.023262108897028594,-0.0963625235927312,-0.06696038955097569,-0.022122160129119123,-0.020009557051235034,0.022716326260270127,-0.019616836133903068,0.0076851086071041755,0.0016116563981659472,0.020606418039441028,0.041914005795783034,0.0025045611185465807,-0.0019485597717509187,-0.07229994673711883,-0.0033996100076659633,-0.0029914162531674265,0.0035067305568890214,0.009824924044902027,-0.08725149373421762,-0.037288688746210163,0.041354923640405286,-0.0971008228617749,-0.02361644274372357,0.022297258623909303,0.006390520335640727,0.04384196732641484,0.02860521478358291,-0.0036829511484396875,-0.006528678788002503,-0.07375451562851364,-0.015343651022714195,0.007608747404898446,-0.08650722076937574,0.06509789874721869,0.0017062439507774022,0.05553424222703412
ENSG00000211890.4,0.0784733039846795,0.0572763025612927,0.006317138695770516,0.018313843326141516,0.01913022398843026,-0.03069534012238886,0.003100769209933555,0.01774850994109408,-0.025372995214967276,0.006542360183188517,-0.028311162854781493,-0.006618243204793639,-0.008825933081262347,0.016805780172936796,-0.060115998147300134,-0.044735166655733946,-0.01993846056341782,0.04378846962312873,0.0132488765484915,-0.011835428489914354,0.010652767912395725,-0.03230097527655857,-0.006103461959253557,0.005720322920002792,-0.006994034214517671,-0.06063414964966021,-0.00034727732181314395,0.0016066478745372197,-0.043551861383393405,0.010179908360882079,-0.018718024035969102,-0.04202116546066804,0.031676029759031485,-0.032508479981049485,-0.004168936324624774,-0.0024379172382311067,-0.029074111025910572,0.08570203997398457,0.0493512605122499,0.03147888445082954,-0.025428356275132367,-0.020784621554161373,-0.006702903404462418,0.00046115046823519396,0.06102278999256811,-0.013963048168136618,-0.0001697683166323923,-0.08084324930389065,0.021720906074420218,-0.016837524518192225
ENSG00000166426.8,0.016132957540427314,-0.050223551315607365,0.015833038787525948,0.07355540292882227,-0.012595101131321545,-0.0024826276872856254,-0.019038072688396402,0.00393185783693363,-0.10658371323644084,0.01777626996213817,-0.007304362656703214,-0.03269381951329896,0.056031731062465666,0.09397683375536915,0.028236200207532987,-0.020837723621113996,0.03397938189531294,-0.02762639502993148,-0.04642559503071747,0.014727515935837612,0.0013095027644808982,-0.02359351565973779,-0.05840506605536778,0.03364301491465199,0.07503650650681508,-0.10870022323652605,0.05776441255549187,-0.021113171933471744,0.03546029406103491,0.0726403706188804,-0.0415610462035914,0.13791272117164088,-0.0920034904825089,-0.050866410934675275,0.04985020339713344,0.06672962750518155,0.015505144050566569,0.040094827585315886,-0.02914505322740241,0.09452596120006516,-0.06351880574821461,-0.11067222036119427,0.022228505818295045,0.09135871635409958,0.06557167847348028,-0.05698657440624086,-0.04188594742819231,0.026919162860455825,0.04711576632230437,-0.06970074792928757
ENSG00000211598.2,0.06550098155249064,0.0455394914591439,0.07168533952867094,-0.02677361142192918,-0.006959077739510778,-0.007320060854145774,-0.017124339052376886,-0.0017419607542487133,0.020844276287512994,-0.032935417659450024,-0.006848933900193521,0.019935149328223364,-0.009500991987692126,0.009401512764339034,0.004553157116974881,-0.010151081080696032,-0.005784309279417998,-0.014255886792729582,0.02481977609335797,0.019941783399850872,-0.00035890281849592005,-0.025979297010432827,0.021870462549182495,-0.011439329441955814,-0.011169821098415831,-0.03030680102249221,0.03187878769831883,0.019575093620686247,0.018865375556476553,0.007532820552355901,-0.03504155132246546,-0.020842901068998314,-0.0071768039699540605,0.01323539901986165,0.027688235548852653,0.0067464812837525,-0.007843850026291184,-0.005468327200607068,0.03365903863850684,0.021176303862697286,-0.028442070398346703,0.02005406274376917,-0.03397699235556283,0.022796464523803926,-0.010761815554376244,0.06570788184262026,-0.03342566670940802,-0.0010654307185483831,0.03938818874919821,0.03356011439431228
ENSG00000007062.12,0.02843372656840694,-0.04314286715617428,0.016019817786686274,0.10882743870973306,-0.007579974502622491,0.06888144268040096,-0.034806867971527045,-0.07626902045210777,-0.024128850544205917,0.002904855516998634,-0.03167958644109972,0.02048224523511595,0.05014250897387526,-0.034644775825978615,0.037057057138984814,-0.007792563201715905,0.027733727552241298,0.05906594580741201,0.030227600581514358,-0.012333271669350951,0.02721750556342358,-0.013846189912639414,-0.07020544714317693,-0.036003952029096065,0.10144573126252926,-0.07292756467686812,-0.025979978457824095,0.03028095544595123,0.06651718213350134,-0.017431798052305308,0.01160567107225136,0.056697990378806774,-0.007605253913954679,0.007135754223816763,-0.05438054937455636,-0.014250788822400053,-0.00577439755882895,-0.03224968143321696,0.03903581502830242,0.02609426341977004,-0.003451564846113112,-0.003461661847956573,-0.020666808663396416,-0.014922528667960839,0.02327768229844288,0.06477431634745626,0.021388168373555762,-0.03665587969258188,0.017393671270634146,0.0020647939919408572
ENSG00000137745.12,-0.03364641451829494,0.049285500229639054,0.024699155018642827,0.03421718702802506,0.014795565405396052,0.12793304486559642,-0.047994920368133506,0.08990815096362745,0.009417639277770524,0.07475496041414986,-0.013899463645764332,0.009705579669907899,0.0374098617983019,-0.0313437177284424,0.03439968254042747,0.02040020066300433,0.11695057969042737,-0.026458823183451607,0.0612285593450476,-0.04966138582483839,0.07895928274834732,-0.020154601282784713,0.002377638037727428,-0.002615737254526585,-0.04841397757505865,0.007011653409278955,0.03913670999598043,0.026405628542172675,-0.0025443690170649036,-0.006359828281737934,-0.046454441882711126,0.0015170942554339549,0.007708736927552983,0.01384558458058996,-0.0642653604308312,0.04097304006464005,0.02159096911537558,0.01946013538007372,0.018559186596800288,0.017082243536818913,-0.04040581886707574,-0.006117371654006237,0.0006406944507268709,-0.018738738175558375,0.06148505128617666,-0.047153123121429795,-0.05589837147409588,0.018385358100808914,-0.02506748068699109,0.007595571979338913
ENSG00000065618.21,0.07431709586458274,0.008705290470473172,-0.03338693064406439,0.07573367593817296,-0.02490259439637809,-0.06844733984766142,0.025503449944634354,0.052892432912931844,-0.022357640660324283,0.006387263344170832,-0.04080114115134587,-0.01717465516488329,-0.0454972879922588,-0.03581507292816433,-0.04464428731300402,-0.0040512641075558485,0.026390991317060228,-0.02500121178245474,-0.007869996511613339,0.036906785649109174,-0.03890786855300799,-0.04263950952289699,-0.033331019900958526,0.02275212818780323,-0.033601358179257454,0.015057190129008862,-0.011921874090573974,-4.608089051856149e-05,0.0029977671128290904,0.009474213923240018,-0.0022693792159109933,0.025607768254664147,0.006239967265497695,0.0009963483331543587,-0.007535922439746107,-0.0012916776429539787,-0.05876779293351728,0.017690822003880828,-0.019959305045241526,-0.03613754005460328,0.036147758790856764,0.01521672038308219,0.020958792048204448,0.03347109315985285,0.012124656811741168,-0.01637180237178595,-0.015559299189190582,-0.02536577930506286,-0.01854548780934241,0.01765143665080409
ENSG00000240382.3,0.06845267157081288,0.048016080941621214,0.05335176997222084,-0.015865919489362685,-0.0030020517076369793,-9.569858153907799e-05,0.0010811672180425715,-0.03702568970395098,-0.03519855566673268,-0.02666530232799488,-0.029523976041786196,-0.02909156686906371,0.0032758566240677777,0.0045151925150499535,-0.052244283040174457,0.00499804175297308,-0.014127107030387734,0.001376043055933217,-0.014672631777180024,0.06604868086970983,0.0569663502748243,0.030361308975745543,0.021320839164790217,0.004675263016473343,0.00415419353240066,-0.02233180857332399,0.0045879859186543715,-0.00045295578056605667,0.024151521415153945,0.015523378404027876,0.013990642246817312,0.03337264748193187,0.00031257881192567447,0.019493856213489508,-0.02968971970070923,0.07463190833488481,-0.0028369072885806768,-0.0012763875591917863,0.0462951615942538,0.01977374032923242,-0.003485695876401291,0.00011464851053447002,-0.06915325721863405,0.03613459795387472,0.006149489851296494,-0.04718774284495379,0.07244716102670956,0.03610403870132961,0.10115098302900483,0.055732485644963005
ENSG00000100867.15,0.0009348691246584024,0.04318112037993062,-0.018945454841485007,-0.011175906913897535,0.005056430083375328,-0.06068284475345999,0.056070116263160934,0.04864310863071809,0.030548800186334275,-0.0332276651325107,0.003317801638525919,0.0788329208969228,0.05272053172037313,0.03096852775979842,0.03765117451555787,-0.05690411490886682,0.00038936532944904283,-0.005416376060184216,0.04066039011958249,0.046391621643118934,0.008406546359019973,0.04585830643858459,-0.0800471722123948,0.25314629638949826,0.06783062018346396,0.06769020159119013,0.020763375628110585,-0.05056587917266958,0.016346246462983383,0.06542336810125861,-0.022872893251266246,-0.0041466742150327385,0.0015112928093556704,0.06284881123911362,-0.057139733131445825,-0.11231995034079355,0.009917073038497681,-0.002970538213456455,0.02500531457150075,-0.13056975172189805,0.022630129415790658,0.05055224862518946,-0.12302735686983567,-0.038806456084104886,-0.02676317543414568,-0.07162515507950136,0.03122038832091475,0.028175559855990604,0.059164206867921544,-0.11836845668042266
ENSG00000160307.10,0.06396466033432607,-0.07140890328913181,-0.024152456138545133,-0.018290632838587846,-0.021276269965085477,0.009608874250588376,0.0005824127482632133,-0.016392401687585306,0.004594551044342746,0.04670463391950719,-0.05931049148902044,-0.05256889540214413,0.029863034129504546,0.03326489889284289,0.011424763318051407,0.024451918549829834,-0.013704622741371037,-0.0008111779051627136,0.004311244246191302,-0.05238269084980675,-0.00928948761265838,0.03879358638468249,0.04086524132783477,0.01770712622994485,-0.043620162529097894,-0.0028126706477598017,-0.0748327674504104,0.01133783681876483,-0.02920250581262123,0.011757706408754516,-0.008090268514002016,-0.010475427654055026,-0.00234300752864399,-0.024359615255586237,-0.004262342246111369,-0.050713690194076365,0.035121964461160574,-0.02435660139625129,-0.006290176083816395,-0.014040137029095604,-0.053401404068214406,0.028835932070654595,0.02826172254744934,-0.03236944657291854,-0.005817629598063725,-0.027194906114469296,-0.01215652663764649,0.029941188638575172,-0.02952322919038056,-0.009464018107017193
ENSG00000159212.13,0.007803618941101175,0.029952445434027485,-0.042339658354899,0.04466203140833687,-0.07301603093002922,0.011146427201550149,0.05383631287170475,0.05504151496356783,0.05130474994925492,0.010869486670505584,-0.04796569501248316,0.0774978892190621,0.048940699571283566,0.04034140784058784,0.04090298604541525,-0.03495906850760422,-0.0049436860746031345,-0.012054169440808008,-0.03221070888374603,-0.004071160869251812,0.11530317637727226,-0.07770052611598786,-0.07657815315276234,-0.00521822719783969,-0.08059705790358303,0.07725707969274168,0.04222796240030246,-0.0344029078719465,-0.10360342990232595,-0.11084061903438469,-0.018424703469621318,-0.027197941569065104,-0.02369563624464397,-0.01844066046419449,-0.02729499814350265,0.10347118071322148,-0.01690749538647673,-0.12165633358168486,0.009095932477946071,-0.025630178127142963,-0.021553899013307665,-0.018149270295257005,-0.009810857454452157,-0.0009515511137646472,-0.030780475049289182,-0.01703967179107837,-0.025714823212611728,-0.03109653841271147,-0.029241921237755784,-0.04963898817345
ENSG00000075461.6,-0.013006018743928972,0.07919539426047023,-0.03616628803584122,0.015337913720984109,-0.03833084624282892,-0.01409537782998102,0.02459507226606855,0.08573565709891712,-0.07694953136160805,0.011837198081223159,-0.01651040931233087,0.05759805041589164,0.08363913556132656,-0.00902824978392849,0.0533077099882183,-0.013492503023048719,-0.07380877986512359,0.007095934285856976,0.03770932650881005,0.05670413720533219,0.008554022192316019,-0.00590977940792652,0.028771200809876128,-0.023359367715485822,0.04209978082664344,-0.009900743539945552,-0.03226440471753283,-0.0026090306615300747,-0.01657036911024617,-0.03145062169129137,0.0007132185191999593,-0.01802513136589736,-0.017659933140396284,0.02092422621162834,-0.09738426289582211,0.011898893972360962,-0.01983996029714046,0.03956599708925479,-0.06747724339235335,0.022115312908885236,0.010911385408162035,0.059470056135475374,-0.02133592145534239,-0.009810934442941155,0.12406519585011426,0.004631280070931185,-0.03094957096551402,-3.620162857948992e-05,0.01634743123186648,-0.028798805461417016
ENSG00000091831.24,0.0030596867089312894,0.08180992336022412,-0.060228651623517815,-0.024277240606505737,-0.04492140457981108,-0.017687278753541376,0.0010011365257068783,-0.05645666050880781,0.037569365272990755,-0.03574560769349903,0.05598816326660583,-0.008409801723439414,0.019156628291197627,-0.03334551171700381,0.0050215136393174185,-0.04865688733972079,0.0357934108646895,0.00774224129286308,0.018423174659007027,-0.048771750371841505,0.019841235894331066,0.04527776964073779,0.02181267944810545,0.004914652075049416,0.02725543065528731,0.001585422587893481,-0.01437967909822165,0.04679922106355564,0.06445197204919036,-0.019937097378508108,-0.045893388314038996,0.002947680252020819,0.0018738799679159914,-0.05999311725753145,-0.00971533264927871,0.05310923914358546,-0.04009418962354691,0.047429750379821486,0.0224611630589223,0.03580138212698191,0.027413870618806836,-0.022439665960536523,0.011992012734239417,0.029334731179666212,0.0029381713330668443,0.028541004697609666,-0.026793458493565653,-0.019145822724962992,-0.002414793701454469,-0.05428258556236515
ENSG00000196611.5,-0.03071125772099669,0.01268843249491174,0.07647640192286145,0.015583506327645203,0.013379295144734954,0.09073021860362168,0.01708577915795244,0.03188453630292658,0.016692650601177347,0.07025617876008128,-0.006630435447938645,0.04820288693878415,0.06250285559656793,0.03417901085057407,0.03872544235143524,0.007624918969443688,-0.008125286976721267,-0.039329493515151505,0.051032414653854316,-0.03313087781918996,0.00021106155369653886,0.002341632198701544,-0.022644843536772305,-0.015346847501849403,-0.05330927972585716,0.0051615198851906975,-0.04685839129179491,0.020059848574310285,0.06657211863447789,-0.010795659792156624,0.0423743063778674,0.05731872908508439,0.04001291074036867,0.06974441638679023,0.03431729757476637,0.02093437088047735,0.06879498261392775,0.055505927750707555,-0.05021698771668998,-0.03907942338208393,-0.10383025894519819,0.05949226556052214,0.04214736585590987,-0.06516634057737322,-0.015309951275340829,0.043574572673540854,-0.0973870892908514,-0.0272494980147051,-0.08660047244771146,-0.02191332217151958
ENSG00000135218.19,0.06578596766981143,-0.032659158680967935,-0.05138537056807048,-0.050652011576959616,0.04491879693435672,0.0430782712145251,-0.00041002592075999576,0.005738330338524714,0.04697711423685191,0.02501459566333124,0.05895351269283839,-0.01150410116609346,0.04744316729805918,-0.01790174592984863,-0.010277453244696774,-0.010361660087374219,-0.014259285069049945,0.04954929617867096,0.00955744760577519,-0.03178659693202447,0.01700588188697097,0.046540193262497066,-0.08049837394229627,-0.016855994684611554,-0.00808088161859126,-0.03333215570849272,-0.012407942698553762,0.00028847172987776266,0.035991638988952135,-0.030506429524740766,-0.008944391675794998,-0.010699613400231619,0.03180325379008854,0.05592441230761994,0.0049903209171875814,-0.016916319723663618,0.040101062819129486,0.01487111126420559,-0.013392422527219392,-0.039550092690714266,-0.008124416268679028,0.03325057408816093,0.018966585825173993,0.00020937851677813052,-0.05328460201514538,0.015868598211884594,0.023763281192015533,0.01168689050624253,-0.04335911462625072,0.02786703988889153
ENSG00000124939.6,0.018617752620726024,0.05205101623329745,-0.008901683728996228,0.06249525895764114,0.05587302945076704,-0.03360600241624926,0.024234014099743954,0.004002989690680714,0.011727155751177843,0.03738411624426192,-0.03942828333159036,0.10975417518293339,0.0022759701687889563,0.0018909382825852148,0.00034144174855586746,0.016361076945228068,-0.04511391878977881,0.028561787092766383,-0.13564827237863852,0.009023092155186364,0.048348856059950304,0.11635541518171615,0.06453281823792793,-0.005136900182334015,-0.02294738406390708,-0.04523860367641098,0.1550856363353358,-0.04834704975886329,-0.013679479997735135,-0.09220706766719683,-0.044582715025067256,-0.011832184778867766,0.018058134583503208,-0.014585027329269475,0.0503311102863739,0.10235285630886536,0.023461776487196037,-0.02358290618358808,-0.05042014408931404,0.021707810413171724,0.020682527764083695,0.023295074594540208,-0.06923792782667677,0.03796677678360506,-0.004511466336625514,-0.08551685428057511,-0.024905830433080298,-0.02878530210202189,0.01965810649643772,-0.029343201945757846
ENSG00000133169.6,0.005278609052876223,0.024597068798255198,-0.02172755162856321,0.004798761028402201,-0.08054270726987044,-0.03111683269576365,0.1295734755379806,0.048014641564068636,-0.012904035870659131,-0.009319806526996719,-0.04228564496843013,-0.012026186687637188,-0.07044374914658955,0.08854056852454027,-0.06387372960376937,-0.022587604190182194,0.000959233423433315,0.026091754559308643,0.01985118913977867,0.059168600172044124,0.05516571298440931,-0.07539544759739643,-0.013470311414472141,0.024475159882433414,0.09085405460226488,-0.00541355326966896,0.01544274162655611,0.07617055873998842,-0.07140318432835492,0.0055442723247397145,-0.03646020509728307,0.04024232846927904,0.11740387031391239,0.014297204887235812,-0.07281595119756308,0.047941594910421444,0.06635125369452426,-0.1123431430350157,0.023369460715041767,0.01886108691387264,-0.07165621185547998,0.09972065989026307,0.1195144581758494,-0.004405550021571965,-0.02823851176486877,0.026970874724144518,-0.0966077290406106,0.06365920958351312,-0.017035753069613187,0.05900720488779043
ENSG00000225972.1,0.009938719524700705,-0.028659921669216878,-0.012150226579607869,-0.04551931798249496,-0.0064506991760465045,0.02453756691623684,0.00022556107709704936,0.02167830575116581,-0.07521995211455326,-0.0009970627342588546,-0.05791779916388185,-0.041434157033370285,-0.03580986829992909,-0.08826216663859836,-0.04542971377458712,0.013203841616434495,0.06711549223376555,-0.018697784154129787,-0.07156248976020715,0.05430278418262327,0.008346623527486849,-0.06664847849712559,-0.024825166673672867,0.09851564087432896,0.03756490375504036,0.0017993239923622378,0.01540589503374019,-0.08293836578573846,-0.06854215454602908,-0.058066093708568446,0.07936337719770678,-0.04551216538837888,0.1530989694330185,-0.05002708503321944,-0.07017338012533886,-0.08670071280355965,-0.11329137530733957,0.08971902760157409,-0.08736424561362476,0.049104665401155836,0.021919342621125135,-0.012863775383679332,0.031026486586717975,-0.15496480349075512,0.0888292158602927,0.06285481334897602,0.10344070131863987,0.07783942153891958,0.03950480753868895,-0.03002650591783006
ENSG00000170367.5,-0.008370321780565385,0.05081811371085854,-0.017686292623368835,-0.019231507358454712,-0.05655663501709602,0.0446404268512966,0.08383143222539746,-0.026132737944897812,0.07556705182872607,0.008592864662350765,0.019575896489327126,0.005061345639189054,-0.01852697627755529,0.16950141821589768,-0.04617291799729049,0.0009663709728692846,0.008443007123406227,-0.009220244190854857,-0.04209789599590244,0.01403702610592583,0.0519616651103206,0.012087818793541044,0.0035454231221012213,0.05348050593543751,0.039067211265549184,-0.11642839586634623,0.0033712372583270186,0.1059773550388708,-0.04589418428023866,-0.027560267601755048,-0.03716215371708779,-0.036363348283122564,0.0791760157951285,0.024870035623398585,-0.022355618362245606,-0.023357477804698025,-0.022174840315217596,-0.11266294879742304,-0.09410450492644061,-0.05642090308067677,0.015036509406210243,0.00906058363631466,0.043721217403857766,-0.07532616579206261,0.07577207636909289,-0.06037569670048991,0.0552467246787725,0.025933029588655003,0.007729129134922848,0.04702368050832539
ENSG00000123689.6,0.06622843633531895,-0.04744120475919567,-0.03831388481206485,-0.06192668171933894,0.016206346177227972,0.07394900498262505,0.01206067023069731,0.006158295761794891,0.03602187846651532,0.049341091531340184,-0.017927777223209356,-0.002541722506651032,0.026043690033131197,0.012903356385569203,-0.009915087848063378,0.026342326802026573,-0.015048607346386215,-0.014286723126870892,0.04538775767281102,-0.023255484697407878,-0.030792168131698452,0.05497375402284782,-0.039404099319898404,0.004696308725406913,0.02672309658580528,0.024994645162494288,-0.016243066587972487,0.030548270487282782,-0.0064805229538431085,-0.018577802158170568,0.025155205323402687,-0.011296381485873374,0.03617845228245751,0.030119263551236956,0.01274490529570602,0.01741081723346751,0.005684759999132325,0.03656732051528308,-0.02312649118928233,0.022438951312849,0.009718034270230156,0.03875143796167429,-0.049553418088647536,0.0054038634556522885,-0.0015828606112795625,-0.028013428133565003,0.00611064783621243,0.03334722643572944,0.015227070521106887,-0.022269804022017874
ENSG00000188488.14,0.011367610699051633,0.06032277028927586,-0.0505091218236747,-0.040226939914315384,-0.047411423074154024,-0.10334549736522936,0.04165924395074871,-0.04395006881393825,0.004815833605264418,0.017401045199285106,-0.013573688729106002,-0.008731087309345971,0.03440660853925796,0.016936125578248314,0.014369485044593538,-0.038654056701755125,0.059603548939330876,0.011290847486650872,-0.015612373711536695,-0.019377186424123737,-0.07476712035024106,-0.028433449029227405,-0.04625763315200955,-0.020598584754886965,-0.04426707927603123,-0.021703271046209626,0.005252630608290365,-0.023947491547644535,0.03224633312327855,0.038127730953339954,-0.028978797081532462,-0.06334336257770204,0.013016826117479691,0.022568039783136613,0.050776252173405007,0.021984158921763124,0.028578822939212562,-0.030952721543479517,0.04859414030414586,-0.0200183529730049,0.07185475703739454,0.013356319724561753,-0.024027643646721705,-0.02367709982451018,0.013914278767407487,-0.06049373491594816,0.07799928699707691,0.05852482683008286,-0.04350498345327237,0.014877592005489087
ENSG00000211662.2,0.0595853234852708,0.05114951727848122,0.06478708184244768,-0.03003356919381407,-0.008089032475884517,0.007028666660627551,0.008286561505315886,0.012648145640276309,0.0009503590686040492,-0.015671507025716912,0.03599783555283819,-0.010105323961043832,-0.010973821700687413,0.021014481957409993,-0.0008658523766390032,-0.007097039316149503,-0.015880854135506117,-0.030360626617764064,-0.0383545269982004,-0.04360671062115236,-0.030490269052093875,0.0016135993448197364,0.0202180914157743,0.03791274945685753,-0.052157377153088554,-0.10286317979244798,0.040431825390986005,0.0012867185185383451,-0.013957003704706346,0.011048373568033945,0.0014028326089748496,0.041494384842011345,-0.04547703411678477,-0.014501948623931706,0.014380586164535358,-0.007416413066893761,0.03540290871953371,0.045252804459914434,-0.004914693427046454,0.02597537574943729,0.011719455289504065,-0.016997059894881563,0.01267350296464744,0.03105894984941659,-0.09229913938062692,0.04079144172681624,0.043876470797721445,0.006374559416818809,0.02497211191166247,-0.036533820549166526
ENSG00000164756.12,-0.006688796382061995,0.043312498462590894,-0.012971142357335711,0.012201256626248104,0.026566989105023833,-0.014969547908284708,-0.0033432692660976706,-0.0780851585863612,0.032898879910515974,0.07153438895771624,0.13327119310995703,-0.045293641805823584,0.08547742042820809,0.0034869166685974977,-0.009886912777737188,0.07789590076415587,0.08662267747105454,-0.03597811631032227,0.014057356840156519,-0.013713276385548295,0.06046243697076151,0.00836415565055302,-0.016591847214068416,0.11462707726370742,-0.05136095427136707,0.05037041614624321,0.11208806563115466,0.07706106579713974,0.0737620318554821,-0.001140990256142398,0.04017959770531089,-0.048304245272152865,0.051285227726280885,-0.06080541213598372,-0.04760184597089032,0.05250099215117722,-0.04223176333417676,0.022682289672494863,0.01959810184398766,0.006336778531864494,-0.09437310653929097,-0.10802942916099997,0.09338948271545346,-0.06235452723030473,0.05054967040899367,0.0852313281302672,-0.08577372742034438,0.06439923347985169,-0.10497910821902927,0.11069884544236203
ENSG00000134762.17,0.04683900670437095,-0.051051349710767975,0.026641708251246492,0.07527527217773551,-0.08632736288257332,-0.024476696777440785,-0.03325399388868784,0.06286830855339241,0.02897924148967579,-0.0060083996179811855,0.06412357840896481,0.010769000174350913,0.012939500547966476,-0.05074515744082465,-0.047801661917792594,-0.023519104780499445,0.06717792972630872,0.01394430016343844,-0.006863879996760814,-0.05529564060984071,-0.02321944296733246,0.01643641559002169,0.00011369378813068327,-0.03028680155695747,0.06470899768261362,-0.018271583168162606,0.011252523238445852,0.022274919828420853,0.021355861594466962,0.01926500248258743,-0.034716199485976276,0.01876133233725598,0.02149735758527257,0.015726008735437075,-0.039330664872426216,0.028559960221637037,-0.047938417224129115,-0.015077330426058407,-0.01859314164540374,-0.01055303556195095,0.04388460248532635,0.03595533310758803,0.024943731744993012,0.007859669655221722,0.002489451069739109,0.03955697854815503,-0.025977903034783523,0.0031633815047380836,0.018000668832404452,-0.04471799702937821
ENSG00000156076.10,0.05583175535141103,-0.02733458747118659,-0.027107753122317908,0.05634144099362681,-0.026137261080268422,-0.08778437000415314,-0.010915525373508142,-0.005809876960149682,-0.08427981318570221,0.02356137869939976,-0.056648497810438625,-0.010852152270055797,-0.0036168208042612216,0.00418886417732772,-0.027228304355550927,0.06557587513561909,0.059615982943010085,0.027736279615399716,-0.012456155930025815,-0.07312351682440882,-0.013404359961248825,0.009021227359225212,0.052684643128496224,-0.01235702365061437,0.03524803200079017,0.011807802947288427,0.02631290266682976,0.03482312683146975,0.032501473661338494,-0.007152024664614596,-0.019743238380785535,0.013713305902674604,0.03584178305603696,0.058656306789206684,0.04574693774110565,-0.01249781616857692,-0.0072057774626396185,0.07775988412899817,-0.13610044993476286,-0.019494086967046676,0.0006940073909703231,0.02629945592284493,-0.14073097082147776,-0.0032527194634032683,0.06791874787946868,-0.036112231753955414,-0.05896606714822032,0.05390416382937798,-0.04477632138219078,0.03738887513273055
ENSG00000253768.1,0.022892903224501212,0.054215765011040876,-0.06203668890694585,0.02018123400089592,-0.059090492491775906,-0.02848622635309839,-0.003592420407459225,0.00516156568520165,0.052549941180906064,-0.03874339780900875,0.013182179817345142,0.02941919037664263,0.0375571001306699,-0.01991612929056321,0.08929564083832696,-0.01959462522552712,0.013624638130392185,0.0016662743398101624,0.00400510007711823,0.007778693321924863,0.05567507697263172,0.11246722685095216,0.0429233857958823,-0.03316006738803112,0.01341352275544934,0.01712112810486664,0.022239026951127255,0.017739428351138738,0.018767613403769985,-0.07012934363793834,0.0454475536377324,0.017244308327992983,0.011282919325258602,0.08216706270676541,0.08053995481044303,-0.09187854774019676,-0.01629194922648837,0.035833575922771616,-0.03193333414533749,-0.020928217285719232,-0.03695930419572879,-0.0958461107326958,-0.010700418456634964,-0.026321925592983304,0.020684005486780843,-0.06825043812600408,-0.010228177120948107,0.03803983390397966,-0.018671042561743307,-0.02103013593372261
ENSG00000084628.10,-0.03301498648981486,0.06266630431925659,-0.023502991612788886,-0.007855606059809339,-0.09630540403128555,-0.0403263732618313,0.06850583563617904,0.07620177954665813,-0.001003691245159585,0.005520237676118679,-0.02217500644838457,0.0082613814377912,0.12204428949139025,-0.016227331941225092,0.04475810952549637,0.024623680877502715,0.014468222218995576,0.009333263866671998,-0.026133315332025075,0.0547137205615653,0.031683102016906155,-0.07703844862322348,-0.008929494636510502,0.02522878792424175,0.008022219273881174,0.006336396888509225,-0.026442499656665713,-0.08043130026379336,0.015902323033128052,-0.010646272256749701,-0.03310551772807829,0.040920042340089245,-0.039879986081061816,-0.04352353703942492,-0.014151275462290589,-0.07233918440795348,0.009904129513859732,0.03062491342704418,0.05938748871442589,0.02033855036462983,0.00454139976295898,-0.016939087858361398,0.03218219319403938,-0.006127606834884818,0.02573434127628652,0.0011940453661054243,0.03417208495748247,-0.0031403620645764877,-0.0007458601375400315,0.03281525971698964
ENSG00000233622.3,-0.01678112094278014,0.04369222389482085,-0.018212084007764518,-0.04495147186512248,-0.033106056390138985,-0.06067304257708999,0.040222572601102735,-0.04829224769379363,-0.10637681322409656,0.023811582796865013,0.04980647980031372,0.04862839704782167,0.11229757949168433,-0.12092008107216619,0.07085805547214735,-0.013365494162025725,-0.03681794676135384,-0.01232337801928916,0.047306742121345204,0.04331612937612607,-0.028698999527281128,0.0414953498094804,0.02974700828054515,0.05669657695007842,-0.011430481016337394,-0.026276683198568185,0.09807015966415525,0.027499242106662387,0.09217264674233902,-0.05365089308233408,0.021522867981580287,0.0030500745413671935,0.011774543890164524,-0.0010256387162088925,-0.052013104916266865,-0.040347805521515,0.020513369020585582,0.045580473986412996,-0.03572845823069356,0.027747953224280884,-0.05349985929760872,0.004243153059522619,-0.026146138678110595,0.07414164189017503,-0.06170151989937412,0.059104051278144165,0.02788668653698553,0.08953120695132843,-0.038281037524762015,0.06967767407816598
ENSG00000211659.2,0.05570695328076157,0.05665703516019649,0.05430769571540015,-0.039601026064411765,0.0015805904095877513,0.008571526827934751,0.034471600666213686,-0.0016428515391085797,0.005511739260222997,0.012767825665582424,0.013929859596305669,-0.028673041093385563,-0.013048852789657868,0.014257562570555209,0.022710494078312903,0.0031838681393497937,0.034704025484893215,0.009149720239393018,0.011707495564999464,-0.04026498829370798,-0.08390142500283226,0.006192871378834804,-0.03150159030563119,-0.022802901600467197,0.018513906031104803,-0.022192660686513568,0.013794452051147767,0.061794058563917044,0.02957302138536973,-0.0007697277857058219,0.009500739600316164,-0.054127887095402324,0.007905013215368609,0.03659802550469207,-0.01270634215172249,0.013215668131918906,0.05319236135548521,-0.013883806430281245,0.0010221757737304518,0.04760067245917613,0.05601394777352876,-0.006390053163630454,0.006097531874303264,0.004039497050588859,0.09025334541479485,0.014244870814460183,0.007322687433002576,0.13127872329969423,-0.006208660507850617,-0.11371656986350098
ENSG00000161798.7,0.02485803503590753,-0.04209417676445621,0.027464406001406212,0.07216206213863512,0.0025059395538966794,-0.008160439922106185,-0.03848706121470332,-0.05337477041061153,-0.03474741945642928,0.0508140456268046,-0.07771391690317792,0.05743350688919608,-0.10508704984167211,0.024963759925710937,0.1062868147549306,0.05550834342647562,-0.007780389990402649,0.02158517812464476,-0.08195254130810961,0.052766130703630496,0.04169278439659766,-0.022187103527993256,-0.014595178139116484,0.11069123816794242,0.008048616352373587,-0.05756069882949645,0.006231922404125664,-0.03081385704611928,0.05016826364311986,0.05363148669045259,-0.026733452175074876,-0.01800785133378842,-0.010592566475746506,-0.013062768820214472,0.0455806948682554,0.008370246068849828,0.0009509430425686938,0.07614514989287997,-0.0837100764764829,0.06550840183061726,-0.01142560536627637,-0.070267188722433,-0.06741073706634922,0.07219963515676096,-0.03951358300741616,-0.04128436197942622,-0.04589362636937554,-0.00821321378586762,0.0070973928048135545,0.12246992158326303
ENSG00000110195.14,0.05433709501951587,-0.013896380695865823,0.01375990465351807,0.07605867574270699,-0.004892417064767603,-0.03348930546125816,0.04479353334856376,-0.07073685309227477,-0.012186282626697166,0.06092425673920888,0.0764018785320887,0.04542426629801264,0.04383892504770797,-0.06836509415998604,0.0198869517421375,-0.052965125464792186,-0.038733312246488315,0.09551618321438043,0.022004299936485644,0.03429375774886093,-0.058884983857771515,-0.03496013039090151,0.11025658852318325,0.019453591835003652,-0.04361985553930047,0.06590240777582475,0.009342347427896091,-0.027557308817374386,-0.037150865277047536,0.009796517853694172,0.030039673248609264,-0.02517534679440844,0.04999414610412935,-0.08823230406713106,0.056939567240175265,0.031303655438842067,0.044509207570809006,-0.012693207150099896,0.002474399551318576,-0.040463668687097325,-0.024869269016717238,0.010025871227716754,0.08138603509285006,-0.010439409737426908,0.04217175964860694,0.01586270502633883,0.0020314315837176703,-0.046113188693000955,-0.0035150637589451807,-0.004963562583528147
ENSG00000082175.15,0.02674375730750152,0.04845571116887198,-0.06972280957571485,0.022377456112011907,-0.09611469550086828,0.04591428574151705,0.03630222408157323,-0.03013063778975624,0.03345869710311088,-0.056460593432286835,-0.011704038620064397,0.05340204915779866,0.008671889882071624,0.006421576571206982,0.009641928655680095,-0.00419736094278536,0.009118143590318177,-0.05648075842123919,-0.046376391251569095,-0.04245216600443425,-0.02090190812967147,-0.05947435554103338,-0.009704079362536656,-0.04716432683242149,-0.024868162537658636,-0.0030186013013310947,0.017982477471130826,0.007126204642034368,-0.012183720996104545,-0.01813550023550092,0.023674672990228803,0.025133235598844617,0.014316444643117956,-0.0032176561923118498,-0.02420141367978028,-0.021399871826112297,0.02803587796852711,0.008822004150473768,0.022503973851142375,-0.04115836639105809,-0.027217927289472102,0.0365437271903048,-0.032597053753267095,-2.5338088413568235e-05,0.0009854486983406276,-0.024853647185410672,-0.043526878816088965,-0.005047241049742288,-0.019616848478104052,0.01311230222909056
ENSG00000148346.12,0.002763538234478714,-0.04048445842967846,0.03367858520349654,0.0875616124163459,0.04309124913270749,-0.003556076782977757,0.04759217078181327,-0.04481989226119073,0.12959617659219666,-0.0356784359286818,0.05009880032560556,0.0014291611407083195,0.08705512445683232,-0.08746790575536342,-0.01946189047291415,0.010250568732973963,-0.020460397516177217,-0.008324275584005328,0.026734810711073722,0.054304124796072356,0.03544215567757843,-0.031209250531737526,0.042417417882677874,-0.01614205605066113,0.028836632284960997,-0.012061728780682639,-0.03760051660263094,0.030411041961149313,-0.038357507238566145,-0.05683019423275438,-0.05018108557040852,-0.026669473143000614,0.06316505676525151,0.015409739254066192,-0.08844135814679685,-0.01634516554706422,-0.0007424880179990818,0.02527427181812954,-0.004430748834406627,0.059446175923142816,0.00015694475565953205,-0.02496203979268582,-0.053568524425237435,-0.032145551286147475,-0.020695806020837166,-0.12419190277660479,0.04081917435926574,-0.00675743024951944,-0.03620119283329769,-0.0037032026496527067
ENSG00000172478.18,-0.012381269918465736,0.03860402109143599,0.031118595526635526,0.05373243547658779,0.06784168816833955,0.05212072781009038,0.0057120796973241855,0.13420674662968154,-0.016806965425219006,0.00547404511390959,0.044357226973365416,-0.028936296293361582,0.013071887587106633,-0.06616235526389065,0.0050115899272081075,0.03942385413078007,-0.040314168299931126,-0.02145258349278868,-0.07612018115926186,-0.054936885995466395,-0.04750653899362824,-0.008243864661286408,-0.011730757168089093,0.026119113621096646,-0.06020954797374369,-0.09337232022187734,-0.016630567120887018,-0.05284643177599291,0.08015930557996596,-0.010281597040634265,0.04882390363278906,-0.03369219767057662,-0.07759496827148865,0.031178039196158948,0.007255945601405726,0.014712890107344735,0.002672981804863159,0.013673605739555417,-0.014013907096898716,-0.04280235985959899,0.1407594823400891,0.07115907037780023,0.0072861086894672805,0.002079371213779492,-0.0305467675198918,0.09006977388787187,0.06186019289743855,-0.028042435052243034,0.01318746470920041,0.06731483283676937
ENSG00000202538.1,0.0029342112398496067,-0.03645002954793808,0.0017315355764595248,0.022083245471665663,-0.054171755353923885,-0.011235255535356365,-0.08729982634415964,-0.04732174004284168,0.0685099602037231,-0.04258106571237618,0.10042864869808572,0.1476822327021217,-0.02993887943950064,-0.0015590391484657628,-0.10071922669458805,-0.049703311258905286,0.0841203901252557,-0.0471890934886399,0.05965865151116079,0.10916085002305297,-0.06897728060822528,-0.00200880637291554,-0.0777648797387494,-0.01990077241465517,-0.002351644965196582,-0.029927228201561733,-0.06775692527651797,0.009465511244523495,-0.03414169105977814,-0.06547017227855755,0.008601846046349618,0.006201072592813553,0.04720829889291932,0.06750295562541404,-0.02073499194464059,0.001975167212153981,0.03508664684999101,0.010591204048146608,-0.07182056219775776,0.06957028427488125,0.03380477615634229,0.019228046811949083,0.02923003709569089,0.04150215018165527,0.04434846581678551,-0.07726366840530711,0.06256438950248035,0.06725587356249245,0.002911708963277906,-0.04965375351350357
ENSG00000211653.2,0.05780921576286653,0.0496017191592288,0.06045358056484695,-0.028864225216972177,0.002850948510162193,-0.0009516046403434767,-0.0025550293902330446,0.019833458211672764,0.051224027343771066,-0.0059942908057108845,-0.01654967791929312,0.017480172912459152,0.006062804839021351,-0.00940454744207108,0.0522622961021475,0.04551333701413628,-0.06036808148520069,-0.034903252554577636,0.01619418267008992,-0.04644332386430182,0.016066015510875005,-0.013466737538190518,-0.04103693481488591,0.05282992065687447,-0.0408738576847257,0.03520092329052262,0.08917883600888485,0.023577458146698108,-0.0122560342918934,-0.0502629216149893,0.003045466965642315,0.06347358683561753,-0.04032859211682818,-0.011484688091036045,0.027384653235825077,-0.043484929525737306,0.026253540649485114,0.013705014574474495,-0.03932203984190173,-0.025302551726856033,0.027739012546643335,0.04428723338616216,0.04807958817662706,-0.0033121141581087046,-0.004526135951989766,-0.005449793139498051,-0.050022522145631174,-0.0526970055107156,-0.007971676617051867,-0.005791525560586885
ENSG00000211959.2,0.05657163268488392,0.04529812237158949,0.07122452166612164,-0.03862286154273741,-0.019514336082050342,0.0017214025702869248,0.007711774982759662,0.031173777428760954,-0.010944151705161453,0.0077820765871806745,-0.014010495226312272,0.017179304327043014,0.02612115193734638,0.006917308961734901,0.013542396003107022,0.004823177276556838,0.01822616106241921,0.02143169913983756,0.01806272209159977,-0.02076972347222473,-0.027681112968130948,0.0037444569775442653,-0.07019910968725046,-0.012318250609720232,-0.008644015617679463,0.06279607715621066,0.0314969194200287,0.07337081796651262,0.01571436380601748,-0.04819325870394077,0.01943749627476421,0.026566003327554467,-0.03425153029996016,0.03214863358841129,0.02374605316384604,-0.021714781815406155,0.007863087321371833,0.022123658863218463,0.011327359643968709,-0.020478725674913805,-0.004302212340914966,-0.016061730382200556,0.01703385518234871,0.04815679290676369,-0.016682064590449262,-0.04043223357542128,0.00686071398017086,-0.06949634769290212,0.01105470321913554,0.018181746528677056
ENSG00000186910.4,-0.0014653603766385732,0.05915361655896876,-0.062011717476288676,0.014465763274011138,-0.07406660231208693,-0.0062735127231195184,0.03178601890952346,-0.03214885152783491,-0.00010968168701020501,0.02011187781646573,-0.027296642472081377,0.0670492265243767,-0.058202945131540076,0.008135457604250567,0.14236741285978127,-0.004215125353607459,0.050749937628131306,0.00720033118591296,0.056927743763848675,-0.03794003623595589,0.012223909125131204,0.04727717455705001,-0.05684543966595456,-0.05049039659743398,-0.025854052145976133,-0.0347963410566543,0.03953839480423881,0.03864648502133156,-0.0031242116036540577,-0.0038343798553208334,-0.020284440915809592,0.01281818105460115,0.03366640137658284,0.011973974173894583,0.04687006891408376,0.017889477048574496,-0.009025690366212353,0.05370051427108595,-0.08543558917307617,-0.04209746503182197,-0.026386765959420515,-0.012999455090524607,0.024456260364082178,0.01897523516649261,-0.020131502194206927,0.01891719324161709,0.03470319654830069,-0.01573659594895363,0.018964433918122612,-0.03841878598330393
ENSG00000161055.4,0.05770842027435714,-0.011121545742606547,-0.037124831776543715,0.05141697876819745,0.004235818655682094,-0.05745708551136851,-0.01997593878599777,-0.06031401586915132,0.025108142097442738,-0.011565289421743752,-0.048442631527876985,0.0265512107096837,0.007527663731292725,0.0073244311472763935,0.009930831743619695,-0.10308828160221581,-0.05554166721525899,0.018111110997340803,0.027848515386517895,-0.008118346672134562,-0.05190955876342522,0.06357305691028048,0.0329101078793284,0.04819471435573041,-0.05939730093694993,0.03542092431604134,0.012796413540921071,-0.03326295967714064,-0.005759777592040647,-0.010851175211238611,-0.009789536438628366,-0.016305910951583798,0.05609905236406521,-0.015423081786520949,-0.024260084721416296,-0.027753511709800026,0.029525125800343298,0.0007421393035928508,-0.018643805007229397,0.11282526240182221,-0.08427641987069295,-0.09801415279790182,-0.05927453380368143,-0.040338400198126304,0.004445443745857188,-0.05024566705467108,0.03298895043765667,-0.0073023002793640955,0.11875637669025868,-0.05953023814734645
ENSG00000235123.5,-0.03943254716652183,0.04283138712828965,-0.02621912646084167,-0.005160061788184318,-0.0190518448144557,0.04092819050682156,0.12230674199764324,0.06276075084545876,-0.0008758388926676955,0.04216317761083066,0.006241260419865834,0.06199255383670562,0.043209367879483346,0.025760029861593096,-0.09458383371373098,-0.05688555870805138,-0.050482479237282246,0.09642945035626004,-0.00032767886549918315,0.046700780786284334,0.020289273592365476,-0.032390789027829825,-0.004261508694514384,0.020514447699396064,0.03112472942078661,-0.006414431909734702,-0.039761736081799996,-0.014389092234552594,0.015341893653462764,0.014704556850050864,-0.030674662258166216,-0.08978777248389776,-0.002486289291353511,0.10346805925761225,0.08134642012005489,-0.004984523646209833,0.005007774025597624,0.013789235008981396,0.017695234272384522,0.054395704688272546,0.02656194782934376,-0.0003248717360785583,-0.01131265352626744,-0.010240113556307986,-0.054659913214318054,-0.07626421873956234,-0.06595970271779722,0.03831638735244157,-0.02972380373501906,-0.16179829655627273
ENSG00000211673.2,0.05788880561636857,0.0595289977879121,0.06022563918874912,-0.040530973575656666,0.013011809330083411,-0.010082639781203363,0.0034818809643288114,-0.01881762331569102,0.0007187942417379462,0.0066955468145690365,-0.0007350083216536202,-0.015616806125149232,0.0002800282885167475,-0.01321664821089944,0.013237622174377664,-0.006641054743006117,-0.011246886628287182,0.058418476017165655,-0.027312237432627878,0.002045336355505544,-0.04618230098825372,0.004477679392926688,0.015978704342558013,-0.036565568686719604,-0.029142736357076805,-0.0008634783821668711,-0.01194103872924065,0.01893211129042752,-0.014927984654219366,-0.022900743061052692,-0.0018187428642965965,-0.0217106007539598,-0.019771561194226028,0.10088649677846633,-0.02794730461798734,0.024677547889805442,-0.009122542086826054,0.0062778245097980965,-0.01094064107583816,0.0033570211632742877,-0.06908721004890774,-0.001109000503334427,-0.0008979225422667475,0.004389879871054524,-0.0012546894412321019,0.028327462236035685,0.028441093062766282,0.026790489348032,-0.004787207989293806,-0.012130587552533396
ENSG00000069535.14,0.05031083581329058,0.0059781886633118765,-0.06098734490591618,0.022781385174858577,-0.035098123101383924,0.027115642312740596,-0.0004975132099927754,-0.052836030374085616,-0.04166409194832352,0.028304464800752476,-0.02674920373881702,-0.07418466499520907,0.025607964639342763,0.058998776236738285,-0.020932263232246257,-0.09218837874395903,0.09030099783391217,-0.02565450004581409,-0.11926977079074831,0.011461543620643081,0.028863784313430844,-0.08612524524542249,0.0457143009707722,0.047170255711835536,0.04713433714848364,0.07853175335539184,-0.006093609915640456,0.008084466848608314,0.0006705375833406268,0.04499389865392616,0.052757121963240734,0.030303933384847978,0.01242407694123564,0.012275176262807696,-0.013665782060930371,-0.041358244594916424,0.03697303871666071,-0.028082735464319254,-0.020251910564422115,0.029838394711222772,-0.030761993066748008,0.03775248881896288,0.017778323871121184,-0.0038882104406177845,-0.0065395893149112,-0.006876425079257956,0.07299047016086416,-0.01429980301070529,-0.05003759576133523,-0.061611220936528543
ENSG00000107485.18,-0.011174257843702424,0.091242746436699,-0.05219787280409112,-0.0035778712928631502,-0.011264560313390857,-0.013341578824578912,-0.0015092894603428548,-0.013001304128108555,-0.031034613101680254,-0.03717367133847029,0.005140870463847738,-0.10251690807378049,0.027450240994263117,-0.016135453264719657,-0.01051691094604734,-0.027859812293374617,-0.021571235401291133,0.026860883305052402,0.026083133046208382,-0.0015435040108878642,0.0024326187553822686,0.019230374122964307,-0.03891558247831939,0.00840969101795908,-0.019822361499998973,0.00045607023864308694,0.027995415516445722,0.015109440234299491,-0.053775618909506585,-0.03607918848891958,-0.010604991181388676,-0.0028911838570117947,-0.016765676954642372,-0.02069795410405559,0.05184276980221779,0.010548759633582023,0.007414209511119519,0.01931814267020096,0.04404986888596855,0.0604340731426814,-0.017130663904094602,0.020356091579463786,0.042764682856993856,0.040951967329647725,-0.028560389739121464,-0.050213328771785644,-0.010076142772907287,-0.0630760923753213,0.05156512985175744,-0.05605688772106496
ENSG00000117472.10,-0.016409689609407183,0.07700554679164398,-0.042061308133438356,0.038899081499136456,0.032181809117247495,-0.03302794742258997,0.025718014426053502,0.04083507775028854,0.0694785345002402,0.048774095437545316,-0.008660767136762188,-0.014013146266065639,-0.10275652834024072,-0.022392196643868177,-0.04168009483925199,0.0408162159779707,-0.0023455330377548573,-0.01961926657224387,0.044279446015925344,-0.03349809387452784,-0.00514049576508023,-0.030611909945434345,-0.042598077411687967,0.005819220038281586,0.040455732336325594,0.012292418536480332,-0.021111404956706575,0.036340883930478574,0.07556459908951858,0.04575584628288371,0.014582273090495673,-0.05519610570408382,-0.052593077774716515,0.013044116234880283,-0.037623468419839164,-0.016389647697850236,-0.031057005119291037,0.016626929608375158,-1.6315216340548463e-06,0.05809506675585849,0.04720773989269085,0.03655149367555978,-0.03788804871807924,0.046402393806086364,-0.004354940354967814,0.014469591628619362,0.02448436103599719,0.011243797733338586,0.02762903353496341,-0.0006552147081193513
ENSG00000211637.2,0.06252775535929131,0.03789257527249173,0.06960266773795204,-0.029973441524897018,-0.003689617941457565,0.010708916593490936,0.019865046377680995,0.005535060513615263,-0.004006969638529846,-0.01258358976131549,-0.03216179476317051,-0.007142432531253258,-0.016420619575599052,0.020438062151013982,0.04895006305885033,-0.034468022462937946,0.009194346980703549,0.02998671612954073,0.01830662279283617,-0.02835501243472374,-0.05318059402199509,0.0428142189562333,0.016005600394614194,0.06845145016951724,0.015945546960881535,0.060485111015105446,0.010293149996309004,-0.014926871025789474,-0.006081776092559465,0.03660114188973568,0.019328189901616083,-0.05830987647432766,-0.02422837879963038,0.0043867026695287884,-0.01258110794164445,-0.01050408779259074,-0.006175859018263113,0.05580119559288598,0.0425150242615854,0.0166592814777937,0.04503503160077272,0.04064969381938177,-0.018932169129702466,-0.02406401780400922,0.005135561051853948,0.0402545929705157,-0.05230975239301645,0.03557411087983126,0.02928438301523423,0.0011222053841511636
ENSG00000105664.11,-0.028553605874801703,0.0637871744527252,0.005601336114664673,0.013919925513953662,-0.021079461049088873,0.12575526368245993,-0.05379114317887395,0.091479178113189,-0.08046462657313823,0.054897698234750096,-0.0005416295280126439,0.005396739970345718,0.05732004458512058,-0.0026379267053505007,-0.018090472293500096,-0.032845480725397856,0.025114203125182356,-0.009131089008778476,0.04597637032163985,-0.0005547267357379493,0.03521665339380246,-0.00641016185500801,-0.0005643419363684469,0.010767057778876914,0.038759380839679315,0.0725427731406675,0.030035949976290003,0.016818742215058892,-0.017287301217592553,-0.007105796800899113,-0.027536760328748328,-0.029992384345018087,0.05014810356735481,-0.04550242314487649,0.07865719697513132,-0.002209055613247672,0.07082211367028483,0.04659331444249912,-0.0707627324012161,-0.01588417509540488,-0.04384743619678319,-0.06625045013269555,-0.0390434173145975,0.032137737138914914,-0.02842782588389096,0.009470953234719338,-0.0013298635970715271,-0.03544560653215002,0.013294785749066552,0.0660093396259352
ENSG00000211962.2,0.06455525984912135,0.04000734575333858,0.06892651525412646,-0.03442116490732228,-0.007903130249384863,-0.008522765701094996,-0.01394363089793466,-0.0008470077828452977,0.003969512775266286,-0.015959997010990993,0.004731099100830914,-0.017660695144676164,0.038222484773572055,0.018075933621751146,0.006095807527148167,0.017343939676934712,-0.008147019017374456,-0.005923333968701514,-0.0028023252756711856,-0.0231859575405003,0.00834442717091683,-0.005194620773781628,0.007038447393950969,0.016913644711172546,-0.021819336339462574,-0.00973002183361405,0.00190922256693658,0.05164599209185503,0.00012115007377698515,-0.02027781291800504,0.002222948297251775,-0.0010953057236182241,-0.021954806112725236,-0.01389866359908719,0.06460358179894415,0.0161637843070648,-0.030570790409831784,0.03304580980806458,0.005428740616249099,-0.06829303810319749,-0.006872638522099524,0.018901603117296537,-0.01969979680040458,0.044311488762349416,-0.04666276935024051,-0.027912864538001556,0.044692298737877355,-0.026288771218922608,0.029186483553324167,0.015156886151463846
ENSG00000204385.13,-0.021365212873976018,0.08473370043774238,-0.042543757380544334,0.047987311466603136,0.04023509656928351,-0.00631546614209466,-0.02594865136644026,-0.014421024235120537,0.0069570073337679,0.013285476596807903,0.015124561520105224,-0.005814269013539796,-0.014878640090883546,0.014258270105700997,-0.03454075121595833,0.012681268687546847,-0.10459265752846009,-0.02410019481595686,0.07212628781455714,0.03338829916450434,-0.052850262903022145,-0.025161563812920472,-0.007252203964158829,-0.023793900303435273,0.026581186625395936,-0.008323755905680895,-0.058750790907453165,-0.01697639562561999,0.009171724228099278,0.025973007205362515,0.06420171690524888,-0.03805201527968408,-0.06491636839350369,-0.02097021731869527,0.0006334700040851678,0.024173568675801928,0.0002617532446660629,-0.018823359193968287,0.0487846315896895,0.03359146245764358,0.013821286283663883,-0.005035934304694331,0.002105478976432968,0.007763502552863736,-0.031985479253122125,-0.011587013324037543,0.006076737018769048,-0.025339468212312248,-0.022577206943867903,-0.030005037617065727
ENSG00000211892.4,0.007163587656123473,0.050753585134475816,0.06656820108546263,-0.031088839200502674,-0.02347952577995953,0.027227180811900877,0.0328902438910341,-0.001585199066524796,0.017511601309582937,-0.025511505080610574,-0.041028364275502674,0.02153184774991461,0.08630051485343332,-0.027145430747412002,0.04949524916315013,-0.019528276169652973,0.0868483068566019,-0.02116451655429844,-0.07310007546260833,0.022485926697258532,0.0069674077134921865,-0.035961229260683784,-0.03864990195262328,0.017170929011979703,0.020742240507474936,-0.009675676484334532,0.03883708188338454,0.08730896571280936,-0.033329907006695865,0.06517363271213512,0.08864346841177853,0.00480490245381268,-0.010851497096351652,-0.07021121123233441,0.1428550358370616,-0.009851181728261597,-0.026119716358229177,0.05574451467317074,-0.05323574292779236,0.040743026396494575,-0.035143800289309,0.05266744549211962,-0.021264185016465705,-0.03601479670600574,0.02512352802394358,-0.0743391735688603,-0.006252296524585934,0.03682023881828382,-0.001517691161291695,0.06144939676417663
ENSG00000211976.2,0.05307046633847202,0.03732580397979163,0.07556213690632736,-0.014835110178140916,-0.005547202417102191,0.016521077980903066,0.008697017861517279,-0.0075652371223729345,0.0019239093327004986,-0.015085040754391961,-0.002356191530897275,-0.022679024064275934,0.023266491727949073,-0.012541097258610634,0.032250220910226564,-0.007556917529881032,-0.047265606647011016,0.03263116294643992,0.010367128244511973,0.0044680047850899065,-0.05049320060704585,0.04087357363305034,0.010600808049758605,0.013153307789829666,0.013659567911161496,-0.01393978526565499,0.05711564061775944,-0.002570380565198957,-0.02013189857127166,0.05280376065696711,0.02027890559114444,-0.05604066153818043,0.0022747055314450834,0.08826591146280151,-0.01687108873169125,0.03442269075974773,-0.009788516194101239,-0.029751069370491226,0.09820474780326881,-0.051366666992086994,-0.00760005420052724,0.0010437684156211985,-0.05844055129640327,0.03138867873441268,-0.009293904779757533,0.14261184506047583,0.005506593807528586,0.07162357636200228,0.058348570852920556,0.0313792734310282
ENSG00000169035.12,0.05436049598709771,-0.047810532513305574,0.023102108747024733,0.07598274868542784,-0.049740420176957116,-0.05485428721831376,-0.004438603735656625,0.06578923084397799,0.03851083770390382,-0.013122459754623143,0.08372853279435692,-0.009763989834350553,0.007431653376565086,-0.029097255718133628,0.011865698074711281,0.0487972098651339,-0.052852752086759276,-0.044846536229912026,-0.02150102929856455,0.006772670554786885,-0.015041101026160702,-0.03475182896640746,-0.04399749462037575,-0.057088747998640846,0.004662548467261654,-0.07066265015571996,-0.03831287111498837,-0.044976250835616814,-0.03331822327935691,-0.015541133054833968,0.004018406191282151,0.02624947570300154,0.021103728852063897,0.020090280421591833,-0.0058441338231109774,0.008194238854660503,-0.003836189269808478,-0.01793991793552331,-0.005636813567535211,-0.010945216725472209,-0.05710246261671798,-0.025792512964304574,0.03387573189098387,0.012445502468106957,-0.02876355438640699,-0.046003910436606975,-0.0028249002841257537,-0.015515974960090705,-0.021079706150840205,-0.05419420930580928
ENSG00000107159.13,-0.026152496627351054,-0.049080158417724666,0.04949103615170078,0.07337531495572419,-0.006239891995379018,0.029552968971657236,0.018000590018833158,0.05431393038755745,-0.007230926145078835,0.019783115518261618,-0.0067770974187706685,0.00032676921294460545,-0.0279699671820443,0.06827244124540409,0.11677012765447103,0.008162692438981142,-0.05929138170114971,-0.03880075275145098,-0.009828894003425565,-0.033752137015798975,0.006796761733390818,-0.06967370833708508,5.418420278302242e-05,0.005726614464697484,0.09140866351297974,-0.06730462257183978,0.02834590876649253,-0.010801355346978198,0.007805789237436543,0.04956709361663428,-0.039683145374452444,-0.06027628197187965,0.016107399962077648,0.03126826761403442,-0.0003008848342414055,-0.060805764975167334,-0.01746196398367645,0.01842880432252118,-0.015000785038211523,0.03702964795868721,-0.05815020718761725,-0.06225202349850899,0.006242452189833566,0.03749720056063708,-0.02910006955016396,0.0643263245923849,0.07168816937034939,-0.05141256290041551,-0.014408458397283335,0.047301513355534945
ENSG00000211964.3,0.0652546278770711,0.04189812718440192,0.06759105909717496,-0.03042540346106347,-0.018841195529812192,0.0021988598191424328,-0.0048437254147722176,-0.024482007077462516,-0.0014925896425198267,-0.022721187341816197,7.308731997749268e-05,0.012280810184675826,0.025803225041533054,0.004187327751546624,-0.01626796684224434,-0.010606816093104307,0.0045708592837576025,0.06540674243805666,0.02226414183724193,0.018984008081716613,-0.029133604969266518,0.02192168442789049,-0.005166268129831612,-0.008323611433427896,-0.0034403146949956538,0.009519877479496569,-0.06520649285714226,-0.02678452185160142,0.052447769150071266,-0.01437217883684932,-0.0003554077820006473,0.018087755130275645,0.017677413455455454,0.03853966307827035,0.024046616846514678,0.010113529122062924,-0.006020675314288852,0.02647527608529998,0.06889753932015284,0.016837750133665518,-0.01704489654483706,0.0066989251739417565,-0.01963535540044548,-0.02099334826818822,-0.06429406669538118,0.01342849006125037,0.005717660196701268,0.010403109967523083,0.004664269201624245,0.046992895878355326
ENSG00000132746.15,0.006821080923585196,0.052774519452717675,-0.00637476538682604,0.0459854313650679,0.10465420993898487,-0.08674799963027857,-0.026132533061750816,0.03305808278455358,-0.014922799462882878,-0.013414200523934862,0.07162264508909441,-0.06770392547628716,0.047700903335712884,-0.02874526506394476,-0.037903754533059233,0.03332978248955929,0.03554959954460245,-0.04713337702195203,0.06840635422220044,-0.018398482635171614,0.035545958610018996,0.10589283215857749,0.01940874744975258,0.05189784764544812,0.03402787739411376,0.009131045390475717,0.03620017627478694,0.0008629485003835462,0.024614386999713748,0.05053589828261299,-0.09166813621749334,-0.04462414578753532,-0.11114084228868239,-0.01406294479889898,0.03796944349224317,-0.03713840013782982,0.007546505577300093,0.03330943274942009,0.011072255743240462,0.06195369265906978,0.03050116329717842,0.071851855533479,0.02154138128629223,0.028475323298318717,-0.0039715373623717895,0.05483323330084325,0.009625250877483848,0.02688953386036636,-0.028757721714069734,0.013752726489174708
ENSG00000139219.19,-0.005521087578734294,-0.012900991094514043,-0.005040663442082647,0.005922434698193414,-0.07853610458638753,-0.05960389921127681,-0.014633999290170174,-0.037459419108242645,-0.05771647714042631,0.09865327476957511,0.05896992923638563,-0.03062908695271109,0.008276101129110707,0.08316694874271638,0.103854102562559,0.0870098223047364,0.006997293741526636,0.01718451821261428,0.017383206935846475,-0.12329302389004816,-0.05212096318011937,-0.04631886798630056,0.02418083829372885,-0.050215169525239495,0.06213080363536117,0.15400543383808418,0.01038475053943313,-0.06522755427617881,-0.03453879639514839,0.13056004657922368,0.01972433778865926,-0.005329683267809212,-0.004076218074358626,-0.004640798610436747,-0.11074365697792457,-0.063278705844971,0.04337145361025165,0.07296405716484762,0.06757519578705913,-0.0016140061094379622,0.09447093755507853,0.013229405455658276,-0.10259027840409926,0.013351995572399047,0.05652589486295056,-0.13164090118124136,0.020021957111025866,0.037265005691390234,-0.028070448893091387,-0.09196138855935491
ENSG00000169347.17,-0.0012020431623626785,0.05853325204623018,-0.051944723045743935,0.031701895402848436,-0.01942967744600105,0.02053054802964948,-0.06114836666337047,-0.06281222465083242,-0.008558099950152963,0.033361512339967814,0.016805714736130302,-0.08990305473363482,-0.011944226793393365,0.008057024602719528,0.03175556407362048,0.06522627604512644,0.024996178491245306,-0.05789829376961628,-0.03164320583027467,0.06310695321790405,0.024927424898978295,0.02800187686280571,-0.020649944406720695,-0.024483573320119002,0.07916384424411368,0.08575687643746635,-0.05065643968407945,0.055490872555164196,-0.030689565248379586,-0.0017927944013265804,-0.05267926685322022,-0.0017262267712236743,-0.07647455087566349,-0.017938373320134985,0.003647172280230788,0.12760047107182368,0.013414659185704938,0.06135353518693115,-0.0164117819107341,-0.12701344583997137,0.03148924051216201,-0.015317254100203168,0.08280585998219424,-0.028870253530748274,-0.01276855173102643,0.008206664182039266,0.06354331619684478,0.0073477235703844025,0.018599592029005574,0.012412906493695827
ENSG00000113739.10,0.023189141690468963,0.044302556804926375,-0.04960318141179078,0.04327283980245952,-0.09694362784329663,0.00207151088410298,0.00959609155833723,-0.03690474859136412,0.01876963100674672,-0.05998623174953572,0.008477831887021897,0.041524123767325,0.030306369537759652,0.003072578990819875,0.11761203340205449,0.03560098441242574,0.011044574125771612,0.013106968391251379,-0.0334607404708581,0.012018562526620048,0.01843816701638665,0.054091219296429946,0.06160306238133817,-0.04699791662216667,-0.010048203343774433,-0.028414868953782337,-0.014211934732825199,0.01302434931392035,0.017533798864919226,-0.08700570693327167,0.07517136242643274,0.015179168489321363,-0.016029969158221274,0.10329595906882603,0.08051740748611501,-0.09550441949855212,-0.03214215395413008,0.03625478670581325,0.058979756809810664,-0.025330590952871015,-0.08104374496010001,-0.040871268815612545,-0.02453203807660414,-0.01426555861930791,0.045295675154957034,-0.025446464718154843,0.043261468149701235,-0.01665726145937736,-0.05341832655605953,0.04391301702558037
ENSG00000137558.9,0.05542180021127519,-0.01876685184656185,-0.0067553384804198945,0.037149668896852735,-0.04537008669171292,-0.036881174975376754,0.06964267170196031,-0.0687244103924709,-0.03319709131734684,-0.046496912859360306,0.03830263530336988,0.02405362391220483,0.029327844774487206,0.012392490694320335,0.04385233434040031,0.07383825359608019,0.02705256628317546,-0.06266297284586941,0.10788551318244487,0.008608183230534718,-0.003353953237852961,-0.057070634014959744,-0.029624503245196276,-0.0024991547689622302,-0.07790906370958599,-0.06289207311931189,0.007495733125818618,0.002932865578815936,0.028649394175361897,0.07382977493656712,0.008371314159137938,-0.015197370153300811,-0.02229946406772784,0.025463417249587807,0.066486297605376,-0.05102047036194903,-0.09712956053639987,0.045831555984510754,0.05691648003636037,-0.033957028100124374,0.05432874839252921,0.03968920430975733,0.10270615835313192,0.003818693710525166,-0.06641561381710637,0.04696130547319006,-0.024831358033088304,-0.036714377143335246,0.058555315703032206,0.00045439778470257266
ENSG00000154198.14,0.008433002461869175,0.05691618466580963,-0.03716202055766328,0.054075593806799105,0.10963092263975276,0.06035278976426541,-0.053449188808918184,0.003693780390224515,-0.03774210638205115,-0.06268175575854357,0.0691011741707849,-0.01598404578807639,0.06153707637479764,-0.0152478836578208,-0.038824786876317165,0.03702861994110003,0.042140106049596456,0.03072314734023888,-0.006267429093427034,0.01201405955657579,0.030335379961310496,0.014002986306900762,0.043638228903254285,-0.012047029584621317,-0.020051151180015617,-0.03128565711541099,-0.08943255744973434,0.01135499539065332,0.01481800992559674,-0.048548859865323715,0.01451527211487811,-0.04232078492923742,-0.03661455454826301,0.030244172110284243,-0.05239788671378205,-0.017936736817687635,-0.0104001107550254,-0.02124748608061899,-0.017378786823134026,-0.028559795807590306,-0.035039839689921345,-0.011167231839427636,0.04737036399492142,-0.03009169699711324,0.012884379156342786,0.012506904507565647,-0.026565627462256994,0.028989365797914883,0.03964269339414077,-0.018822134828908602
ENSG00000211897.9,0.02401604892919278,0.0524636781184922,0.08274162756291184,-0.05200070423394318,-0.008988709687709078,0.0040694391736026195,0.0257891417273943,-0.0001181841902617425,0.008856152388902989,-0.0026426359874722146,-0.040542525505467636,0.03603204784507788,0.020030879314467898,-0.03921207688558574,0.06378560489623986,-0.026494453983053386,0.002029660274063657,-0.0503988365244796,-0.024834738106949195,-0.00910108787425171,0.006451437914300293,0.018612234429400736,0.015374708857203424,0.023717588134864832,0.05710641158729111,-0.0068107019309082695,0.01908311541481978,-0.0006078422597758552,0.027389516673957132,-0.021771258453635405,0.0014342333743640504,-0.008659325103724696,0.060171600340430884,-0.05463177849317114,0.0409585891710484,-0.020312133315266632,-0.011772320796750694,-0.03901990401656007,-0.02275369015861259,0.04069708493735239,0.03444478041296136,0.03372266472841793,0.05108328785333791,0.00763655391740174,-0.010469758739906167,-0.007032660308990023,0.01696828335398154,0.06083913899017422,-0.029728389148865407,-0.040978625526015056
ENSG00000270550.1,0.06290396953334551,0.05399842003165564,0.06723845314400935,-0.02850799812238473,-0.0024978584864599755,0.0070677395296921,0.003415842418572782,0.010481683733786721,-0.012292017907086636,-0.02531479864248686,0.009215850785695147,0.005925606446993733,-0.015283684787893268,0.019220645407070493,0.014770226359757116,0.038151330201326536,-0.05189609145356541,-0.0020884053223150976,0.043989803918194,0.022018777577317065,-0.007041270718416586,0.011483692651498267,-0.01884604448394489,0.020406493494397823,-0.019446055954373022,0.025413301790637468,0.010809013478821898,-0.011263270685149167,0.01599748785379033,-0.02802201224716602,-0.015399733995897703,0.020102736830712557,0.02409353389235298,0.0035501121483646615,-0.011951192583081001,0.022503726404707824,-0.000895446615890288,-0.06295573127918112,0.013641354322767441,-0.017801433778588043,-0.012387015659800068,-0.003356982158321216,-0.03793639898463886,0.0296240795038193,-0.011271924990708757,0.034309991729327666,-0.014553245790900728,0.017787596764429998,0.00390360246741135,0.013744291016295707
ENSG00000248779.1,-0.00041127255005130405,0.04317046214943445,-0.033392051548281634,-0.0060060678228205855,-0.05964499779035183,0.012748653599373551,0.026557726708607874,-0.010743410788574988,0.13867513181090535,-0.020306192777554744,0.046535820829398444,0.02057504199307219,0.045476870433486555,0.03647569144201976,-0.030488524637026424,0.03701338711992154,0.08537534033392978,-0.13229281170607904,0.016892507880558193,0.06088349221595258,0.050777668150086226,0.051319375786446644,0.05831745767866766,0.029321397207368656,0.0031721806935693406,0.014656588134983889,0.050652207683884495,-0.04733780000079451,-0.08113217326014356,-0.0420000617254424,-0.03748322474967869,-0.09234640812403049,-0.1352895183649827,-0.04461511592686154,-0.04951999410167361,-0.018893399399665247,0.014452799919120143,-0.028107240380755377,-0.033774166005772474,-0.071859666978405,-0.03852803611504061,-0.040445350677389566,-0.06029553199162705,0.10300425081234181,-0.05632203190507258,0.01991000586829269,0.06928959540268333,-0.03295880835546452,-0.0342411298253874,0.02718710444725373
ENSG00000163710.9,0.06606803518698491,-0.0625458432002264,-0.03843965877691342,-0.04578765316877728,-0.0026348074535444887,0.028585633271986953,0.0025450372468800568,-0.004964287350901685,0.031831860863629886,0.0625834045831386,-0.032248663172784346,0.00868951403348142,0.03805212790345645,0.04729846833960079,0.0067742085169840505,0.009184687044349197,-0.016905015861387086,0.018130925087154217,0.036118155415243186,-0.026749484451074102,-0.031374051490977106,0.054390160537801616,0.04682491668544704,0.008198753230157623,0.013663463888033335,0.029139916031162543,-0.056070311843549665,-0.006897008284501555,0.008535109077689711,0.004871864315954777,0.028012073655454345,-0.020069450190243594,-0.00692770873785761,-0.01038360814058801,-0.005127004923694515,-0.0027041415627034452,0.010023852925471114,-0.0074611303300228474,0.03407467421483723,0.009634332747916757,-0.02169118338282669,0.012283124580850575,-0.008258148644286537,0.0073433878884655406,0.030233100982940134,0.015088961194262292,0.010647905633267828,0.002355373893054863,-0.004723957708867199,0.010125962229431549
ENSG00000251141.6,-0.0031277398061079144,0.046861143791542666,-0.04168810627552159,-0.004554771215716531,-0.11218111631392551,0.033654034577735435,0.04783313476740189,-0.012837946846604886,0.1177555526902222,-0.048535925003761166,0.04633930571433775,0.019858089644995365,-0.00684635694195143,0.028973797625360086,-0.007266078800576915,-0.00982326340871127,0.07691050672299148,-0.07533757720689505,0.034670343484117024,0.008056675564266263,0.056206401415327636,-0.03187333810306188,0.025029459463720198,0.06346269130465296,0.000472093817341553,0.025559483087292906,0.054953192622176954,-0.009767797981893627,-0.0811438948653336,-0.047642921343870645,0.04624955116398969,-0.006236505668324914,-0.05507750870258661,-0.02317616905768562,0.003687384807879818,-0.016952060346870922,0.08597866052327711,-0.011784758272142279,-0.024433744408302007,-0.057453078302461984,0.00038029453735312715,-0.0086979778183034,0.01965553149714632,0.09990885790011104,0.013742689240772534,-0.023805286738385646,-0.042238697492139064,0.02442553638207442,-0.045992968872150645,0.04465357440724754
ENSG00000287148.1,0.06925764353895632,-0.04162793483518056,-0.05873542633473936,-0.0661110617000103,0.034483191040644706,0.017884432277124405,0.019631084697586374,0.006680241585046456,0.031656702859626504,0.014764017631773993,0.014186400048680693,0.014569003549174167,-0.011220674595437534,0.007604225994570165,0.01903630594567962,0.007213427115516703,-0.013093321415806502,-0.0026123445439447724,0.0004211441895516333,0.005774761989754073,-0.02020796648358035,-0.013143207823384209,-0.020182408863009173,-0.015116481211983864,0.005376749992811296,0.017642317323543818,-0.014220075231412947,0.011547088459652567,-0.0032840336121257273,-0.01626466491891906,0.005813857958890984,-0.03034570328234132,-0.000151684283776122,0.011668678054031292,0.013081352878448846,0.015185442618462393,0.004219411836743739,0.015349700485747323,0.008035683203895836,0.03694088918088822,0.011645144355435722,-0.008796929568264755,-0.011847913947253751,0.028656345428187496,0.008062439259734685,-0.007935734953283596,-0.0006235742367198151,0.03931369514088977,0.033013240803360606,0.0014298814723760662
ENSG00000197766.8,0.060857335147364924,-0.008037150283055796,-0.06541437722499151,-0.0532220077988178,-0.021900888815284666,0.03281662983407621,0.08547325982992912,0.030312909267004272,0.0022356849630045137,0.01335033565969994,0.0013579407952348033,0.005977283554746351,-0.0020814305946293774,0.015063383028131372,-0.030122004931584095,-0.024016086872314154,-0.013922348111639683,0.0525163056321639,0.029279231577919305,0.05217526852072367,-0.01379006016653777,0.024379444192916846,-0.01696540158468725,-0.007413449934840124,0.030808957333305586,0.007252702256126171,0.04557152655347013,0.055139305012888704,-0.0067972883372497545,-0.02870816565729279,0.01795022344080969,0.00027465064521948654,0.05249201692166792,0.040929604479923776,0.03482495057061454,-0.030776600269625014,-0.009595215337744288,-0.02356684060401238,-0.05544696730305244,0.011450659315850594,-0.007711308464103015,0.010373018798989723,0.04555865824270613,0.012068497881565955,-0.03403701088156991,0.011573749870060851,-0.01024461448908692,0.004656268470338914,0.02582319365009471,-0.01445354244560944
ENSG00000188536.13,0.061876418917071005,-0.031121879530289304,-0.06379542654354088,-0.043439929031367966,0.01919924628951825,-0.00771985621428251,0.009989134392308342,0.01005606591194469,0.0008836736495491054,0.0029369630208097176,-0.002414788952672872,-7.779171217955069e-05,-0.040867476598085165,-0.02469661219553638,0.015351941051169339,-0.035720609910971396,-0.020018250361842974,-0.03498015646839911,0.015871452055667742,0.047421240509928124,-0.02134841524030707,0.027432947623180413,0.029408974885609816,0.030554740678523474,-0.09956287191778877,0.03633582343643539,0.004598571143276421,0.01568378647192462,0.0017657923575018176,-0.06727955032951673,-0.06379715884899394,0.047197302286855036,-0.03994617374335112,0.02502970720981553,0.01439170322075176,-0.030664185361886455,-0.017154392586983026,0.009798488208778655,0.022653703339636292,-0.010235727854337164,-0.06386616409883564,0.012640160089029141,0.04093174927151793,-0.01409287113098294,0.03846461020884582,0.03785739363144631,-0.012713566317117552,-0.04064093463009714,-0.004988167161804836,-0.07585032444412168
ENSG00000211899.10,0.062292220133952005,0.04213473286965668,0.06334925651247353,-0.01545417829867,-0.00446982633239562,-0.007980682246500788,-0.015261247758688243,-0.027150353315116813,-0.029968450172187192,-0.033411010026177204,-0.019006411960553655,-0.04731431397863249,-0.026282492163646545,-0.05360688809977054,-0.008618559532487116,-0.0008907623921543783,-0.05034782337375802,-0.0006386444094492764,0.0391047613542867,0.033430324931538656,-0.003237419493864857,0.018705935056115522,0.0059705574038847985,-0.049421808854541206,-0.0033570459896600287,0.007374811355396234,-0.030967512572780458,-0.03888331410195919,-0.05273344335245007,0.020590377069804752,-0.04269545968751565,-0.015028542768470574,0.01891830151626026,0.018239579690020043,0.05753924202783191,-0.0685002393151237,0.01587609650835636,-0.03846580546798336,-0.012212346273640517,-0.07029504876605905,-0.06016065437208015,-0.05976137868688621,0.0028547692697516737,0.05516160261755224,0.035458709890369124,0.015928216435917034,-0.05511814612990408,0.0142520299573091,0.024387998854276546,-0.0392579142803615
ENSG00000196091.15,0.039218104812123386,-0.018820747197390245,-0.021957497510664344,0.06888087537926237,0.004909548723557287,-0.05771409167708562,-0.007334792743315147,-0.00018975122810942078,-0.07398310856066666,-0.05676243521054187,-0.09044581073811887,0.025480899662418,-0.0034611649714250386,0.043245043929009026,-0.03364690923678491,-0.06655226914064762,-0.00026493506521217377,-0.10365597014220168,0.06871281555391091,-0.05306741816365036,0.00817694918798505,-0.029394386024952132,-0.044288699998619944,0.030730833739271074,0.011840798987840856,0.06953274278674318,0.07205123344465376,0.021874079128238706,-0.14244246318382575,0.04414861297503421,0.000363108868061362,0.03247685548112028,-0.019606629293541126,0.13159590698366153,0.05556419390450396,0.08525691801313062,0.07160863203128941,0.05785763589304328,-0.02698800270282532,-0.002419469269985235,-0.04349488730982355,-0.04845464901591479,0.038409811352187455,-0.04442625772640851,-0.014483556626467178,0.0729563837078894,0.024970325312805294,0.008800326568343049,-0.021721276234798637,-0.023490610809373088
ENSG00000224373.3,0.06393005474519736,0.05137372469064219,0.06829208045828943,-0.023781910405400893,-0.004398505620996531,0.0029346223435324113,0.009152112679364529,-0.00816783372589216,-0.013446897942498775,0.006003341786498667,-0.008510652099598363,0.002630187460611439,0.019927907276929776,0.03423813281200506,0.015893299623985314,-0.008202266485957585,-0.010564403430625688,-0.008790513316543215,-0.0348384751164227,0.0008258593441960844,0.007213778826444721,-0.01950647079235677,-0.014091363295084088,0.04800462415585158,-0.05273315246813476,0.010091005128914846,-0.0034959811810555195,-0.010473113950403963,-0.010576451658093977,0.006627265369902137,-0.023688362143774195,-0.022486214251051958,0.0012834840685253587,-0.0008582763911738238,0.0009827141278270295,-0.02391931619262637,0.032686575578308556,0.006358884477309429,0.03318815617778971,0.005645913721973282,-0.04066972519475834,-0.029926038047644737,-0.04531853072645439,-0.0015892671819032582,-0.05088310147123995,0.013784961506441273,0.029142285398100348,-0.03809652322156598,0.05053885735410735,0.011934470881922822
ENSG00000105825.14,0.02966767192479284,-0.002891116890462836,-0.03835723818288024,0.005649805660670964,0.009671012658218382,-0.05355803852690291,0.07204586919684319,-0.03728411833686007,0.0184098252539556,-0.04393961409570223,-0.05662124714061703,0.11750340580116643,0.1055071955858002,-0.03923540180798302,0.022873570102917327,0.016147455931283403,0.0404864900848126,-0.011508194124762294,0.02807350849993522,-0.0017349998858505592,-0.030606940410920092,-0.050782571972062845,-0.06290221512634067,0.011834769911288033,0.003595905814501716,0.014622902711209656,0.03098493942981464,0.03900568209552525,-0.06428816847218087,0.17765799891640915,-0.1269967375329716,0.006061789767965126,-0.002993433188244882,0.07175992577015698,-0.11733615965580295,0.05439617964139684,-0.012547219114522503,0.017289455081471505,0.08647105896075848,-0.013195735043151635,-0.01151986095071741,0.029310365030198158,-0.002437610693023948,-0.0792919202558665,0.03684379128122062,-0.12285820241929661,-0.03663806346750678,-0.04739109314828561,0.029538782817118848,0.04583229028100184
ENSG00000227097.5,0.0238035730288034,-0.0047246252660273136,-0.004606003769735093,0.02433798964859745,-0.06775027092769087,0.03570494251253506,-0.05916584817055969,-0.010722822699515168,0.057205358869580225,-0.0013619780578649383,-0.0637436404087228,-0.07228125703981449,-0.06682478054349794,0.013629052296017862,0.09223028342231757,-0.019410645989336454,-0.10199668893086172,-0.050382655898766025,0.04584024323659341,-0.02034655393308054,0.04835538187660243,0.031193844715618334,-0.09765048981156038,-0.03186094189053483,-0.1392214821571618,-0.07061105685636374,0.03325367227951873,-0.048252666418911426,0.05125574269267871,-0.06649787709629346,-0.008148178386681502,-0.012370087056346981,0.07191797119745372,-0.07506355658999399,-0.031004147538118823,-0.034996518347965126,0.02127205776703814,0.06176090534553468,-0.07388174076884715,-0.017221852633599294,0.062229907532929354,0.061665306066315775,0.08585376241374311,-0.022133711821353305,0.0680069012084166,-0.06280566221106576,-0.11024517652651732,0.005075163908558448,0.10233980658011282,0.07277168711576623
ENSG00000137077.8,0.0709529546587847,0.022295219795702745,-0.028064090042153003,0.01339912098279844,0.0018676664123736353,0.0009013731101729672,0.06249122555936023,0.039921528913924365,-0.029367395708401217,-0.043691230743731324,-0.002610984252144595,0.0011859450916991761,-0.07254161098159809,-0.06908938239126268,-0.030950171027167853,0.005189612156785571,0.04360510280811373,-0.03266340449637191,0.05116796210846776,0.023527805498500826,-0.0062105949828679865,-0.04780586034822311,0.006363932548882752,0.03639493827952133,-0.017822495627845835,0.00791408860748276,0.05015388118134526,-0.05440404771880471,0.0712883538488409,0.12127872527290229,0.05971114523662662,-0.01063554494518327,-0.0193488659840323,-0.04686403924242098,-0.05924024409318737,0.03369679772353481,0.0474829744409245,-0.0006676645088635948,-0.01876097841273868,-0.0684759046228508,-0.03652188261749109,-0.03778054184624181,-0.0027830233438950864,-0.051840728875567885,-0.01998225892393477,0.009811326030231837,-0.011016130414976464,0.005758390253129477,-0.026100876304212588,-0.02385448810671315
ENSG00000197977.4,0.013020401687536978,0.04308183471908208,-0.04835408293630751,-0.0014896338564770715,-0.07740112167086684,-0.08590545865532007,-0.008389864079786981,0.06849257361988603,0.044032037745861625,-0.06406367335195104,-0.038832797120252845,0.0017656636701729779,0.11086097972786699,-0.01182414637258344,-0.02777291356797851,-0.03451965243931222,0.012308095030900378,0.010970557381158822,-0.05465000007387587,0.053003040914906104,0.0488986016185619,-0.005916561503330376,0.09392331332618263,0.02095888344039133,0.004248546987061754,-0.058626088582122746,0.032431729419647955,0.006690517765664926,0.03966782192160929,0.05666573528896363,0.016339673525940207,-0.014595049472309005,0.02558906090753944,0.032437195838583385,-0.03473540573764569,-0.004780113634294002,-0.03124504912649287,-0.038842878653732975,0.06142312226486342,-0.014831457686027222,-0.007521420706456855,-0.08077172158260901,-0.1222274117549092,0.027695164235633438,0.05690125596353096,-0.060587105103860096,0.04128037693431786,-0.014243534254938881,0.02559724068097617,0.07951392118718086
ENSG00000004799.8,0.06953756872197248,-0.02255684387969707,-0.06489688322909841,-0.023988649921170568,0.003375796824103638,0.015107954935184773,-0.020641870092647552,0.02249369072031152,0.01726787791347747,-0.019240923122586653,0.03911650544224788,0.00274459020492041,0.024856581860136565,-0.03912989062342816,-0.0303734827254781,0.008116617660281435,0.019149307528513182,-0.0005271563574898729,-0.008321896205586193,0.025905485570256428,0.006778082394735556,-0.020111531848645017,-0.0376335736586942,-0.04328694248827823,0.028373368638030257,0.013744078435492748,-0.0023444139153760107,0.016870034028081425,0.0435234293022694,-0.011986960557268177,0.017242112399872857,0.09146551735030052,-0.0030047878453956095,0.01505682121117631,0.0712213756054207,-0.041106165106715026,0.007741806866936325,-0.03767172672356927,0.036860768862593034,-0.09449388146259813,0.018570147419938305,0.0024487959773593655,0.018898907864595353,-0.055467310712112666,-0.003620214998240573,-0.012835976850382638,-0.058080825867511884,-0.06664873299941997,0.007779169950860829,-0.04536670979222884
ENSG00000204710.2,-0.03304126483437646,0.0217069078042232,0.024908755753831457,0.010457333840806176,0.018722594333536013,-0.036738884584855455,0.09951389091570123,-0.01084969362352828,-0.058439912326052786,0.10324040168816755,0.05799871038750914,0.04578662132791521,0.10935300339140046,-0.05807165929464771,-0.017557032913238634,-0.018530257031915368,-0.07955352077124152,0.02092232564213184,-0.04112368753780913,0.05201717955216972,-0.08309645947763569,-0.03233129111728446,-0.04549039094408961,0.03268890589025781,0.027085359491671006,0.09796675996468861,0.03465879752618779,-0.03617019335616268,-0.022269538583534282,-0.05984702938597959,0.0583589014337438,-0.00030680306482067625,0.07451090050009944,-0.06399975316642378,-0.12384869595658711,0.10750202047698827,-0.08029756467912841,0.023970573383283476,0.003956649102518669,-0.055362748393160674,-0.13593699569097054,0.013459778860486134,-0.0667625309539543,0.05332438092164086,-0.05622902399471636,-0.003819715025312438,0.02241078859551673,-0.06018487360858937,-0.012862504806030888,-0.015333205620861523
ENSG00000260318.1,-0.014687275495859796,0.02535195339943501,-0.022048830343617504,0.01754968800911485,-0.07779811670341417,0.03371964636346297,-0.033891311931022836,-0.026322623483518715,0.09946714242840937,0.027546540095930723,-0.005875452610443593,-0.014349573883218773,-0.011752980170768652,0.09249265635461812,-0.038932926642550436,-0.023572338701282048,0.05515500889516424,0.05830469620568102,-0.01718627523681486,0.0096860843089621,0.05964317745862137,-0.10233405383902777,0.07649168229492588,-0.00731046165025753,-0.002132529727783599,-0.0296849401575147,0.11967592424808411,-0.11999063215489367,0.08285241411534282,-0.06087392942520734,-0.015280905009809585,-0.09267323971771739,-0.02246136719988605,0.04837653562474704,0.01766840489194369,-0.10526939721485164,0.08379826385990957,-0.03245297970565806,0.028995896520691,0.08074593527164707,-0.06679481068228603,0.045257019953740166,0.062482659206024437,0.03543644174102186,0.014308669855902515,-0.010227696298546455,0.013708922168901107,0.009345962488991904,0.1964338239508433,-0.1449971145011201
ENSG00000211966.2,0.06534045078017371,0.059475985794725586,0.05759281888178115,-0.029099089271887646,0.005209931345442706,0.006162974531916936,-0.005517876564885392,0.007196622648930483,-0.019380633642162165,0.010958523871303603,-0.012968380286676955,-0.014037548490930954,0.015813979704149904,0.02365197362716053,0.02875481913869647,0.0035112877217215316,0.023688609344580495,0.019154331238967613,0.0006855836479834537,-0.01753780918894865,0.02772702109331618,0.002457969005016517,-0.0011380634028657298,-0.037983645818630396,-0.023499325394712552,-0.00039736506280063443,-0.02175367347394632,0.013581170277525432,-0.005918159105585825,-0.03403938905164694,0.004125558513553341,0.04235116011498771,-0.03183995887297145,-0.037800104950597935,-0.004878853076625001,-0.03944522927732847,-0.03138444047244609,-0.03981223306687061,-0.010101245007092429,-0.009792407971166553,-0.03699372162862569,-0.0005948553224998711,-0.006051554543510345,-0.006523991053046363,0.0019483867708412887,0.008514094579896547,-0.014850769087026124,-0.06867915859473077,0.019238307901313877,-0.03136851290984953
ENSG00000211900.2,0.056367080736598185,0.02235688872929242,0.05382951605654896,-0.0015146767600046163,-0.025992530248140504,0.009150384106673563,-0.040526642371997594,0.008317698960929765,0.019413797161958908,-0.01625407921809945,0.026729173394079857,-0.007513162915031364,0.021049361281894843,-0.03200601209005942,0.046994493010023036,-0.08405016309415182,0.012891010395455475,0.039374753878939336,0.010338108124689434,-0.03921379770306348,-0.0032155210120644933,-0.04540104446987782,0.04765441424457195,0.06957408783378936,0.041225354498405656,-0.009786576572116809,0.09270737435951132,-0.038713720942736354,-0.09034060340551973,-0.06579882430201177,0.018742749127970762,0.08789315764071104,-0.015303176826699462,-0.011211856771692055,0.0037265470783075343,-0.021791583887948534,0.11247379499346408,0.03394686890670834,-0.08416371547398735,-0.019053943129398968,-0.0051810730059437425,-0.104623590720697,-0.07030144721405177,-0.04629894111908509,-0.018929871052263774,0.01443264775698112,-0.030932331472161238,-0.05855403864185956,-0.05614452112980618,-0.008116204541053985
ENSG00000211943.2,0.07001299287845564,0.052400712242302486,0.05778103490734648,-0.02874698298970432,0.0032775267704766775,-0.0028857321586643696,-0.022923544559061447,0.004679824334185493,-0.008630184495398405,-0.019825260532583582,0.006945593179657535,0.01021236782027412,-0.0037335076626003054,0.00373925402633319,-0.01615399327000586,0.012357538204771352,-0.02179285441054275,0.01407710164300382,0.001372062661613596,0.006755204879485886,-0.007918891249610734,-0.021554595284094445,0.04229106551684803,0.040821939702523555,0.006125651046022488,0.018748441713991888,-0.02544385885623821,-0.005908275085172882,0.004489324173736991,0.044785102777243326,-0.032084095690247186,-0.016535652327097083,0.0038356801666319666,0.02741700779807368,0.035072818970883886,0.015037144621508666,0.038179054233543994,-0.001736817197012536,-0.00019962862254217263,-0.0032970414485343513,0.008041487157265291,-0.04927938941996105,-0.04676797800093248,0.038898318721668955,-0.006127282795281152,0.010275696385939935,-0.06665462956137026,0.003775319073364757,0.05084323136066649,-0.03159544979326196
ENSG00000111341.10,0.04743022909010253,0.013466810049629383,-0.056465663947481017,0.06146696492448153,-0.04728884483403899,-0.0009036975875753645,0.03135108904400633,-0.010586263977583802,-0.060133717070033114,0.04882900528132327,-0.012354782657608077,0.031712029338179945,0.08357553220877462,0.08379436298019359,0.0027798808713021413,0.050934175361449806,0.10825087340450949,-0.04843715571795996,-0.0012458037284627718,0.001958584704375461,-0.03853090314878317,0.06802284599416351,0.009981009972073547,-0.013202028555864158,-0.0679999404190949,-0.0027597125118668914,0.037159735043324156,0.01116076864462288,0.0024465867074400594,0.022206472757665692,0.03433082311720947,0.05721614521109458,-0.01344629224851478,-0.034710600390989124,-0.017014928057474676,-0.04830535829666567,-0.0002857234963102675,-0.008890741616696554,0.025137259777989977,-0.0045192519057995414,0.009763899007910958,-0.03595941634627963,0.038657687685362624,-0.031223180188149662,0.0415837203511676,0.03918420317055123,0.04700665634190581,0.0016754833330239413,-0.012353149165822102,-0.012601646838094931
ENSG00000211640.4,0.0685024332440962,0.049457662593424954,0.05777157024268576,-0.01653775207828712,0.00025148256147981216,0.01200933278861625,0.02396396720911519,-0.005053458341164273,-0.01350356928811488,0.020681652267643447,-0.010313466427800866,0.014763067949168335,0.04570517131382293,0.0030145087402255184,0.008105903558476851,-0.0458839857861787,0.005538284202540541,-0.031061499188036842,-0.020260181482021633,-0.03866797910891798,0.0008231320623557815,0.02401385894913447,-0.03253877494270116,0.03734607339023364,-0.040655080537659934,-9.473980079623813e-05,-0.009711639881777943,-0.021338758827789777,-0.008892104594540526,0.00746206378146346,0.031089719401626997,-0.03351421898446493,-0.017676161768264646,0.034202122768974746,-0.039649770307966965,0.03054654322104754,0.025251309241603,0.0055082245124922985,0.04933951068951598,0.021906493493942872,0.04288296342307287,-0.010283567271379412,0.012450491308967346,-0.008883639090752635,0.02879275466349399,-0.02194450358346889,-0.04578322185245959,-0.029493576832956326,0.02324857569900801,-0.028009257402313394
ENSG00000241351.3,0.061941499774494216,0.05587453536025502,0.06188532184991895,-0.02046059088626339,0.0027985153116826807,0.004263960604859468,-0.005348403178633718,0.0008030970458024681,0.009857064536043783,0.0011388069670052465,-0.0015721655359826532,0.010177697277134601,-0.006423784604065019,0.0178999574880051,0.05702682152868087,0.007173966734289723,0.046506452258484675,-0.019163925048137746,-0.021124174389047835,0.02769701327993193,0.004794194919840824,0.0056404414817695335,-0.055882294437741085,-0.030173422795300282,-0.029257376720358053,0.08032309904290538,0.014404999884617763,0.02860966543974032,0.02820913780378248,-0.01969924322986278,0.03080992731047413,-0.04961483838649903,-0.029252691422064932,-0.021404126044896988,-0.013627854982739803,-0.03279615596868046,0.020963211364133934,-0.012879047395570971,-0.0736803487932729,0.00842790553006999,0.027481397962423843,0.005938534775937502,-0.047676667843260995,-0.002596611332148826,-0.03657693928144089,-0.020845391665830295,-0.0001020960633432598,-0.059506379183994304,0.01663176801255451,-0.03978322982256981
ENSG00000211638.2,0.06811852783402379,0.0284533737580059,0.05123684266456526,-0.0016143906846814674,0.00048583483022452756,-0.011408793535605604,0.031106222769377672,0.016544563994438467,-0.019757828670088413,-0.00604087801029356,-0.0417574008647062,0.03885427662670187,-0.05212635010778241,-0.0070192947060796086,-0.029764170313756288,-0.019226672831030415,0.0486420382465308,0.008146695883228182,-0.01677363447660338,0.009586724894792972,-0.02904021684662928,-0.05220842680947147,-0.008200295034880728,0.033386250980141134,0.029580214055024985,-0.02121605081737881,-0.04906876307984736,-0.03195913457813258,0.005659323591044879,-0.01846267068412315,-0.03433252326596804,-0.02764071406327867,0.03668584826329169,-0.028001970672288885,0.02770326606975633,-0.0682360912728638,0.0387289454482651,-0.04732780265676837,-0.04561239519529174,0.016612406608574014,-0.15902543279819112,-0.010952548204041773,0.04992491254777694,-0.05737825801544755,-0.0030904674457963143,0.013047055795994151,-0.032252507100641835,0.07484389393168277,-0.046759291332748254,-0.08847662737709563
ENSG00000003989.18,0.006114265290322425,0.05498105500028343,-0.04875558399406217,-0.007433705752117041,-0.02225975050661,-0.03444671493360606,0.015297177304852316,0.07317886067740291,0.03397967472846472,-0.04115966663909685,-0.07657939961755861,-0.0012397795086532399,0.07049328727862438,0.012230832183051191,-0.04789208245250438,-0.04482962459803855,-0.03891868184670604,0.11007147729402404,0.0314141088165846,-0.0045524365574347555,-0.044555504958794276,-0.09315890096086557,0.022871626745943455,0.012158445606009744,0.0005772021771194448,-0.011154641556846555,-0.030790730976804393,0.0941214620141177,0.08422013593778807,-0.02956814489109726,-0.05555099385216422,0.12988675649940118,-0.061548886615410914,0.02232455038052718,0.006281629815430854,0.10735890652800681,0.03514917461021178,-0.025925157548406498,-0.023564268974944895,0.08678332372471893,-0.023797854704629577,0.03753443591763465,0.057314826634116266,-0.049220392659041746,-0.039704176422010413,0.03486771381979454,-0.0002409529743011299,0.045589592215534866,-0.027768063483638684,-0.008208432891298578
ENSG00000180914.10,0.06757613742619571,0.004751874708474692,-0.040613973571584194,0.021436017117632683,0.006566747454334977,-0.11907806023847949,-0.012498342349944552,-0.007532064801721168,-0.03838069133327242,0.015644386763624354,-0.026472327596995762,-0.02278294666073653,-0.01441913584049455,0.02607943775316296,-0.023104156610937166,0.07147179001719475,0.0032055277650593354,0.06154531688825596,0.01142503524844933,0.03836917129762262,-0.056432895452923036,0.009585049616392333,-0.0569818218120746,-0.03896942821486174,0.04965140739513625,0.01618061640010697,0.008623030845785704,0.06274075380552512,0.04668161015421071,-0.02558781772811405,-0.03855046557059708,-0.020341933802411352,-0.004031249054144645,0.026659591587142133,0.0028189162973487666,0.03243791316747305,0.002649985933479894,0.04275108524832354,-0.0229454056063707,0.02598502135312689,-0.057778695525508135,0.035807073556240986,0.0463654014887683,-0.020794082412562698,-0.0321931392411883,-0.04659790604828131,-0.0554626266425627,-0.025756788578602995,0.01179222699159188,0.07919774658085431
ENSG00000074410.14,-0.012404492278740433,0.07358918741159085,-0.058416116584235456,0.03363197779975545,-0.03873079501620157,-0.004587169333054946,0.08674721979901094,-0.010531432998468938,0.017041155664755094,0.00953613002978474,0.02257978352683006,-0.016823008159586227,0.06503576983072587,-0.012625420034185757,-0.029118412498251263,-0.02450796887192962,0.023434398943528292,-0.028250332951071558,-0.007312974756007999,-0.07520512999763856,-0.018973242752856296,-0.0549758639554676,0.017037956048508187,0.017743979762661618,0.01655828447385542,-0.006806293917074566,-0.09578123249582263,0.004894019864402718,0.08242759747629953,-0.02961018405061698,0.034261183690560186,-0.06702351460353571,-0.06228808327085459,0.012363593177160232,0.017533226499184804,0.010998479948453961,-0.055454921172052835,-0.015177501151510927,0.018697075625005017,0.008031637113985024,-0.020695936747938636,-0.020031635012109344,-0.0005360614772093522,-0.023603449192265816,0.004792107476506975,-0.012506922675608734,0.013248164369134624,-0.048518925990607045,0.0041247543911398015,-0.01875512093985513
ENSG00000211947.2,0.060234010075886246,0.053070853707903196,0.06764687804843697,-0.02690656430427677,-0.003916985625919579,0.0009128950670532599,-0.017983393265587077,0.01213292800903888,0.014674887367007476,0.0034322824881102346,0.04145312678906695,0.00996633520367975,-0.008150445991800608,-0.02524323302673391,0.004761840424016308,-0.011922676849797618,0.004374557417404508,-0.021747761936054277,0.013901334646985229,0.017402788572586928,-0.03182887279353828,0.023135463032793534,0.00958977247433134,-0.036948465982268086,0.005369311059001467,-0.03281732576877384,0.01845814950896316,-0.009270154250768572,0.019024427326769233,0.03395193516552169,-0.00512407714330858,0.00925396144296211,-0.012405662622452603,0.0017490624352704892,0.020127795716393962,-0.045388773479121534,0.0511024996792653,0.001018962642336302,-0.06464909668438562,-0.04369946943081232,0.01862198068744445,-0.0015257260501783403,-0.0019655415274654345,0.02708778807296652,-0.06550037897872428,0.01613881045273174,0.027382757579889453,-0.022882920553410582,0.06271239716875025,0.05423176826760251
ENSG00000108244.17,0.030918641334074952,-0.03868400107187293,0.007451365743179701,0.09364103804652658,-0.07519251075225517,0.07087797639140286,0.005956565044779352,-0.009437230966670257,-0.013273033422458216,-0.05396417820597404,0.023852008146983288,0.06536147812685826,0.06697634927880836,0.045150938627911405,0.011266467119046742,0.10034711507123045,-0.06559640219617284,0.018991528158370245,-0.05295152544093104,-0.017577147071772402,0.07194869888914363,0.036478833214528446,-0.04814468002700516,0.0162494641390741,0.05886428797520645,-0.06738173943074023,0.016971058601643805,0.004596138786981459,-0.012054586330125456,0.014753210238549946,-0.01817661226202134,0.04001090937575953,-0.024911917251093384,0.03086545636076192,-0.021767681553676102,-0.004553039782263469,-0.0046027107813840454,0.04109757886308324,-0.0033391019730676357,0.0025070768419028157,-0.039165027358622935,0.032965410998092845,-0.014101583609862339,-0.015323090088722407,0.04507696554845266,-0.056561622201584574,0.04137429377837442,-0.027744021255486154,-0.006466767337364595,-0.03246534495693749
ENSG00000211663.2,0.05574477840553592,0.0467000301151979,0.07000831430209938,-0.029151884007281866,-0.006984720391330658,-0.01738797231954114,0.0021498686933106494,-0.008514394428325493,0.03192720367449177,-0.016109345102475945,0.02182240667680289,0.004708044608859057,-0.05242830691327795,-0.023123619829108207,0.04747500152489491,0.004734778444820538,0.004178446313979241,0.001020099779073599,0.031125512085854457,0.03864249537313284,-0.024471323635132373,-0.0013476796222605815,-0.04683584608300831,-0.009060156785841104,0.08867935232930431,0.0038355529076635575,-0.03704227465120506,0.03949588617641562,0.016839015526865963,0.01732120023516008,-0.015089707502088122,-0.027852579599194675,-0.05873072915568014,0.008510618695984903,-0.013542039786147143,-0.0006705388310617949,-0.01130503047406676,-0.06689042538305798,-0.032978611241870584,0.008833378542057086,-0.04200571092471424,-0.004659771044984249,0.0014320688180415315,-0.04159374094860679,-0.03704056058343566,-0.04934801527413284,-0.04323896794747178,0.05065676717667083,-0.09597405355304048,0.03110937724086602
ENSG00000213088.12,0.07363537878774125,0.005694538614009832,-0.061964650608120134,-0.017771958028434308,-0.009557189812521568,0.0179774813259175,0.021063987501254933,-0.01765115952240333,-0.006470765378995686,0.006755037544032716,-0.006044476478194604,-0.038572708344632715,-0.006921771992538622,-0.08716623858979286,-0.03211004790079794,-0.04138982757167591,-0.002202850580070641,-0.01843228897038954,0.015546297039870436,0.006535089186531112,0.03005597217599614,0.01920785630716116,-0.041916672711344825,0.0482180709686042,-0.037464184892461554,-0.04638081600333211,0.04865996560798423,0.0586836824204852,0.010747874709163422,0.0596519104271138,0.06173372188644687,0.02062187119228622,-0.026492858800689145,-0.04700195537277527,-0.027616495410149433,0.014101489442259061,-0.007511887660295876,0.0631166065945423,-0.03609744611869901,0.034261335185137604,-0.028408422389934858,0.050807300827183856,-0.0011481079069855004,0.013000305418795169,0.0027347055065482964,0.043891317170646385,0.01993262489875183,-0.021504690086656373,-0.03435771767601711,-0.024851758447270875
ENSG00000106809.11,0.06254610327100073,0.015189154703280715,-0.07047738045971463,-0.0020406034711824366,0.009227975362064588,0.033861687600560325,-0.04437267938235368,0.02275909084444729,-0.03524132348167816,0.04184336798546252,0.0683446838277598,0.01132060214844608,-0.019294197443256868,-0.05357014111563277,-0.040512628138970795,-0.012277446717845997,0.056664142212391085,0.0012215838209533889,0.04481439556219372,0.04829347565829167,0.025980725063716136,-0.06451731703912093,-0.012174997523932073,-0.009903834610742748,-0.01767010676177556,0.04232752101645867,0.04481117706846034,-0.004668971232329521,0.017727417788279198,-0.0065178833752970134,-0.015092941228255276,0.004598556747201124,0.007066903908820797,0.026692815476358288,-0.055632526518727944,0.00449591857570357,0.017886301966938835,-0.018834891726051604,0.06617276058154507,0.027493315492191105,0.047804719109184844,0.01371796191799116,0.010483919581402693,0.01251830155099939,0.06730941675840063,-0.05007532886591479,0.0382266631423446,0.010895977082502164,0.002295514684054707,0.027384168994736297
ENSG00000229314.5,-0.03483921694917875,-0.003663295689261368,0.017812805286812942,0.052137720342645036,0.027739048310777642,0.0791766065285158,0.10675821973246609,-0.019548079844191935,-0.0724437222600469,-0.12572794905353823,-0.03746253384511441,-0.04508930851874693,-0.0012548867648991032,0.08412779842444729,0.02500182536660401,-0.06849571844189072,-0.033146081320972146,0.04202771416450733,0.021097356038753214,0.12027629617545779,-0.020761151507457182,-0.04611119089720849,-0.02882628975062159,-0.028617827981896157,0.024351675648506713,0.07739338781601282,0.08186070444486994,-0.0022899875291010857,0.023226873235442883,0.0032131492901837037,0.039310227963977776,0.017921962343359153,-0.06139291581523163,-0.014273725506967096,0.03699038373035901,0.04706767768748647,-0.0865605439585054,0.03734972341110914,0.058482633797915205,-0.09090004757596411,-0.007007974822835955,-0.045408835493433546,-0.015701491020294046,-0.017312344467280256,-0.040126730923013665,-0.01592236755012688,-0.0215040503465591,-0.01900522238968681,0.033207403143319325,-0.005100176765010199
ENSG00000176194.18,0.07139836501838649,-0.03641477887779018,-0.05953340920884152,-0.059047104986759406,0.01890593140389776,0.0393425017342047,-0.002870440057024321,0.026771816701888107,0.03127832002632473,0.007335056894054968,0.01650781520367446,-0.0026848875906859697,-0.0007122534940384232,0.0012975466904516122,0.020993162904718674,0.015560668674419529,-0.03810062669801831,-0.009556217524348194,0.006474016405298436,-0.01033054870775679,-0.0034732965166502715,0.008124143904005865,-0.028271302122103038,0.014315219832578772,0.011419036311363652,0.014598941993333735,0.018358251279578186,0.04473003637068548,-0.03347715596334883,0.00010019461301096344,0.01084971116226511,-0.03479811211097716,-0.0014415088244187659,1.694394175295508e-05,0.030073554971879853,0.008599593508382778,0.014689275403864374,-0.002656205404475483,-0.015654686403703922,0.013996041889535384,-0.0059811579253037225,-0.013197270977521172,-0.023778627529786444,0.0013522059772988855,0.029667189825691408,-0.010437849449517384,0.013256559100992311,0.01779245502978725,0.04742892793546535,-0.008161785749516579
ENSG00000253755.1,0.031232815111146527,0.04944502910477575,0.08294411393071219,-0.027705662595218762,-0.008877500878941198,0.0366063262048561,0.02028428034381551,-0.023352281642711237,0.016611896968383985,-0.012691924811091295,0.002913726882133242,-0.010718093508335018,0.007581469904105087,0.00314955570500906,0.03920106057281713,0.009148040035664988,-0.040658254311865656,-0.09562148299700508,-0.052349329634286436,0.03966357048350788,-0.01193521554668026,0.03512184602351245,0.014449032511101962,0.012344422265795926,-0.004737589798472849,0.00964686084442062,0.029547818122832782,-0.004847891507162463,0.037523906117120774,-0.01878320439984023,0.04115054779554597,0.03558757034400733,0.07528047916867066,-0.026847838047027863,0.05349042249636047,0.022023306565715994,-0.020119108025459194,-0.05972082981556243,-0.05146598834975408,0.04308859715783988,0.01695820093906436,0.040692704721952744,0.027365827604178997,-0.02726712623164357,-0.011141553099249598,0.03434906811150969,0.0603999953631549,0.025509123763703827,0.022340220200780296,0.0015363213396412292
ENSG00000211956.2,0.05222012441319918,0.047188604772527246,0.0743159469808201,-0.03770433441174214,-0.012356651614460923,0.016044002949329155,-0.015330698736089086,-0.010948833409283527,0.0024453219376560755,0.011045786213985134,-0.03526938047504364,0.0036723255558648842,0.0454956379581756,-0.0018307179361271647,0.018589627303538615,-0.02278577163887096,-0.030722582742866676,-0.011849801915722165,-0.04493740155632436,-0.007162489992039464,0.049696751235978484,0.011425566189490586,-0.006114063201246512,-0.009724132023538229,-0.03711727062195835,-0.029142420508971173,-0.028394106980164365,0.0013565677500277729,0.026433665904246065,-0.0358451362758033,-0.021811466016778063,0.026232603512857722,0.009098785469359815,-0.016633545448376415,0.012192121161647564,0.006636312159856815,-0.026185130728968695,0.047364497817554856,0.041474538685956824,-0.006728221676358683,0.013412296473648389,-0.012824848290073335,-0.017149417452927116,-0.030553581891831275,-0.04117997707059701,-0.079632633962092,0.02381023623928005,0.0021824768853829094,-0.012959853933714988,0.07683639510489611
ENSG00000171102.14,0.013028863550022352,-0.019646913011024853,0.021776573375608132,0.0709546495728035,-0.05200431518818141,0.026820763773639837,-0.05509463925850878,-0.025838316379825334,-0.013945193307496783,-0.02456883239200501,-0.015605096743549613,0.11765323540128007,-0.10940574120161294,-0.02576476862450437,0.09345871495944166,-0.0854445267051821,-0.04327800363504688,0.0006658491573479282,-0.08583298298373968,0.06422413375939971,-0.04727197087884878,-0.0652162618694313,-0.06147714807776074,-0.004911470345543732,0.01017668419899069,0.025929485891811016,-0.036025481453079745,0.044552153380341894,0.10476331004387666,0.08025849990751836,-0.015856795781328238,0.016557793267013354,0.03452432449541465,-0.09911665352727907,-0.026552861785253904,0.06676648263677974,-0.033879561857180295,0.007392962187976828,0.04336655874811767,-0.024875349354984314,-0.05052033896018152,0.05908737925288988,-0.06600165034634159,0.06034162353670325,0.015594551432592082,0.03164877143379121,-0.02959799843649145,0.08332015229556244,0.04156808978945931,0.014445975791913618
ENSG00000211650.2,0.05919695024228151,0.04070926269138382,0.052428416752976964,-0.030947644689657963,0.004068764890042831,-0.017594076514537337,-0.024429101489966635,-0.009171117909603142,-0.016947843174588445,-0.023487543203631188,0.030081083039744886,0.07517542937569409,0.0324776444936103,-0.0065551121045707116,-0.041859778135806505,-0.034437391233448064,0.027047450959873136,0.049733262875668795,-0.07535060791913191,0.01729709623398378,0.02980671140016867,-0.05072255963740395,0.00867265439938263,-0.048615432394075606,0.05300683630818894,-0.056711730614235796,0.014697225320179391,-0.0370790345410206,-0.01124581922141922,-0.012044004325076003,-0.07572550958974336,-0.030348049827851685,-0.005705286283653495,-0.012023255413198384,-0.07074341991460034,0.03197288583382184,-0.022304618207265644,-0.012576812982487523,-0.030425510699740848,-0.04297805939716319,0.04728793923460216,-0.057331110245915556,0.044552448194085756,0.04839009334167569,0.0025809388200201035,0.032233216565230864,-0.04667109320263128,0.01210842131082676,0.07683143605548831,-0.009698369986162348
ENSG00000240864.3,0.07128868612532747,0.04999025219477783,0.045698017718329355,-0.0025830214815852517,0.020194312135174725,0.001997013505389643,0.018379277891702118,-0.0428395247622562,-0.026920216585867462,-0.03180039768135016,0.02924457487514723,0.010467779747563046,0.011868714602177978,-0.01919924380490362,-0.002191145007211817,0.025404949615472242,-0.03682755762936384,0.021839645209802253,0.0007376761873925938,0.034678166057776134,0.00415610883425183,-0.0311553269539566,0.05036556209259043,-0.024793174369232573,-0.006567255904040936,0.05956213742369441,0.0012715112908723695,-0.04480334082105916,0.010796685721389986,0.02271712171838449,-0.013110801529261027,-0.05223303085060232,-0.0024874947922738895,0.09059651444783928,0.04487881623193345,0.007423533089311291,-0.034384857179565874,0.029216352043625975,-0.02169960878052608,-0.0027795773690603366,-0.032704066881163764,-0.02639805875459488,-0.002065446188455193,0.09097141614704922,-0.014147209155505387,0.020154986250236855,-0.03632680700826492,0.050069223849358004,-0.015879546408997268,0.05708427140035952
ENSG00000147257.15,0.0572855051909594,-0.009515205979325104,-0.07241623015544524,-0.00912144212366522,0.02794397774573256,0.021027449140254725,-0.0003939266920946116,-0.024417640823756807,-0.019359512773735123,0.10455583155782845,-0.018609581645474618,-0.04171374044921108,-0.012775151411442634,0.002932435475210311,0.03853995343791531,-0.023672448596073883,0.041037062398065885,0.05187892151756723,-0.05654465015391332,-0.0126432147528669,-0.00021128845151735935,-0.03643079168405493,-0.04741876113428677,0.016325671695940742,0.04863576179905049,0.02770462456339675,0.004327628521840099,-0.016275705076280688,0.09863114273647695,0.0404921472662333,0.02133129545827956,0.04060652361263689,-0.033825530742205054,-0.023453694521713742,-0.009615684817504128,-0.03572103242581094,0.03351454436910397,0.022558618642926163,0.004159504904365916,-0.050276957583092426,-0.04763044998347363,0.06417184894335509,0.01963465765825294,0.01824877219455869,-0.04697431269797977,0.026846221093948585,-0.010073701951304817,0.007753358598349338,-0.0725358692606174,0.006096327971680785
ENSG00000211973.2,0.04997051419252778,0.02076136003619416,0.06863489967147217,-0.022052505495456245,-0.008933660259151122,0.028211169003088267,0.019767131695491123,0.0029525849693438737,0.030982964191914958,0.03233334692916483,0.07662803624515752,-0.023881744281723804,-0.024963603122207582,0.03557658719201556,0.07449847873470256,-0.049818648535117374,0.0029034369529686316,-0.033971951692431356,0.010788247644804787,-0.02063677035762265,-0.002961930237924717,0.02758869495478675,-0.018712111040171942,0.03215127740508792,0.002938805734138884,0.11408426472113133,-0.044738962918380774,0.01129474980015616,0.04822623628344459,0.02123495421247439,-0.029337005197058445,-0.037619126232345805,-0.022731177763659557,0.10653282962494146,-0.09278659466754909,-0.002117862748473209,-0.08081562978641925,-0.06310448615349198,0.031027048920291976,-0.02160970803192419,-0.0017311543868750747,0.09606015354573828,-0.019519375736553338,0.01988413510416638,0.014248744072198524,-0.06303061029971513,-0.009971703028478985,0.07923485826358062,-0.061554541186597735,-0.039125645356108206
ENSG00000211669.3,0.050914689472083476,0.052318790522255576,0.03701379567975979,-0.019349785885847483,0.005143974768295206,-0.0441318020221288,0.029958298747800535,0.036896106031369405,-0.04922036380572112,-0.015092008369192932,-0.007183956025927566,-0.07706049185330331,-0.04719299060893349,0.015815438129092342,0.07244370060499498,-0.03235386811841666,0.025645995419909754,-0.005959830415670897,0.037450841039780816,0.02588913632562369,-0.08166910670866102,0.001106071569968727,0.059115731111162646,0.08324581009641448,-0.037688890967557585,0.025351316434940954,-0.02060521778496689,-0.005088011565516758,-0.0670171900170452,0.02349347444347634,-0.040230909526594916,0.06765080846115455,0.0312471158674664,0.014366526270949689,-0.049320160341298436,0.022669251392886548,0.005920868455246086,-0.09184684534191227,-0.007844025055492651,0.025835014285711496,-0.022425704281233916,0.015190097506375828,0.061283151768534376,-0.09460637205596674,0.05152980123534013,-0.08871925321203762,0.07924082765289168,0.026831344896513995,0.03526543018346663,0.0718788340780048
ENSG00000171199.11,0.06028898023986384,0.010097494144700209,-0.043890934755985905,0.05668478509888825,-0.01813251720086233,-0.05791728879149907,-0.033687496881383484,-0.007611507233367813,-0.005406060539971667,-0.041330734196160304,-0.026075302954463052,-0.036205512022604906,-0.0001031220946061979,-0.050184577915833875,-0.04850200831239627,0.010563886872436439,0.02105918168424107,-0.02948592618760234,0.0035387154673434083,0.027265014193249445,-0.05887250253483498,-0.0016569347082262566,-0.0010077586484338666,-0.020716744443928393,-0.06260328234901259,0.010722697579778551,0.03828035334824785,0.03796022492808412,0.05510371073191701,-0.06329250056220553,0.006920301945569115,0.023628769871248515,-0.007200389742232407,-0.0404375784367121,0.017417821962675797,0.0572088766614543,0.01710493279844905,-0.0022058744298442444,0.024277066701127635,0.0030746190884249937,0.06405473153712736,0.055190878529201716,0.0008934401873316712,-0.002771298696810605,0.05019635200163757,0.028595790368084614,0.02263516499387482,0.11328814866996453,-0.027005830061421127,-0.04204111734505687
ENSG00000135374.11,0.036172577658698746,-0.0533200546921486,0.015361520964309284,0.059219996041074585,-0.04571707129298305,-0.0472947195733235,-0.02779618244235963,-0.10017230784519858,-0.01617737948115832,0.1007052707221539,0.05130336968028653,-0.009169472037125757,0.08683527941902773,0.05860531988082618,-0.04126158703892264,0.02582238153476695,-0.014140788930242986,0.08214262321745674,0.01835308951613363,0.051240690327728065,0.007831483318144821,0.07750881534070657,-0.08278249735689343,0.0270042416670376,-0.006833014677971419,0.021660113216862533,-0.010273367371527675,0.021362059918859488,-0.015985861036763246,-0.03702943909305459,0.0034506442444502583,-0.018661992326347885,0.0030912134550218433,-0.03660710518782793,-0.04208431503261626,-0.0042826213829283725,0.01256870739873785,-0.0248405908489303,-0.012863476593685705,0.024451514865843144,-0.015185952617737667,-0.061815933581665705,0.043541101520394164,-0.01698587641635114,-0.07617027658462469,0.017224189997860472,0.030933796055064168,0.018086085498346453,0.009297690684887465,-0.024388516115318754
ENSG00000137699.17,0.05902167400219146,-0.04669050788430219,0.020088306053692623,0.10078400076959688,-0.05114743422663584,-0.03125144037722022,0.022392231947893346,0.05471775743010051,0.0013089557779620085,-0.03535435949096546,0.009119178295403232,-0.03810747188750594,-0.04114069859574675,-0.03368935186296329,-0.0010347101291768507,-0.010617020837440714,-0.0044433096448753045,0.023965444430756024,-0.025831022263051,-0.02992192489243176,0.004349388605248877,0.013567152693822684,0.012371735777596838,-0.0027435063285354295,0.04418551186678,0.009841163016099502,0.006814380031748142,0.0035943543415452232,0.0157640165805453,0.027001472609301774,-0.016430939380515413,-0.008556929768565206,-0.011732925048339718,-0.024331608507716825,-0.0008523760281870072,0.003943274695951635,-0.033386933530216024,-0.002763544146615219,-0.028915936848519463,0.006775331684330367,0.017054266654146503,-0.0025043706666876744,-0.04871568722230415,0.008745946371317495,0.015604994086215641,0.03442647661828003,-0.00860309135443257,0.017724533843699822,-0.00680697319453875,0.00324635649211464
ENSG00000136457.10,0.005985928106634541,0.046722992712855564,-0.05565681463870693,0.02581939341563486,-0.027696367459157566,-0.04171617620626033,0.022918286959075853,-0.05601802680248912,-0.01334904664860734,-0.08419082465331923,0.01201283068056752,0.029412768060531898,-0.05135720650500503,0.012147816961154188,-0.06434643846895456,-0.014826781493146339,-0.10731516648174227,-0.08845828150181084,0.07647686173547458,-0.049740623417017904,0.036027108943257606,-0.004252254978011091,0.01719250578410409,0.017631700738775406,0.05439272234302722,0.03834167670629312,0.07385927252854331,-0.024857354864849524,-0.03006354684059993,0.08448975335510268,-0.05587142349795258,0.04334196162209787,0.07668989335546557,-0.025187174993423257,-0.044295207100814894,0.009737719692925457,-0.020905326949152214,0.017490989908200416,0.009713294417700242,0.10997545781759335,-0.018593484654899996,0.08299397685315595,-0.05668980234479766,-0.05423218675913372,-0.1320434852788108,-0.04583396597398581,-0.003442655940802185,-0.04597301673429597,0.0595719564905788,-0.019042576334630024
ENSG00000211648.2,0.06105112495249431,0.051401679180653664,0.07026679746873186,-0.0412308565710056,-0.003176577627571194,0.012957345587615363,-0.0016741502985392672,-0.016128688512039673,0.006845299085627308,-0.0001985556183861867,-0.01758694139995572,0.024886994660587382,-0.0213858838065404,0.004262381979367868,-0.0004806573942805326,-0.0167101912047992,0.00620049413798002,0.011222124597657361,-0.0029796991643743914,-0.024415339532625147,-0.00648065044063581,-0.03577005577721516,-0.006786754450778496,0.010941393999705024,-0.012239343508606337,0.007556223138643153,-0.0014512449945187791,-0.026315558572844434,-0.011111680570580764,-0.012643820313272729,-0.017590706927169162,-0.05290665580408519,-0.008902994280424946,-0.009763216164748395,-0.023494671753845224,0.0010227082621574023,0.02994032555881571,0.004338944107183081,-0.040724089638158774,-0.002314030787003411,0.0477115412018514,-0.02740432834725034,-0.005560288670844246,-0.027689690401001773,-0.0114530726839333,-0.0032917843758917373,-0.0018593683775794988,-0.029013085913936382,0.0034109100827390344,0.020224766563606257
ENSG00000184564.11,0.00955803681949137,0.036070446786779516,-0.04346214081022645,0.0548720280501148,-0.08097651241583174,0.06832005450894672,0.022791059494031325,0.006151617578706242,0.003501568690965853,-0.025812275338619874,-0.030832718059740506,0.09623119694765556,0.00017676076620450109,0.08723743491137281,0.0027359824189694816,0.044951683389938504,0.044448220619642154,-0.01877692769763114,-0.032601902812744936,-0.08635702870307563,-0.0554402009817646,0.03639892156409906,-0.03853429082739995,-0.026247111280090257,-0.009584911343692513,0.027948243713413805,0.03479924059379758,-0.035344041360196275,-0.023644388380898763,-0.08000805717435855,-0.01516421059708795,-0.0012323341116175785,0.0315455117931765,0.02563064222302285,0.002819069532345758,0.08407290403485038,0.05726181798013455,0.04790694170919284,-0.00730196468301465,-0.005208800976787838,0.04078917987173063,0.10157892613945833,-0.03083402429038458,-0.05344348807826676,0.06056866026954759,0.06633364157392693,0.05817465981447894,-0.024428282226741278,-0.047157204078255466,-0.006851627634939722
ENSG00000211949.3,0.06717703948198318,0.05365578410191737,0.06744772811153173,-0.013678405209490513,-0.003492008946037327,0.008089902462490297,-0.001865721775933314,0.008277321464988531,-0.027240392186664266,-0.02759818258017647,0.009077623162641005,-0.0010173883389912562,-0.001615530801158723,0.0014191073504989248,-0.004546919730694769,0.005571511322070978,-0.012078662870971734,0.008934042723967165,-0.003917992526861803,0.03129475914350563,0.0035512512588096305,-0.006624473006867064,0.000886679998248098,-0.025739120197672063,-0.02779613293100992,0.022975899257764033,0.030777241889627976,-0.03915717224427682,0.015196232643931816,0.035040723677071006,-0.02026478567473927,-0.015384213545146318,-0.007411226734875113,0.006761528213045224,0.028102088738653615,0.0012526974169981395,0.02222365892048531,-0.024744501022414978,-0.003115831636116948,-0.006672479863424281,-0.045088193655446404,0.001928850166333784,-0.039256713975679515,0.007570061096161948,-0.005879643972377298,0.0011761290820627463,-0.021430313727875714,-0.0204228741562081,0.024625312738776273,-0.053941579961589076
ENSG00000171236.10,-0.007532522019166958,0.0705149411935792,-0.038261163942053075,0.05646799390180006,0.010272031216998398,0.0035977200353339025,0.07325806435970576,-0.030577411553392313,0.09526999193710085,-0.0018757566415733317,-0.04951101954492269,0.014306032136856455,0.032052753959780154,-0.015157096704809523,0.011556470943774837,-0.03875086969258554,0.06709608358159122,-0.053544910196461876,-0.0031083428766187754,0.05849153890345295,-0.017615889768884858,0.04532680938660666,-0.0229125929646339,0.03501799341515412,-0.0634769919136422,-0.07299583335031666,0.010834205965247127,0.09524552034210883,0.009392925717278414,0.018392094863957785,-0.0038087781691672003,-0.0030222988680075683,0.0034627550643408687,0.012369166434440151,-0.047186289498668745,0.01879973268396805,0.017177550690664605,-0.055230369568320954,-0.05955774266128517,-0.04221622179183984,0.05209306555140358,-0.06645389127682151,-0.0479582340221537,0.008112290410929365,0.0336855447505274,0.012201109498854617,-0.04681006458914983,-0.06537693074858247,-0.011751742136976377,-0.08341961552708983
ENSG00000108176.15,-0.009248760094362814,0.0801472045357615,-0.036299526681951355,-0.014007188929515637,-0.025732193564879192,-0.0639134070604119,-0.03616200415654945,-0.01717714857077174,0.05163579660633241,-0.05802564952900137,-0.051340278310105195,-0.05145585369209138,-0.05424844202236014,0.061849800395761795,0.04336006723219821,0.009716263900072282,-0.01214875571274431,-0.01938953337754925,0.06175668464335305,0.0012026769083435973,0.021462434098144176,-0.05954454670814561,-0.05590955034930278,-0.03376376608042616,0.058316148129961734,-0.010187047844788912,0.03870680623684551,0.029392430454799667,-0.051797918261892416,0.008703358190922095,-0.0316419403137875,-0.03274203256484319,0.05148765299397056,-0.03838347965507581,-0.023366059320022014,-0.019660522568310433,0.04477650957430819,-0.06634871023325302,-0.0014383962299265984,-0.045028654234198474,0.0024415704884363752,0.047657451514025596,0.01407322126882899,0.061267717071503455,0.05480253873091909,-0.017919616893959288,0.01264790051243947,-0.011541491971562599,-0.06173980434898746,0.08254143432912948
ENSG00000121005.9,0.04108777999999683,-0.010328707356499676,-0.017472268268826526,0.04364808050607934,-0.09832886487212723,-0.014102670685627889,0.03639629178764011,-0.06290408474434311,-0.05737915006017482,0.05060184243754715,0.04301387328129081,-0.029867905594589128,-0.0037840722232688356,0.007474723417023318,-0.009188407389267043,0.06033185946409417,0.049887906706644364,-0.06530906652088855,0.14182928041309953,-0.06957645613278206,0.04118103558710979,0.03217383821548061,0.0825130388407152,-0.014054891469370098,-0.07745611686676518,-0.11549135198232652,0.04196091278316315,0.040837663127142,-0.022655160543482575,0.0422269066073304,0.0826816737832601,-0.02595427462410701,-0.01698356257402042,0.04046278872551732,-0.0040055358078585875,-0.05659072882876286,-0.027153005994547057,0.051932549532651764,0.02324847024162122,-0.03585369115570148,0.05775893785852097,0.05515565344065982,-0.03312937468148186,0.004313584826711676,-0.01576795121212998,-0.0367960682283558,-0.023115915318955384,-0.018350791288352597,0.004040299092267126,0.03045026898078712
ENSG00000168079.17,0.07785080041117028,-0.036288652594827,-0.05783094400038977,-0.03299205585221742,0.017201569940162947,-0.0011098895587355261,0.01008413793138714,-0.013747582413896607,0.003772756071390101,0.022793195849429886,-0.014753799075189795,-0.004504549496896187,-0.015590819015511714,-0.025034315510185094,-0.018067201408589324,0.03096498235122752,-0.0008563270562162066,0.0032573236832588344,0.04318888918369532,0.005621877675008285,0.015095365050404494,0.0025484704733278823,0.0027423499277122875,-0.013331064825298904,0.0021266777704122015,0.015235813678657608,0.03205294321244459,-0.0338988585560575,0.04442229416587659,0.0072783851048901765,0.019426048619756553,-0.017304474151408362,0.002727707324726697,0.02604419975277682,-0.03565817055928831,0.0217691687666228,-0.003968595510932282,-0.03409965839822389,-0.0013168460387994007,0.038879978507099955,-0.02613926906976379,0.021144623451550652,-0.01953421584768063,-0.009610543819405938,-0.009538786931983517,0.01051168966107371,0.004625104208709547,0.0051374660233853555,-0.040279216531257565,0.030038542546031888
ENSG00000163631.17,0.032909466427289175,0.016296380594621847,-0.0128216102501774,-0.004108339581383661,0.04468792122431771,-0.042183867262999504,-0.038967431210912035,-0.053271396747338426,-0.021147669064976008,0.03297243074057928,0.03322195613360994,-0.04886001564956096,-0.026797894793594394,0.05016690679121035,-0.04555783687087139,0.030626638778740407,0.011613445019150551,-0.052906784618658706,-0.042259571966481946,0.03785818243443545,-0.04917720763385785,-0.04485247182689728,-0.0013745935789122136,-0.2245195609983361,0.09997540201365149,0.17830651851052642,0.10288540266863115,0.032543099867627864,0.02380489169977064,-0.007147021516460694,-0.007781762524014312,-0.062116543617719365,0.055993876860649605,-0.03308869149548906,0.1335082148682741,-0.10360219122980173,-0.04286100579623402,0.04668380602931584,0.010460319921731354,0.01179007422763667,0.029794480870579454,0.06017247598292671,-0.04986663576156244,-0.02270484254613889,-0.014933943162697683,-0.0400594549285262,-0.1434972074894777,-0.061882874032208365,-0.039671311698614375,0.033892569166430395
ENSG00000280411.1,0.05812393157115359,0.04351714331247699,0.07176941855254072,-0.026371257787832187,-0.01397455677855276,-0.0023524563715270506,-0.004977130833919492,0.015051767717904358,0.003543852286312056,0.0074665022176649805,0.04548898558300929,0.023836789525944733,0.025116008006273064,0.025671864323121924,0.015694150406280447,-0.004347925900144489,-0.023534036179557447,0.0017579264866176472,0.007808688122989418,-0.024559314216060547,0.008594092434698313,0.05132470928024113,0.013949316499556831,-0.04406214499319923,0.051124325942227954,0.020093995001084025,-0.03510455202499965,-0.039988404624486586,0.060718502774680404,-0.03218403959041327,0.013217577536117086,0.008427197917619537,-0.010468519223758646,-0.061756307814013825,-0.014167363294133699,0.00905227385694039,-0.030845314213543595,0.012662263603152748,-0.05566207425490914,-0.029618390188247995,-0.0026093620605655257,0.05408040404055372,0.008537810306115546,-0.019228658464426625,0.07486925406909471,0.07737166125686569,0.038501206402424465,0.019191689213892315,-0.02250311738269817,-0.03447873047772003
ENSG00000079435.10,0.07224413014144747,-0.02275374149958538,-0.05686451981148296,-0.06811409103309793,0.026563165373798985,0.044942477619648875,0.005646432728760212,0.02192638237942402,0.043227075633683214,0.004987373116655838,-0.002853125520437856,-0.0056035407159356985,-0.004572653748736899,0.015208404397727438,0.034258746837476456,0.00481925960457662,-0.013878651082719393,-0.004090940438032745,-0.007476856383433984,-0.030865018062932275,-0.036712899222922715,0.004998823703596836,-0.010582366884827478,0.04030216039686958,-0.007558779358987793,-0.01806045384230955,-0.013859483267898938,0.03492080383417627,0.010240703864747491,-0.015532240308693733,0.008745030254600725,0.00013816093784365407,0.0019298793022634673,0.004878709874415787,-0.0023669009147037983,0.026307830817658515,0.0074441223922190975,0.0011022806173177971,-0.005449737137383139,0.04160319786902638,0.029369988419521473,0.01563977156836249,-0.017081813672449417,0.0619091825910106,-0.0026810073021326345,-0.017324515401656037,-0.015033491971763416,0.008380691310711494,0.01009342092828239,0.03726435572326902
ENSG00000137673.9,0.0545845093091349,-0.006716552500355146,0.028120778130801,0.07835929952823673,-0.0547420207957567,0.04691310016591633,-0.024457222155360073,-0.006195722770954707,0.03908808321204718,0.01598899124072232,-0.02814950753187757,0.014806908502444293,-0.012415958455565687,-0.04175095467800177,-0.021739610219497267,0.03587462738123366,0.05870409750623376,-0.004336431286043293,0.04949191297333156,0.12586717678156867,0.03924424619410068,0.04151287243253588,-0.08116261647054236,0.09003058402147386,-0.014298176591540796,0.009170548855212115,-0.05073288301416686,-0.022433922052121275,0.06889396830035058,-0.04914309704536292,0.052651707971539154,0.018538135189272612,-0.015206890210393778,0.052952333549324694,0.07260667561497544,-0.0045477097305946425,0.04316345646345521,0.07832723645430555,-0.04825209172417884,-0.017373014344796784,0.0022153677978013196,0.008877220959041693,0.016687872506108828,0.05785423116067959,0.01979948429262678,-0.01626276756018005,0.023452234557544617,-0.0399663750912861,0.08753767573142145,-0.058661179817586694
ENSG00000235584.3,0.00977590557124615,0.0624426790110575,-0.05525826322647856,-0.009021023772226832,0.03608234810274276,-0.04350333372206011,-0.07062668891477517,-0.018285464153945413,0.025837855799093656,-0.039683055037756675,0.0683443842743932,-0.06079407160780903,-0.020855530926585365,0.07240712875853969,0.055140144152146416,0.02956544047651416,0.03769337232732261,0.06430138807629203,0.04362100831025139,0.05932453362088117,-0.013113070085592277,0.07329204172792766,0.049064210030485465,0.013540050658266542,0.081745997809403,-0.020654087327369775,-0.04526560559423686,-0.011519262730212247,-0.0458070016330117,0.036464226574752685,-0.021261343075925688,-0.0050083683130519975,-0.009573645593450792,0.014660479994844175,0.03195171772065211,0.021356051850684295,-0.013505909578176841,0.02013373024880129,0.018722406907057374,0.03228951586866107,-0.044829598059884145,0.08388562688646077,0.004735719549148317,0.04500544688858714,0.026111685007112553,-0.057170952062165596,-0.010266523261098611,-0.02262357125653319,-0.022792161966210575,-0.022106451140387888
ENSG00000081277.13,0.05471488813438076,-0.040828888714572964,0.015426224470431554,0.05649590469564516,0.0003785800433507599,0.0010040906162297088,-0.004993455520213355,0.011726602004362052,-0.05948122851876753,0.00908740005977938,-0.008220397130741639,-0.10690290011447597,0.07991003908757985,-0.003265139185741704,0.012071687766293438,-0.09405708349052638,0.0352368798849572,-0.044205112986704535,-0.03241528657044965,-0.07213480780906731,0.0276826326487919,0.07854451653706054,0.0552314146527442,-0.040806091554649065,0.10519212447760451,-0.0035974617979998976,0.01999933981397741,0.034235965086828225,-0.005279113969673044,0.045875647375322175,-0.014970611893809991,0.012411481676066921,0.05349777234437417,0.005731578619759762,-0.01590386580994751,0.00016835587047719938,-0.05535147633038261,-0.008610949669515758,0.0812134139847929,0.0031430837549716226,0.061983375202454186,-0.00587988660518799,0.0687923729993386,-0.031564690754738375,0.052648111996829124,0.016712584931707734,-0.032239224979358105,-0.09476978758299731,0.03736728818569016,-0.0419071884256932
ENSG00000211651.3,0.06355563565355284,0.048075599119904375,0.06686976476907974,-0.03055200837279689,0.010685440319865137,0.005182759245729704,0.007048822719159269,-0.01609376889395922,-0.019731976840165973,-1.1113079619457019e-05,0.005926384816956929,0.006487218102621312,-0.0032671686859008014,0.0034968589401649934,-0.006528888666519994,-0.010921363539839217,0.010214496624280044,0.0043683606585682745,-0.045988453359179005,-0.011677403917660372,-0.029320306754019535,-0.027137059089511407,0.0168057735979519,0.06228677142485078,-0.0036755609956141953,0.00764430371326415,-0.029368158926852874,-0.04601050383801481,-0.03110431477790909,0.004215389379306394,-0.05229352471642895,-0.04385740805884727,-0.025002794014827533,0.005453987382148617,-0.018950176371214357,-0.05726634812630966,0.02025130471027248,0.06895063092899027,0.032774715324628494,0.04250355728494432,0.0267750942690226,-0.002018191271363073,0.005745563507082172,-0.05289724258510076,-0.05361468258762512,-0.022090342790437038,-0.014616080703494735,-0.033964287738898084,-0.05093554438034905,0.016549703782820835
ENSG00000151632.17,0.06304407903638681,-0.056272097911738,-0.027161587696248594,-0.03536904257496552,0.007853751795290525,0.019439187208815698,0.04990814365924628,-0.0022422743965694446,0.04781233757450056,0.0564537050273663,0.0015803561750907342,0.03799127892115829,0.018432257268934944,0.00966834249737042,0.021266721687133977,0.03950092697539726,0.022968793704685155,0.060711204196043964,-0.009621618832775056,-0.058297723290788285,0.030573427423199937,0.020561851253830074,0.0723561651259885,0.05568292741990959,-0.03548339128394247,0.04710974910761168,-0.057420045961672134,0.012848873024488632,0.003950066438355878,0.02741808758249531,-0.050899125303126465,0.006666063875716904,-0.006208480960556335,-0.022717129365169474,0.07954403555206342,-0.02071572625721675,0.01976909589776588,-0.051445543510457936,0.04272440634320032,-0.01946388086484826,-0.013674882717441165,-0.043263112190275434,-0.09047890740664323,0.01388431951765423,-0.02411481394041368,0.02523660325560674,-0.012662133797717584,0.0537857225371752,0.014798396139509154,0.017763845450698815
ENSG00000211664.3,0.0654596904651219,0.03473629082246277,0.03420403994737851,-0.016193063350262157,0.01172421204486863,-0.016095431237249224,-0.03575198741584096,0.0004152753550325652,-0.038801319709033326,0.030168307020799316,-0.04444712145476411,-0.018280143108575425,0.02314791454064528,0.08459236736971767,-0.033770058725028716,-0.015120570434475603,0.009184368249574937,-0.048507361903534406,-0.021675042079579564,-8.309284176729847e-05,-0.005854301595577409,-0.03040718417381666,-0.05203151832730067,-0.008880662358613995,-0.05230415203697995,-0.0736459874714264,-0.03044176174388198,0.02263885238362197,-0.07612381492466457,0.03092911204775786,0.04439203987295406,0.046969811928029084,-0.048598441888870116,0.03309504552430365,0.011903689811077723,-0.13116513734380397,-0.15875953940250195,0.08220490299296582,-0.06283774372915503,0.040670695213923705,-0.03524289849758696,-0.0026946117389742294,0.06451288664622268,0.034858923674802166,-0.0017076135030147071,-0.016170430247006925,-0.08821293472283746,0.01172511998912265,-0.061628066584754344,0.017593684780778215
ENSG00000099812.9,-0.022635834566436006,0.07699162442836016,-0.010309630283197391,0.028411935370499512,-0.053255420709603096,0.006614983345963977,-0.0022579099895068252,0.06394367375066703,-0.0021179518082785035,0.10898231502243008,0.0220482952129389,-0.003887863377278119,-0.058538022253412744,-0.006349711669945452,-0.009938574205838014,-0.07536099604202881,-0.09370546740690518,0.06054863669755942,0.03141407342825061,-0.017932160929376256,-0.012538941580980586,-0.08027682598847766,0.0018992391634653732,-0.02353939284177915,-0.01365145453250824,-0.030804824004464337,-0.027302446228970028,0.010016996389892065,-0.05875655354157083,-0.04235869960628081,0.025336296723723655,-0.025338059018988484,-0.04506173137452221,-0.031427271599982466,0.08912223684402701,0.011119921150699038,0.036452356803680336,-0.018617263755294305,-0.010017533756344246,-0.020148780172673412,0.04871006649566553,-0.03414007393008819,-0.008770040744117677,-0.023752665892110558,0.05173869176640375,0.02628869979949841,0.028803947720108657,-0.07958615429369516,0.03924908102723543,0.01589068952311394
ENSG00000211965.4,0.0703622643536588,0.05057579529804805,0.054576555683778054,-0.020592340492135017,-9.409101620531178e-05,-0.00033402675935874783,0.012807075654372453,0.01897538735583052,0.006192653627874696,0.02338351922321288,-0.007240539795309202,-0.008489060151940142,0.003449707708369168,0.023920299850172074,-0.010400461845668769,-0.01849455651737493,-0.00468485536837628,0.021495044384698448,0.05645644509707165,0.00925234561252259,0.014924794694009307,0.012297966251144932,0.0020535382421344593,-0.002672523864359986,0.055231261206145285,-0.006143882996185835,-0.014318781985788566,0.009412675485598357,0.039645409402931424,-0.014316132644533082,0.012531567669203028,0.06960222664794512,0.007318082313136376,-0.04994670294805431,-0.02226248091041564,0.033917748462110986,0.021943316226098318,-0.008091600696265829,0.08413646362994562,-0.021152987049848616,-0.022018266603639768,0.0023059599910005032,0.004682129799869512,-0.03554751531320259,-0.015930532072073917,0.023297970973954852,-0.02216710080152897,0.022386544432749792,-0.02267755068371944,0.04196058781924406
ENSG00000268104.3,0.043474431994870145,-0.061553580513987564,0.05727760925765651,0.05239169686645606,-0.033972833209283376,-0.010086149978091543,-0.02334309050407862,-0.039629169630304155,0.06847343491771042,0.038958130043588654,-0.05419471474557622,0.030885206221049177,-0.009612930076724539,-0.01798530726815163,-0.010139109412300193,0.04539051478349663,0.008370927435191789,0.006663716940736736,0.007933367219060253,-0.03190981340859603,0.07395954944346875,-0.010049412238724357,0.0010946188289514718,0.017890688054948242,0.0004732893612618506,-0.01584746352674523,-0.04105838395054753,0.04382606315060742,0.02560319290683718,0.019555460257379764,-0.02989647288835491,-0.0040073915027247125,-0.015228084054508683,-0.01772543080054519,0.009754276901776573,-0.03666519873477603,-0.019978323036570524,0.028400912054383554,0.04337690296354786,0.00867723822391085,-0.01977332268161927,-0.0243662991637474,0.029674954399408468,0.023112933417629045,-0.06043860587233273,-0.039890932539787004,-0.022672487703702456,-0.013231638773632181,-0.04958301431655409,0.002771367407343384
ENSG00000211933.2,0.06732300037849245,0.04372907000114584,0.05409039468837327,-0.0168982855693884,0.008025796308724811,-0.022064073216930408,-0.027960750676409712,0.03137561863290585,-0.016974521344879687,-0.023910400547628934,0.0434413348797302,-0.02754347792293719,-0.013377923491029979,0.004382923364320258,0.008246667157845411,0.03490291711216069,-0.011207115016855548,0.004834106818009172,0.023652541471702086,0.05503760758124399,-0.06440598313645017,-0.024294960599883068,0.08927109611129566,-0.011062568840548776,-0.06421196349226302,-0.030858469702734457,-0.023141472964056407,-0.028489607206847192,0.06927962978112913,-0.016558214682399004,0.011601332648363768,0.027048362882428203,0.061705379194253,0.004897456095997961,0.018819651951734597,0.03509305337878617,-0.027164885755355625,-0.03406499850153713,0.04406854695362973,-0.00934323516977184,0.02773538331382274,-0.008689475089737326,0.041087335036976556,-0.03565983551457481,0.019165602892974254,-0.010126104734247974,0.03218712926417096,0.02766306773178848,-0.07213938665051096,-0.025280651996872325
ENSG00000101441.4,-0.0147836861655438,0.04957622490582925,-0.02944569728466351,0.030868740497995945,0.013105724466402627,0.07889235724146541,-0.05303844008971685,0.0021239399161634624,-0.00882995047378801,0.02386799695087761,0.010564191900945692,-0.0197373812740128,-0.06871180136215607,0.07560129964238078,0.017546491267289157,-0.03811249757807523,0.025661432679565794,0.02458274610364002,-0.0745540333272891,0.08904819895557778,0.059964592382650124,0.12884756815469006,-0.01787104814037358,0.04045731723504127,-0.015758984375901793,-0.05802744184520292,0.015465074351647496,0.05943265664424514,0.020117107922993892,0.09052243063009287,-0.024951013672659388,-0.1305326782487037,0.12435725008335412,0.02463687622936466,0.05242493718409744,-0.006631356100224969,-0.03221452371484928,-0.02944853886030843,-0.04717887740065733,0.03160755292164853,0.07405281432163233,-0.04501707502220446,0.07319973353834826,0.04572291413720802,0.09313815481037663,-0.0829449632500483,-0.07228678196916101,0.008544785024968958,-0.06331779931808977,0.008597609454970694
ENSG00000211668.2,0.06533174330119418,0.03818408798455588,0.0687604578507668,-0.002153026611619218,-0.009453258008811208,0.00817098254557066,-0.0010615882717285884,-0.0056361491460409216,0.014069953188133135,-0.0007887782359418064,0.03157957936145463,0.016921638256318206,4.9075816479779464e-05,0.062123973724831354,0.036306487857251206,-0.008454263073217406,0.0012562099759765477,-0.01055735390076763,-0.004379521788946703,0.054285761674178874,-0.008523004256454188,-0.021643487741605943,-0.0019220509036178338,-0.018112119796562902,-0.0797604592851563,0.05080768595241156,-0.025447526583771207,0.014186191363480954,0.014967316823645103,-0.0706929471688743,-0.01813605114115552,-0.09739793798361182,0.006788063095275836,-0.02326030138883887,0.001152994911376699,0.0023318011984677337,-0.0020668409819972933,-0.015386661666687212,0.014253772918864921,-0.05664733912606731,0.003240002431160873,-0.01233334785142126,-0.003035589659303834,-0.052858335177147484,0.0403891266014376,0.007738734181360332,0.00495179150662561,-0.008522833368627235,-0.04289822409015663,0.013146352346484895
ENSG00000244402.3,0.03542782816707927,0.05246086955479951,-0.05980138217926132,0.027811414705394395,-0.00831865252097391,0.03067389032534571,-0.11350221392213261,0.012017682761443493,0.007340832234510234,-0.08202853293174782,-0.02222274076280227,-0.005713135062120795,-0.027880593285225738,0.043795474622897346,0.04382932698046262,0.05806539228162976,-0.02102053152941948,0.044130407652541996,-0.02369487832010357,-0.07339348909065349,-0.05029179858261909,0.013846010488249188,-0.043567344915853394,0.01082506440587919,0.002217333869177355,-0.018210901632507707,-0.028811888257492486,0.03880028706058638,0.028139566235779845,-0.0001403993249819199,-0.007348651096548322,0.029828299505223234,0.02317662826194217,-0.039404200700264,-0.004649964934614626,0.020450608162929106,0.009958323294505208,-0.051916446927531876,0.012403748849449062,-0.0011283571955159751,-0.00727151249253398,-0.0289771623601315,-0.008858735896828411,-0.03754080806631267,-0.003559532487321629,-0.0003633757050978121,0.034666997708861245,-0.08012101977471502,-0.011054628874267596,0.060428251309028284
ENSG00000127324.9,0.010682722921956453,0.026789774384086605,0.010340800759293632,-0.02962777056678421,0.10379088159776236,-0.1275829908097979,-0.05411676211067394,0.03737759312985351,0.08032804555569802,0.01387810634392608,-0.09138937128362506,0.04853494821680571,-0.013545590789049529,-0.043426177709685494,0.07394868292741222,0.03865880895807993,-0.008597208086412152,-0.014033497776314291,0.03701533571422941,0.049786039335999004,0.056085342355476346,-0.0020813470818150303,-0.008146138461241438,-0.10123403737434504,0.018129730785485805,-0.03504283124675708,0.044128921944147984,0.034162822107226876,-0.02340564014752822,0.018199581572371445,0.08384782293610049,0.0464512549133029,0.028846383944023245,-0.014378272246264825,0.011961188029318929,-0.08478784798210379,-0.038793420918724474,-0.042145343359394676,-0.029858701298027986,-0.016253784437638173,-0.007715240787302855,0.007598070490925769,-0.061367386371092576,0.0032263817859016063,-0.036522594562548936,0.13676828294128737,-0.002687163250126598,-0.011284045119918961,-0.030128812902585695,0.06482634977525036
ENSG00000169245.6,-0.00946040119200373,0.04923893818258828,0.07585789834066663,0.001345337207819255,-0.004725110679994396,0.07375273103981675,0.006301057943665212,-0.07899503035473761,0.04169961972257397,-0.015319435902252253,-0.08320837232979329,-0.008200153339319394,-0.02129362957036682,-0.05934349282184118,0.0020173680707498793,0.05921160920341733,-0.010575675178234916,0.010576382784215032,0.011336241588157592,0.08773305348250608,-0.015614274147862945,-0.008799906795922881,0.00821704927612147,-0.010295756357708807,0.006487550282511483,0.010832789642164099,-0.0287623381677152,-0.040931606183342045,0.052141377316419164,0.048410142995510885,0.03132134497976826,-0.00250925580358369,-0.004321940531288147,0.0195350020869026,0.02646454138090879,0.009293189994533787,0.005736870879436643,-0.03163398104750981,0.02609013530127886,0.07854559345597781,0.06262976218639583,-0.03869943332042959,0.012586049997102557,0.014890669158521724,0.07994709483102168,-0.02091599679613822,0.009217056384171664,0.003762436808834162,-0.057720315979575075,0.04009914036488626
ENSG00000211893.4,0.03910374595253639,0.05364848705100252,0.07100205798395708,-0.033652106168116126,-0.029744981072170502,0.022187160633713843,0.037915894218333815,-0.011632513501425808,0.013189594338386082,-0.032197445306784374,-0.034282551992806304,0.025963825061632136,0.033698053577932395,-0.004237227986942617,0.06223032922505117,0.008223400657042195,0.005235937989331098,-0.05784675356089788,-0.042851260031105586,0.013166906235496779,0.020966247205416642,-0.013182542100938239,0.032722382845136115,-0.0016560696084092208,0.00022873660836799994,-0.014281798354750111,-0.03768162048963712,-0.015412216207819395,-0.021076853809231744,-0.0020071641158947565,-0.007812220100400232,-0.012055760549580786,0.027880299018577154,-0.09537457039802497,0.03132999598828412,-0.04520146206970973,-0.002007033041940422,-0.012373627454522267,-0.016658980501754534,0.06816762914554646,-0.029247214055569744,0.09390347146598299,0.040384330690864584,-0.0042890377845195725,0.02018132291777094,-0.03340623486223067,0.08990023487303421,-0.004920887802470747,-0.042782530568113,0.048889224761216474
ENSG00000109321.11,0.028092998797484846,0.027841376712641898,-0.0323970877594639,0.019075566914508155,-0.01929908455658213,-0.045723909671466355,-0.009481697643623685,0.15638089575324401,0.03889389554481885,-0.05993231585046759,-0.049601056269373826,0.0667938260679945,0.06582694568534007,0.0012675423170679916,-0.025123130958347163,-0.011352085498873638,-0.05491293050762861,-0.03558024613163829,0.00949437461493236,0.026100285405299906,-0.12912878689989235,-0.024392718783688542,-0.03147907109688235,-0.03792322858106982,-0.06512341425140107,0.10904806876846262,0.0036963572422080986,0.0294480029367796,0.05551406853737114,-0.0019502602487788013,0.018392366629392677,0.029262856104338594,0.08212493371035319,0.06551884712614645,-0.09661940289786025,-0.05453397652489042,0.10981033787792571,-0.01802897183037429,-0.03581927884958691,0.004016341073093939,0.04113461501158583,0.01811919182708038,0.03366154765663704,0.03598760288709746,0.007253402057326267,-0.00012371791542764585,-0.05119212715862342,0.014835733884174977,-0.01815167977267097,0.005910148548990935
ENSG00000242887.1,0.06822561611977736,0.03970436072280105,0.06286868331692869,-0.017240163043371486,-0.0063087145421853895,0.0131117867713216,-0.013432145490143337,-0.008252917043011876,0.00030926239193938067,0.015926545931072927,0.010739615905738598,0.010895835217277997,0.022804987765126527,-0.00708804603321825,0.017905736873959084,0.00022952251148803174,0.03797340289974724,0.02878837040118261,-0.00012801119362838742,-0.04882019623280148,0.010482194752214647,-0.022686803375930455,0.03720501428116704,0.013778317685492631,0.02629468378025334,-6.772596871068803e-05,0.05241851088105301,0.027919263877821406,-0.04979177279575148,-0.04250149067316201,0.03905975736337314,0.0304217492593603,0.011524095501456465,-0.04322558350292249,-0.019514241212500765,-0.006455647325232641,-0.017988572942194005,-0.0015385732840382587,-0.0661276745947817,-0.011298825399879716,-0.02667772550673269,0.006067209378788761,-0.004116372416307704,0.0048036479236388254,-0.00020007529199795584,-0.022343615933878597,0.06460589608624304,0.015085430800627079,-0.06144943408177841,-0.03639314592669808
ENSG00000022556.16,0.012185320652706132,0.029272402579480404,0.015518638949290014,0.009439496849985693,-0.059278950462861475,-0.0035703879951434737,-0.04973083891612976,-0.011097920308617414,0.005513306437458759,0.06443408417542278,0.1302745527267368,0.02395818183689241,0.08922194790784135,0.021558196401211267,0.09546862568253386,0.0036122936557872387,0.05082939784856121,-0.007590225344467745,-0.028830214621960646,-0.026539026509167646,-0.08777179620633067,-0.06707629055872819,-0.02824593654586168,0.04064181728384024,0.023765632713725206,-0.018223277294005833,-0.1129224147796197,-0.05124725857766828,-0.06116248798639103,0.030862057296939662,0.09131559163065424,0.01860186750555259,0.08465972095939135,-0.006800769678775917,0.03959355878148044,0.011105852673065686,-0.021740719597854077,0.08309941760636469,-0.015423412580494497,0.09365180379822644,0.2270338590517207,-0.017701055379787556,-0.061097174423905574,-0.0032467497317564564,-0.019966284859374295,0.06242337633475778,0.0012922613294243748,0.0009677981813794256,0.09189971594194972,0.056316195010565895
ENSG00000161634.12,0.019144128732120035,0.008122597272115036,0.008501792238308466,0.0630015673188225,0.07384253620104252,0.011952771204562175,0.02964753554419008,0.019669770062582956,-0.018065376088896443,-0.0737230740847538,0.04089721129668872,0.020288130999077038,-0.060522635273619646,0.033820517959788826,0.04561989972007767,0.010403018267374988,0.08844101398110146,-0.01638836276973671,-0.018364720334096415,0.07688092357060528,-0.06824699681792806,-0.032303641382218924,0.0894560632062882,-0.006226467818060255,-0.1122496411304028,0.08470401132184012,0.002112315136368181,-0.05959798574021693,-0.09590379171864583,0.03546522923291324,0.038836635311896094,0.049233139452536746,-0.010134810909132671,-0.004631305585466211,0.07435173896832051,0.1432821053792768,0.007208749583941533,-0.040999042413016884,-0.10221553964897864,0.02108915851127985,0.08083380249917269,0.05842181263086941,0.005116628068050216,0.17420542695805827,-0.029634133721065752,-0.07531146317712328,-0.004297054465649418,0.0072092105702421284,-0.028711479488037105,0.017628076179136646
ENSG00000211941.3,0.06649180420077073,0.05234908197179762,0.06196793010937699,-0.027013953523240673,0.008775680987975435,0.020743761993905003,0.004777664269318294,0.005659055507215981,0.004717086304166452,0.006573249566996343,0.011210963325020872,0.01140161335088585,-0.007546992631990539,-0.0029615961112465605,-0.004331438333841009,0.010963644783683071,0.010151792393981658,0.037476556697007134,-0.02678655439882735,-0.009822955054233633,0.028957786328364758,-0.015075175433233839,0.008919454051236292,0.007675623336821131,-0.014759207241255509,0.011471450069845414,-0.0025817919388974515,-0.0009502111285546067,-0.00975448998189201,-0.04393499364031798,0.012846992131246576,0.0256195923749249,-0.023495931498060372,0.029244431446882133,0.00248728395893493,0.030923438158880583,0.025893893539053164,0.0009491424304781242,-0.014433195754904753,-0.06242334045686313,0.0017825460029346936,-0.007839069447294426,-0.012844363206367152,0.03231164832708622,0.037310063743291086,0.03299821927882115,-0.013077387430536647,-0.08194286710907468,0.05618458450810299,0.08874348906600342
ENSG00000132465.12,0.08568100842730382,0.03924766016763295,0.020711986698928413,0.00016049825956880755,0.015563263538207113,-0.037729115165432356,-0.0417003913676729,-0.019158579737592565,0.001252625720899715,-0.0297947191957835,0.008584382750839241,0.014683874569245327,-0.024293839527058804,-0.026690025602123833,-0.05178206672913417,-0.03107697461575397,0.010440940920747967,0.0349522840433798,0.015890482763904597,0.024288903652879116,0.02660672254559033,-0.0356703715136027,-0.0644787881895136,-0.00961526225975679,-0.027274644818052182,-0.05170741173029452,0.013271050933669414,0.007862641959807157,-0.018519598507393254,-0.008929028643749226,-0.020136925673600318,-0.027315375473638426,-0.006766007392519454,0.002446780750810898,-7.113089260219251e-05,0.022289903009718268,-0.00047674045486282397,0.03242425541169677,0.058387910687342275,-0.02558058573227474,0.013560105774977292,-0.08618308143541686,-0.012004510699480745,0.020476755224909302,0.023119966321199736,-0.042447224450412054,-0.03540872411822713,-0.020304182828527282,-0.005867453251832435,-0.03790914416630222
ENSG00000164825.4,0.04700982916106714,-0.04842824844138653,-0.008066214086954723,0.055912875784958814,-0.006947795352399663,-0.03390532829774646,0.04626073712804406,0.0017608718113446102,0.01823052970282386,-0.006836098201150689,-0.07642120911136156,-0.0383640938820243,-0.031185680085461853,-0.055127221037207484,0.04255821122123586,-0.024579011920209923,-0.059911542540924144,-0.021644932152488295,-0.0527023931992956,0.026995989972994586,-0.06128644691572059,-0.010476697017387954,0.04197411701439322,0.06429610844574718,-0.07458537745585157,-0.013226633572484757,0.06514018674332325,0.08906706405178991,-0.08316347961444642,-0.005854504719517917,0.08436898928144686,0.004281880196976155,-0.10524840761446363,-0.04264728599724539,-0.019721670449684935,0.0059463195499108714,-0.010022620422399618,-0.049273039091448805,0.11231363547779905,-0.017262382609115556,0.002522406660744234,0.04993874915293994,0.07908163686184558,0.06604664410654595,-0.04555608599679325,0.026297794987128212,-0.023502181420261652,0.1359402680397444,-0.023365400160341568,0.0592783157587688
ENSG00000133317.16,0.06095024404812623,-0.034730228209930526,-0.04506541411307493,-0.052150151776426,0.05416509425190772,0.0397098195994567,0.011212582378616715,0.023747563279732473,0.0009099624681980221,0.0036235743719054557,0.023871762050967273,0.013859799451688366,0.009977724753191473,0.053174893186724706,0.043408901579410145,0.0471438760957335,-0.0021300712762545096,0.00501547899160379,-0.003793918357743551,0.004218414253766319,-0.08582041851922079,-0.03628890732389844,0.016358975409743376,0.061485908605716816,0.007633902571970208,-0.036191968112215055,0.017043172063457294,0.019216970207493234,0.04418995290616691,-0.018312731476988253,0.04675388104881976,-0.04612553274708632,0.05048162704370889,-0.021746114130593356,-0.02662704171483897,0.06328962885828628,0.014178519810906351,0.0723750675119783,0.02671989859699618,0.027215102518050205,0.08882675741423028,-0.05744313862075535,0.048450449904492696,-0.012734322034628801,0.004938052205487721,0.02469282791493221,0.06866737327898338,0.010319712201077205,0.013911983156761738,-0.0753675649615219
ENSG00000176532.4,-0.017688173691922018,0.0883431627023342,-0.0369424990871631,0.02064869300816785,0.05839477720221729,-0.02417819602244023,-0.023582952038063525,0.05457575538682905,-0.008883093682158909,-0.029764877073249884,-0.012398561586874345,-0.030850090470508188,-0.014221887407878227,-0.04253340041276582,0.014310990895677635,0.010008762177733624,-0.047431363502530216,0.022799746316919795,0.0050863475913149195,0.048350517952695765,0.03543385046974254,-0.08879406795710534,0.013784680024927857,0.004757270295269391,0.05321033932964797,0.07494325784469824,-0.009373000834527434,-0.021282274409699427,0.028278991103462974,-0.0053556943795091605,-0.007679938430878415,0.029924278340839067,0.015160300866497766,0.01805917896918004,0.06828110493947664,0.0054122656640485205,-0.038400093901676736,0.028158378974569877,0.019613629355637728,0.022925664678955467,-0.0167486815919276,-0.007112309661480953,0.011464810292841795,0.04123749110548735,-0.0009572575862313424,0.0051702511185495285,0.011807167408636013,0.07846145226424092,-0.015517176872368183,0.01613303845679335
ENSG00000198848.13,0.06214578020977066,-0.029024643429343418,-0.057125766689600704,-0.029807067293508262,0.03081088014820724,0.0400190743027781,0.07755840061393425,0.04501672533010603,-0.026031055219414435,0.022170255831944555,0.015295116794811148,0.018947316056628853,-0.004033880854759995,-0.010872618886498878,0.02623420429560911,0.02110377363456499,0.016217209186439117,-0.0256116495374888,-0.020442414687614235,0.022387728354601736,-0.046583049693437115,0.016146522754324558,0.010260222655368172,-0.013754102243500557,-0.012196124248426378,0.024959056241091727,0.005372654722179338,-0.019647723732281314,-0.01025896818972114,-0.045964393824195156,-0.03779555630088621,0.04101891942807514,-0.007929461393864919,-0.05970327504511296,0.05013469441800856,-0.013247764209994918,0.005428951210723898,-0.046058628581394034,0.09992147782382611,-0.05636607459432436,-0.024056246199101235,-0.024873943580840753,-0.0481695016594538,0.0056291831428047475,-0.002970066697706584,-0.0069765051807007235,-0.0829446361360597,-0.005314767797772853,0.03759519732524767,0.04579538722415308
ENSG00000239951.1,0.06425524213817352,0.04867298898046503,0.07029666759338425,-0.01355222071066286,-0.0012404415361774496,0.009059727471270096,-0.009334063251956884,-0.013886820848055679,0.01802554443204967,-0.0040932653373056856,-0.002445700091200679,0.00473863136229221,0.025110874937807334,0.03849690698862141,0.005121436605692934,-0.022120034880522693,-0.013714544696467403,-0.018014808236252646,0.009505960223400464,0.02870902853390059,0.00716870622144397,0.044986119698086045,-0.042158689332284005,-0.025804554285259317,0.010619847452206052,0.013644492514281148,-0.022558487684404917,0.009567648283898946,-0.007846252841892215,-0.04248035387002306,0.013897561791764611,-0.02659221671481058,-0.009566949678809925,-0.04702194393346724,0.006050654248414689,-0.0059885413974783905,0.017190421472257716,0.0018336562384443586,0.03959305626259733,0.022541886250488658,-0.014320095520140352,0.014199635672522257,-0.028364192539582243,-0.010455219438649594,0.05749900079315766,0.002861201361275942,-0.01746678388834161,-0.05083581945624108,-0.00021076381194712768,-0.03228845589480919
ENSG00000172137.19,0.04105793527897088,-0.0627292354462933,-0.02230519189885501,-0.020529455214924858,-0.00020451180953642376,0.061420331479567936,0.0497875996656057,0.06147061912005547,0.013506847817275887,0.03243144373372071,0.024502627578167548,-0.05541085416754537,0.0794670669481482,0.10051461517550275,0.10615890835550681,0.03507917867242556,-0.018450566963376405,0.00804287335765243,0.03175751351292955,0.04861886810603867,-0.008911959463678449,0.06772137277287348,-0.04787721061589256,0.01010700004060028,0.0274447286612199,0.04388534999146514,-0.03247520402613264,-0.007641555145661517,-0.020788973126898192,-0.045503134529584,0.011368114787712505,0.005525508221061767,0.06754040281757744,0.0907615441218846,-0.06201134779118896,0.009280774615840585,-0.048873977952010164,-0.0415198787942135,0.028509660481609505,-0.03278084608348329,-0.030027453101759145,-0.020733804739115267,0.003721548620484925,-0.045320229179822126,-0.04388760768182584,0.0012040349141518882,-0.043252443423514746,0.010570138794028409,-0.07125298024874319,-0.03868567712418507
ENSG00000109846.9,0.06467429357475342,-0.0751363568632755,-0.021361844331577135,8.997797194273048e-05,-0.03751714083884039,0.01996770512035751,0.014586127650052919,0.02858822862263838,-0.011057772104385865,0.041826003035078115,0.017102017954312772,0.04995678792493239,0.0047197165001877485,0.03224304426560839,0.019755003941320244,-0.014430371231468083,-0.011233948952723583,-0.020494859070077615,0.04624200013782088,-0.030910905237213404,-0.06798204627489007,0.02711997846940075,0.052011885822911046,0.00937247808311265,0.010455077666381152,0.015476867940739799,0.0015318692031982212,-0.03997355220790238,0.021512691063675496,-0.020818329646412614,0.019066772506286547,0.007861663191093307,0.03143497959225271,0.028923870055824544,0.00542763451676907,0.042943117038731105,-0.0006396172127388471,-0.040623127371829104,-0.04831448157519128,-0.01197002209981673,0.010012849275560565,0.02278838916740576,-0.00035906766912183826,-0.01522316830316944,0.018860007427759454,0.028970925162171084,-0.020971881506630822,-0.010609241601551652,-0.01533827336140872,0.011926739605088672
ENSG00000185499.16,-0.011484466384081059,0.0678571284991667,-0.007472267442368445,0.09147381423827168,0.005627720019884044,0.05018384266881736,-0.005489023169702153,0.010674126223429701,0.08965302080508093,0.022906425348127195,0.0033586770871723653,-0.03964765494835678,-0.03598650474233766,0.04018524978130323,-0.021207823961728812,-0.022086780855876263,-0.0801606798745448,0.006006309834978831,0.033453052199993664,-0.014571972986355855,-0.04624459989812931,0.07392678387715888,0.07499094213848798,0.014013156487068504,-0.028390584028864088,0.012563852354520611,0.020892790779017432,0.08263185742149086,-0.006359047245633421,0.03200101154187681,-0.004969077836830327,-0.03459174017370671,-0.037527427547985055,0.00854920331414465,-0.015153106756461586,-0.0025899256015205763,-0.05443453655087074,0.0464557010509127,-0.01721537599114418,0.019878207322556386,-0.006141584878141491,0.020913104800102934,-0.09960578067688303,-0.03986771551088623,-0.03138998859363126,-0.055575836651369934,0.046094244852845516,-0.013168741429130756,-0.061936127764258574,-0.11141752319322275
ENSG00000244437.1,0.06162467766114437,0.05091130323181785,0.06695892095399165,-0.025350302545971863,-0.008233410873965999,0.02471768354412262,-0.006585886829231802,-0.0037344996084620824,0.052263862352758615,-0.029570249738913635,-0.014245773863561661,0.03415712211923036,-0.010737649990719886,0.02386011421389345,0.02225936331976965,0.009821971027621298,-0.016062859535392906,-0.0012956372340990972,0.008112396949685486,0.021062184233056377,0.046185897935038,-0.01972799770687775,-0.02699609265211452,0.02442832567142787,0.02008357938879015,0.03586970325243047,0.00708900633281205,0.002209748340911557,-0.001252490363859859,0.0019427648573269775,-0.03386029051955946,0.013562639318046396,-0.009467346835061051,0.013678985464686141,0.02101843365939256,-0.0033975274922767567,-0.03066021383816073,-0.016429563104163852,-0.03341410663517391,0.0033090293435903027,-0.012697531683164395,0.024803701666161103,-0.031991589424266,-0.011890249833523145,0.054409292866229995,-0.020661668130161064,-0.02874562909121465,-0.043087481217907904,0.05296656643279506,0.03508143054379497
ENSG00000189001.11,-0.007607591911701886,-0.05916229691692263,0.0636841347408498,0.03348104222002477,-0.04026528097876181,0.02021625770240466,0.014815781681267555,0.07148593242211851,0.031159945361024708,-0.044359860760206926,0.1386339906421426,-0.03547828139189713,0.007230593874001634,-0.0059041422083107465,0.05835320626075472,0.016750072120689886,-0.010576478376342993,-0.022292171348741344,-0.01337353803668311,-0.006846487341863517,-0.01023291646374581,0.029529035769548413,-0.024592487767440902,-0.04197795598004229,0.05773199449438377,-0.010948677204730133,0.06734327053179728,-0.01398163722268961,0.018511773973242284,0.03971330203457227,0.0036718827715590506,-0.03439775273064293,0.030375440147771222,0.03993662926545336,0.03151185816320288,-0.026067372389424755,-0.06685615219358176,-0.0005036006075908454,-0.05239181988249909,0.0025681745600695106,-0.032078628446916974,0.04631021854920822,-0.05350441223929922,-0.05836772644340546,0.0568481865490206,0.04046304348515241,0.001410624340271089,-0.03162562485367634,0.02921419704764759,-0.020058529414680448
ENSG00000105894.12,0.067959965718155,0.008446079864289682,-0.034974633244870726,0.06934698107956973,-0.043012960265775946,-0.06433869624860346,-0.0020098528364954345,0.020726563590473555,-0.06795780323220715,0.024787406364393662,-0.027679489640406778,-0.035040409338494255,0.012611843230819812,-0.02868418266781643,-0.03112503417268068,0.02895603538792747,0.02679047087457669,0.03431661942823234,0.004932016533527917,-0.022787515957095755,0.009129946049817936,-0.021360908556596555,0.08126432009010937,-0.0052425832976602214,-0.01714466098833497,0.05847021006895158,0.025328247296157385,-0.006184503510281316,-0.013688276889464477,-0.03192944170841819,-0.09866892500984431,0.005902542519796602,0.03048839188286014,-0.024723421837276167,0.03223450829949342,-0.023773767242526223,0.07405279255661268,-0.023555272722234757,-0.03842031548546131,0.0033340872581281893,0.02723528855377076,0.0025415155460285412,-0.08913275656158538,0.03983617810025823,0.05287034805662632,0.0029511272453033115,0.0019821534660970754,0.03847991433784389,0.0007262740610494032,-0.006327641229402127
ENSG00000211938.2,0.07075348146687262,0.06028209107451998,0.05401538746769063,-0.015319568739068928,-0.005072343071435933,-0.007287950417289286,0.00302989764948805,0.010652046078254285,-0.01791359928044128,-0.019728989933181108,0.010724909698537522,-0.002601426426133374,-0.0039047511476824896,-0.018470167846806298,-0.008042568544818413,0.0201089220028412,0.01075229038160575,-0.02216710318254148,-0.026450287899030575,0.005519595782299326,0.020010686649596526,-0.005723465389953298,0.00859157128571423,-0.02587528949039399,-0.0020733750172442895,0.03080112582264618,-0.02036402821466573,0.012509348319059971,0.0025124535099350686,0.021865852448454324,-0.019321900561488272,0.003603693816416835,0.023433558201520117,-0.04255617840349948,0.02157520049455309,-0.05467138812414536,0.03526165735597864,0.03894511656812249,0.002836464648462753,-0.03845376492411948,-0.012425379079314285,-0.019923287715757135,-0.02423058567343913,0.03356411395519271,-0.012141994072592439,-0.01361770195578462,-0.019134623969298346,-0.027968144722525377,0.009419327907120748,0.025065983214933786
ENSG00000168269.10,0.030015833160739094,0.011302356561049205,0.01049756267144262,0.05480091142575872,0.01275043134115013,-0.044736382355281566,0.036154429754368965,0.021499599693420652,0.10493924558154012,0.019647667602500418,0.037352890783172485,-0.18213695879940398,0.008576573268205226,0.0726486083749529,-0.05778309753101428,-0.02534616703560736,-0.00476919439776445,-0.011113053333664318,-0.08501398515936268,0.03986662937582216,0.0333618595174234,0.027789645816808553,0.011625917564634314,0.014148002151652064,-0.06467143575844429,0.03402742547377778,-0.03693727897556974,-0.12444610179649584,-0.07418146598734077,0.012476158307579605,0.011766387527149046,0.00033925984912433856,-0.058330268545559956,0.02427051502423009,0.03862892700107331,0.005879451398047378,-0.057209313511236,0.015146160037526401,-0.10867192151805888,0.049398257519579145,0.004980303307801291,-0.04716127951865914,0.030105801704340795,0.055654779912166406,0.019339997849057575,-0.0872385300343791,0.04642260362010031,-0.11885124061936705,-0.084049897252289,0.006467967605521115
ENSG00000131746.13,0.03964732908301907,0.007336089740082747,-0.0051085720070046595,0.10119978046430353,-0.02013465545245865,-0.0751058675655827,0.0645479174544603,0.06713916750461461,-0.019388964723421918,0.07398609305824455,0.009803732144985726,-0.008938091867801853,-0.07900118957204341,0.0011042898699330117,0.003958216480058302,-0.020367873577619856,0.01647021385719018,-0.0037492629250536354,-0.009237802613024138,-0.08787053896821591,-0.017572247872866317,0.020622682039291615,0.02386092184038319,-0.006537604294788969,-0.058176680655684994,-0.033428459418339204,0.01857319137029332,-0.009972952039133428,0.13645532027026208,-0.011880498690760494,0.03408546214112602,-0.027181321127006247,0.058497979145830395,-0.021168359304226253,-0.03435058372352887,-0.0232913683550133,0.06705146266481153,0.005206797378765589,-0.0005093791977358936,0.040082952694706186,-0.01300854583488348,-0.021810866470997763,0.04544497123544315,-0.03998731114942366,-0.09223945477069528,0.022743438328770113,0.03710832209511193,-0.06992935214424673,-0.023548599674858357,-0.10072086223014749
ENSG00000187608.10,-0.030498659185642187,0.05014732019090966,0.04421537230827671,-0.0004032676592133927,-0.034892222948305365,0.04287413797206666,0.1035746251870546,-0.04407632839304817,0.008076606462963995,0.057727365029235665,-0.05803830161389674,0.013272078049941424,-0.028166065692672836,-0.09489240633020032,-0.00435741143084157,0.09798095585483652,-0.07083822923074866,-0.04652346082105699,-0.005814467850829846,0.07243547107528664,-0.05453628397163726,0.027172548565607794,-0.00025332324419116557,0.0471597351280928,0.039563674996757704,0.07836762659137969,-0.02743651460423286,0.03889254589137636,-0.022343396302292075,0.05364890347588358,-0.0733622316005632,-0.038375764833301795,-0.0004911305433184718,0.04033226586310915,0.019586557988357175,-0.06763231423518946,0.048456589041513266,-0.04181113853504146,-0.05088403321872747,0.0879402437088546,-0.015390458451513907,0.008886369219514545,0.0025693320459796555,0.025546159046178536,0.042828507182922776,0.035243997959047015,0.0011400091808549892,0.0057063077040240915,-0.0093429901966192,0.07240626568651663
ENSG00000171564.12,0.0030644993960058636,0.012542437704931055,-0.0007718062124406508,0.03512474635055945,0.044846505166924254,0.027659373730363892,0.1166852496447697,0.006230982022204107,0.031967661426548305,0.004048705639208166,-0.06228697199607759,0.15539443629121857,0.0035802004480284836,0.018709012224439166,0.009768202247892066,0.10539596548714734,0.008263491962366717,0.15851291869994366,-0.01904975925029433,-0.07196099640417233,-0.022566974779420094,-0.006166928412190456,-0.035623499192386096,-0.0989116703841582,-0.024254267849286425,-0.006350995295393774,-0.05260493655386488,-0.028026196177785408,-0.1038743552042665,0.11831270673774105,0.004514420826097457,0.11259358607313463,-0.00010927506303041891,0.021271296959621905,0.027282559152416775,0.02798071176950593,-0.02747865324115519,-0.053881834295686715,-0.025382870714762387,0.08410898405974493,0.08318560477372448,0.05361949544316185,-0.00479777491203759,0.040445609147953025,-0.05528910990741206,-0.04839209144680164,0.04859899318184794,0.02737594645506855,-0.031509059048117766,0.03362377307066489
ENSG00000078898.7,0.006761855397607229,0.03565684842364216,-0.02936142189251324,0.017196719923022716,0.05818849474712133,-0.023452750545004522,-0.02385889773185463,-0.010611669052188279,-0.03301692125967858,0.10745330321807695,0.0018338697452260654,0.006487537970330336,-0.16390451546142873,0.03944171607172725,0.09881593600628269,-0.06804889278983989,0.03329622634917651,-0.011061216464630586,0.05972204124832339,0.053804994128767304,0.033171961546694155,0.006305905022093695,-0.00814736113241815,-0.11386002670718134,0.059708420585496816,-0.08268069770845549,-0.03220428458664614,0.04260660684463551,0.038038425321064155,0.04541228263747807,-0.06757263260329126,0.1118451799916435,0.0698923878473523,0.048421374286320644,0.09153596940253278,0.022576170217172467,0.013763199651578574,0.005493101327068176,0.05546923692969427,0.004558966378643268,-0.0546068151913454,-0.0514755818779706,-0.0022014380028077163,0.03501246710585704,-0.020085711868480315,0.04790419332972878,0.16258289378591156,0.060556688282603154,-0.0650905416099404,-0.029302906400093025
ENSG00000253998.3,0.03244266639677181,0.03049629671697843,0.03680485398323328,-0.02036446758505014,0.031226991282243526,-0.04382244700705571,0.006217909370835026,0.06230140767753164,0.01782969142565148,-0.021320159047561363,-0.0704101866290774,0.07612972714453271,0.06977666058984158,0.00020480455499025452,0.0786598051595243,-0.030869354783452665,0.09527805217834791,0.142007485820027,0.026168737294782165,-0.07747403365837822,-0.055865151488032554,-0.005239227469582263,-0.010801795898560633,0.04571608655330385,0.053621617702372774,-0.015752018039777677,0.12458298523771319,-0.07747891317781874,-0.08374430251823373,0.08778501140280412,0.06597957576315029,-0.0541800851393006,0.023097186684132492,0.010944155698322537,-0.009114487721742347,0.04965954547654496,0.009981782049130871,0.04732330585061035,-0.07673550797400447,-0.0025512485822653994,0.014682292967229955,-0.02225073018175689,0.018681030331052572,0.007549466823628179,-0.0235044510886578,-0.020243651002120756,0.04151727853323755,-0.08522561502145305,-0.04366222675303355,-0.027686579102791375
ENSG00000228278.5,-0.02881608737031379,-0.01799549128791796,0.02926285592926297,0.04962514555555947,0.028502511828215397,0.0772808095343662,0.07971019395507958,-0.02715772855646013,-0.03801239068911715,-0.11665495360586288,-0.03653699204337831,-0.04390540544144903,-0.013782653446265248,0.08732020036199864,0.03453796829538176,-0.05963836290864571,-0.030262079728409722,0.04119999000159982,0.04328104927582402,0.14593014640941288,-0.03723250124764401,-0.05000649279873726,-0.038724560416162554,-0.05076375790891083,0.0032326942606334835,0.06907370626854234,0.09155335494474323,0.00980403713189665,0.051000844040936646,-0.006706140913293939,0.06174981260321949,-0.0071258582107881704,-0.08080599573638987,0.008352555237190565,0.0506098538498136,0.04442404883879226,-0.11559575114820864,0.04383381947843086,0.05959731333210367,-0.09149333053670977,0.03910877118303338,-0.015472792239002102,-0.02971507445409586,-0.017804058072380828,-0.04707096188034527,-0.04406778040899468,-0.005102060652045284,0.016980456253062052,0.025688768588063016,0.014897037475146235
ENSG00000207422.1,-0.024582204115008003,0.05793207519206759,-0.020149001236321473,-0.04486611602060933,-0.014863875718577212,-0.04891196624551582,0.008599809271245863,-0.08625425505409016,0.08034543848981766,-0.013462429814556276,0.03248088547192992,0.002783141173315142,0.08746104643582034,0.0009281598910404151,0.009016455411369606,0.06151210546145016,0.06282603113213456,-0.09461843762217251,-0.0061122947588694455,-0.039890051933658556,-0.062450611458987046,0.03200568114572517,0.019542888393699887,0.03671624885150504,0.0038318751047146677,0.03076682623446144,0.08887600287513005,0.013417582382647408,0.1610997173140353,0.04497185472462634,0.008565976634682693,-0.0629225197077351,-0.008346364943403583,-0.012083376701710226,0.026108984041906688,0.06589973677172868,0.046856045843848206,0.035410722000405286,0.006581283391209508,0.07077271877200192,-0.05743173104928287,0.00947211813556505,-0.008751338530775801,0.008230494756726074,-0.037414292472361256,-0.03051374044985817,-0.0281139019249698,-0.05610312936269383,-0.03159469863536191,-0.05681422954360203
ENSG00000211592.8,0.06637928818944365,0.05322290711181547,0.06922463306667778,-0.019461648849989344,-0.0008808035091693914,-0.010586179067190624,-0.0014673731321708562,-0.01670199005720197,0.012654847423440146,-0.01812511087292863,-0.006379121221613755,0.028834380409840918,-0.008718068319199117,0.004455937726591808,0.0072107668044501345,-0.022931318518937906,-0.02274606471880267,-0.012707707262907531,-0.0009465737336172939,0.027172638526161245,0.0006557284397336238,-0.0008801389992325014,-0.035386683467481875,-0.002801994314643825,-0.0053637191035729994,0.03218480933417702,0.02144509471238571,0.022105178202086434,-0.021553447722491036,-0.03519215306902266,0.009206775694787084,-0.03617676145839212,0.021650378415949016,-0.009736884534989214,0.01970967797395097,-0.014387356482540449,-0.007571644976994929,0.003989332331608995,0.009193338788890261,0.01845234736099634,-0.014995632069394678,0.036000279520244635,0.00620698163388753,0.012957606797076209,0.004874530831569052,-0.015897200290216056,0.015474297123992786,-0.03850376027139795,0.02401920456167592,-0.024257870528102594
ENSG00000162366.8,0.011318841129559349,-0.008528921391579158,0.03232960626541473,0.12958048180641535,0.046492311139449745,0.06525972631989817,0.04186663489400984,-0.05952710309729959,0.016643299843518058,-0.06657955863033405,0.0008234717641511265,0.020706938643726303,0.002732202613736189,0.01011775108139319,0.03126827868623841,0.030726716385278702,-0.04273993458419689,-0.018688476984550662,0.013095151824775837,-0.047739563035747924,-0.0048369491443304435,0.03935088271743339,0.020723016772154892,-0.04393031098452867,0.018668982046617117,0.011224168105696078,0.0119816414880737,-0.024013378136868237,0.008956842170496516,-0.03065983690039141,-0.07585475006931897,0.03717505761937112,0.08027115928500825,-0.0488589974876545,-0.012278963954671786,-0.040367155741898454,0.0008736805571212824,-0.03418917844995575,0.01710194384533084,0.03893499907495216,0.0018547287884680312,-0.0549204370644949,-0.07190407774714122,-0.023928272061151588,0.034659619815187434,0.06162292771658296,0.04878947978094376,0.005819138837584854,-0.022769410846063688,0.022416252943133992
ENSG00000135447.17,0.057470657546833205,-0.05124818469083017,-0.044808993330656854,-0.005256436987125862,0.08446711894313978,0.04480803630422963,0.004751690687710506,0.018859563987568415,-0.007717776898443865,-0.01402707920063938,-0.01406216553776236,-0.012220164589264533,-0.01997072461160372,0.04857234718495754,0.08458593254779269,0.03262211704329979,0.00452846828123373,-0.018930913194089637,0.0006569017914427739,0.028856378913324543,-0.015207714774324714,-0.05413731524537061,0.07283943229434017,0.021178529901009994,-0.030398841445023125,-0.017370262343552798,0.0298149478291373,-0.061763259629027026,0.0005977079474413723,0.030807469056107123,-0.030100114428536492,-0.013246763026839648,-0.005343571649032901,0.026131950804723816,0.04396832119935237,0.012236985364467903,0.031228218959674942,-0.0013236705227947614,-0.023534914375211217,0.03793165116492794,0.019359022140588225,-0.03282572025452645,-0.0397195037538824,0.07204167810421394,0.03153470606520534,-0.04228877071017983,-0.04090185307678395,-0.047381939104284364,0.01734263812647622,0.026853719488997098
ENSG00000138755.6,0.012509600432760297,0.05740540210466052,0.06541819958695762,-0.03572014275221441,0.0025431861615795213,0.04478664313051323,-0.030931145482998725,-0.04093867911574172,0.010979343393909222,-0.03495971342245749,-0.06838378965556827,-0.009186073609440697,-0.010025673542665772,-0.09024168142795534,-0.02035999248130183,0.020956889894252234,0.029642124644710215,-0.0003523719862997718,0.04864087438848124,0.05423099213467935,-0.02629168980195552,0.036351082613696774,0.0078721116841506,-0.015642617930335594,0.04005718846895687,-0.06866791412270673,0.02543248085452438,-0.049483842469986036,0.07880527603331956,0.07694418736232544,0.07796381164949306,-0.036837060626223175,0.03190957557071877,-0.039343671115072754,0.01790401967419697,0.0429075882291876,0.0004519894453979676,-0.06536982745583036,0.007662932232802532,0.037398833285303364,0.07481848464029496,0.034615895912549474,0.05565453068139037,-0.010435112751978103,0.046798267761363366,-0.04857656537174858,0.008803376988540161,0.019155753108875073,-0.01067248872094905,-0.034905533443638406
ENSG00000168497.5,0.07563847676386727,-0.0189364024570236,-0.07250975673853852,-0.02689390869515874,-4.035896363069991e-05,-0.015547443903529665,-0.01176651343179035,0.0024448993038701317,-0.009432522450494989,0.006229057569997965,0.015190579035611272,0.0020464006252754983,-0.012391852111866586,-0.051643527064165445,-0.02123158183401176,0.001895544738094324,0.020862085419024297,0.016469584449798583,-0.008662557552642324,0.03998698459198682,-0.00893483898135777,-0.01791322408727836,-0.006625521775271934,-0.001781201594435649,-0.03126369575304756,-0.01843978791024809,-0.004177749052279474,0.001522708607573222,0.013000599337189413,0.015855904585764635,0.030106318258465044,0.04544302894407209,0.00944009752197602,0.021114251748635925,-0.003935391715354702,-0.025932495094264093,-0.020959745367701937,-0.022833492034209125,0.014450473979235155,-0.049730847921391305,-0.00027226228254599176,0.005083852642428169,0.023139046592400344,0.00949965140893217,0.005146372918317062,0.02580909423656351,-0.01164228820911526,-0.03734515126614262,0.01007314825682486,-0.026089860583757177
ENSG00000167757.14,0.037472345971193956,0.0006192705593402958,-0.019134830636059277,0.04945918313110683,0.01803930498211153,-0.005677026087557,-0.09772063576256411,-0.10093933989438619,-0.004890102681768531,0.0309713112715279,0.08936415490291866,-0.009369901169465188,0.015974726167180504,-0.03642664084716869,0.07641291792207237,-0.08304157467927174,-0.043076624142860204,-0.035171850648617047,-0.07438474438780235,-0.022955138048041144,0.08044124755234368,-0.008567264281492262,-0.04963664186583523,-0.01413412513374854,-0.025713046863363016,0.0037733766168055443,-0.020435216850551784,-0.10231326309121659,0.0449603822271175,0.04249281620024158,-0.016508916089808943,-0.046259296272058964,0.053610442016610714,0.11089483483630498,0.08327225761899784,0.03245824529472494,0.11144601100555493,-0.05387937927103556,0.0745903848108582,0.021042821736405957,-0.05940743755042529,0.026446698125809943,0.02000694506240288,0.0075947044319665865,0.06980916166339753,-0.016600500726709558,-0.06529290778485143,-0.03565132046506079,-0.09345612910299302,-0.003118538714351271
ENSG00000157303.11,-0.0009996547549270863,0.06962620018278831,-0.04227215632352462,0.019051236950144088,-0.10932787807206293,0.006478708630214324,0.026600461402538647,-0.03140592120633488,0.04139870244803816,-0.06657625228251765,-0.021667218996815812,-0.0006823099169194217,0.06695961063754703,0.005250455632291153,0.04747034235953698,-0.04614475271373605,0.0025710524560205684,-0.0033864203611128066,0.02604257743941565,0.033637063686883094,-0.030501133329057396,0.026633478688831525,0.02815198137030349,0.025371884935375635,0.00666364269329746,0.009081525719815145,-0.022231402238723216,-0.015598945250187402,0.06552221099903278,-0.020754909527850442,0.07662810121993216,-0.01831553525704335,-0.002738373392956882,0.0346846809957498,-0.030516295659294722,-0.038535903697552186,-0.010486194541885933,-0.033350262766616796,-0.09126149528429438,-0.03827324839192583,-0.01284421644758167,-0.07596146461879784,-0.015068155127622124,0.03907392012764507,0.027549225353831384,0.05903437456890001,0.007226277879578749,-0.003902124927340485,-0.030133232591945135,-0.0034808873531380195
ENSG00000211660.3,0.07524453010298138,0.05550949624703394,0.05186266978646044,-0.018444626050199087,0.012539713907976549,-0.007435673434143877,0.0027220457005054564,0.005694666964289147,-0.020152070520522893,-0.017690595209838633,-0.00993391562529596,0.006876211491592353,0.016021355577766017,0.024319290021940474,-0.0058708400725986576,-0.011651314103454649,-0.0028542094948418822,-0.004799825197647994,-0.010321846129900815,-0.016299304898386557,0.0053131783016549475,-0.015793173910098164,-0.018343830051904902,-0.0228282242367621,0.018749143726881093,-0.0007901817553767754,-0.01831386829163067,0.007610912213959459,0.049301958354275685,-0.028928129407096593,-0.01951235654784817,0.0047991741908629424,-0.001977732545142898,-0.023897800851073726,-0.008943866313919592,-0.035352859728019694,0.001800099043165375,0.03563529537953,-0.02735199712607098,0.036144466612512846,0.006086717165228905,-0.029459635632332098,0.014575224299846666,0.03067887672246272,-0.024564717712024786,0.007995639542143062,-0.005451243553749686,-0.0089321494195903,0.003039396843731441,0.030057876652782006
ENSG00000173267.14,0.04017973450214041,0.000806064418514841,-0.050200330967757015,-0.00875439061925473,0.013015752367318199,-0.009622577776121476,0.1200501363269613,-0.03190216763895949,-0.06916451209700623,0.036736206609430305,0.05099783510634583,-0.025139680312049047,-0.039933168771706724,-0.06926158988963466,0.05943941219815498,-0.11577510050596056,0.058633090579589583,0.026367990108110948,-0.056179379368899135,0.03765731195858299,0.0009154429756415242,0.056519637062342705,-0.046955686406735024,0.03668224884040005,0.005242197961089718,0.030788091425623193,0.07273946734603025,0.1023469091690913,0.03206613504991246,-0.06691037916191772,0.004915648405031074,0.08049345751120067,0.002361922281358489,-0.06107271033863273,-0.018226892029368214,-0.0636598068246564,0.038190697701713294,-0.03473014559526051,-0.012510683363902746,-0.03899320388574381,0.08178900915714078,-0.01822918686541349,0.050453586575051466,0.04068214537064226,0.06420129237004318,0.05401381207990351,-0.022515629688610456,-0.04039370761397365,-0.003113566384752609,-0.03061733875904212
ENSG00000171345.13,-0.023433930640056437,0.06296399438448186,-0.009252824467376157,0.0486120497053056,-0.042455346042445455,-0.024417285237281063,0.037345089886905686,-0.006888676125887573,-0.0027021688909044605,0.008752510051632972,0.0329739976628366,0.01579768280522951,0.08750908981994619,-0.006012903366554597,0.03857060282403644,-0.0065380910012308915,-0.060506107269684015,0.013083302913341102,-0.005265394464651594,-0.0061110223376709075,0.0853385268302088,0.07381021693765129,-0.08836484698144796,-0.059591559682549755,0.12730297720549932,0.00520288350366717,-0.09173828875183182,-0.033189421295809325,-0.054406294635321026,-0.018289562528764406,-0.002003390945715797,-0.045164675394585595,-0.08628971294915178,-0.054169515613497914,-0.050667926208194033,-0.04041558964601185,0.14939100209054032,-0.09466575013167486,-0.047556248160695806,0.019481129712993255,-0.017986076374179153,0.04082336661789139,0.01814346385383563,0.05906104286674646,0.011183940714455515,-0.03836420535269505,-0.04515475058331104,-0.06976273410799506,0.047575376742597555,0.00015588417076017321
ENSG00000184613.11,0.008596235935953765,0.052317204706380495,-0.011004297446229733,0.0029869145613659162,-0.05980968516195758,0.06083156037792814,-0.027627512605175212,-0.03572128135050721,0.04450075289391274,0.06512618491201622,0.005485018525170402,-0.057210881370957124,0.10389534649733971,-0.03169447941423678,-0.02306976284867039,0.022333034984378934,-0.00424696029400792,-0.05235825120532751,-0.10673198326367553,-0.020202372389593375,-0.04405944264056084,-0.08169646543293316,-0.005895758191323888,0.0014875680114500268,0.03950358402979695,-0.027990043706740925,0.06059696210021225,-0.010180648287410611,-0.14871350965782662,-0.04162144132002071,-0.10062712000251366,0.05894680636538559,0.03508855743297263,-0.09983214753581164,0.060465150519059555,-0.0072698907908855396,-0.09574537959627809,0.055344332519193386,0.014484062091560536,-0.131664804778062,0.01754283550324894,0.020990535509362307,0.06448298699250217,-0.006034767424276917,-0.042015218265896916,-0.056383216309362404,-0.04395152384029981,0.16082057681376527,0.04274448184558745,0.01748456880298287
ENSG00000243238.1,0.07093779413185078,0.051654252873638166,0.05473403044320968,-0.02008834270849136,-0.02052694346378209,-0.018638977006674513,-0.0019157706985756411,0.007776538446154106,-0.02489205693061139,-0.019672531500419022,0.026222662691484468,-0.007565986015108411,-0.047972062251255894,0.0008097621684734168,0.04515490734027152,0.0206237316606813,0.013367233199173111,0.011728399475562397,0.03413020358019902,0.03543287016251946,-0.017999286430298966,0.012814562710923929,-0.01688248131096086,0.018819405279718884,0.027998908829910105,0.03484396233521556,0.0019415261193115863,-0.028063169185087625,-3.383064868006016e-05,0.0008696430597540501,0.0040605964068781255,0.003787476108140882,0.06606616918625315,0.04577993296695484,-0.014769919072594487,0.03427758139812005,-0.007567831866037941,0.006068070053222974,0.04045469104870506,-0.0011136267965069036,-0.022098231008985423,0.03172784300734432,-0.027157356843586403,0.03845078680179423,0.04049669347088063,-0.0003316163922919252,-0.024592803521814192,-0.0008695629717501653,-0.0360273570073062,0.055967760970343214
ENSG00000211679.2,0.05897736116417659,0.04498348376837197,0.06852383703177944,-0.033331152438610595,-0.005367769784467227,-0.026224700081048928,0.0007511259836505793,-0.012820216444759263,0.003930360397423459,-0.01321501271968273,-0.005922665034057423,-0.0039122762714023495,0.0009991563768335424,-0.019182723329057714,0.04193760221358626,-0.022163034271211614,-0.017140142146708785,2.589475042379557e-05,-0.008179543925775577,0.009731657965054655,-0.007607665803322764,-0.01081135968438495,-0.06102567881862398,-0.01832571840929652,-0.002719481002146401,-0.05907118808599346,-0.019416024982582943,0.09326049891628332,-0.03595419418662505,-0.013426729929342776,0.03461702222196384,-0.01247950537495049,0.011505713930817417,0.01659781509337642,-0.016539550189646028,-0.015127478365879932,0.02560019956259096,0.010936332990598102,-0.009438106278123031,-0.0039762206075502834,0.017319116051558836,0.01054214324048245,0.03661006979943141,0.04841411285512231,0.03191109268053688,-0.030147064845533207,0.04997755556860428,0.025124928104695354,0.018833032653981868,-0.06663402479022879
ENSG00000238117.1,-0.008500063381694714,0.057911698020476375,-0.043629543325995036,0.03960276914999522,0.06566007206162858,0.01668395734207324,-0.0344160271244604,-0.04819118254541772,0.0033956353240147297,-0.00914768263276931,0.007028221426091299,0.05146387492720258,0.05765073346921269,0.02327638253636767,-0.0008965365516461305,-0.08517401620165435,0.03945006536415834,0.0005481377860141,-0.0017501340652458584,-0.011535029584386746,-0.08173340901293187,0.03858968657330875,-0.011926243085253977,-0.07020646896109688,-0.07587169000210962,0.03685905669098071,0.009024883227864496,0.04227294178069925,0.04834935200582551,0.10208363725598364,-0.07347063057136805,-0.014357238531467422,0.05948215484739154,0.010444201923207054,0.0006169710839484146,0.05914534828413783,-0.09236024818787976,0.07694208583808274,-0.07105256873433566,0.07204117791946686,-0.04141460990984271,0.015481605571572871,-0.09742974787495587,-0.01942279815403346,-0.030998887071680293,0.0669824830090791,0.07019962220036992,-0.018037027941903185,0.03272356324106974,-0.022207247282547145
ENSG00000188505.5,-0.0018647034469264267,-0.019219346081484356,0.06629493659945171,0.056897220876289234,0.012424537978825676,0.04097469914258994,0.046419093439143855,0.06200575325571624,0.02850335054698885,-0.02554549933359242,0.10119580139734224,-0.05474507436565861,0.06149093020448787,-0.01352724998854914,-0.03074312276457531,0.02326662131401782,0.035407236054437144,0.05942450873815014,-0.045218261570277946,0.013851727429325748,-0.10102598941703937,0.06711958533438074,-0.049051391791223004,-0.06106739531128726,0.007175385847937288,-0.06702538209072026,0.08769330059344872,0.03368085914683132,0.014627863724841693,0.015757909944123724,0.05924496781190037,-0.05758278796592698,0.035627023124942286,-0.06036909759479121,0.009830792052498889,0.03693916339727249,-0.03717568257623125,-0.019991414988005086,0.07363414720174792,0.03529448055692745,-0.08250037746968324,-0.044171093964847225,-0.016539485588226165,-0.008526556396436638,-0.04557351489918443,-0.07419025614524286,-0.07984461487553497,0.05647640689890239,-0.006945336842743102,-0.01939902373555158
ENSG00000189221.10,0.06076603771823246,-0.022722840207476086,-0.05873256653233764,-0.02640141243971294,-0.015757530115388718,0.01124383472108522,0.09998303574416396,-0.010665600771940037,0.037182312556089746,-0.043369203597532324,0.0009165097560914608,-0.008519650242122416,-0.04866353461630672,0.059842121410188735,-0.018304601274098622,-0.0616891861390121,0.0541640371586569,-0.024062446394195677,0.024727225691269204,-0.0047063494232292835,0.04946217069412492,-0.017264364686518072,-0.05411724223421455,-0.03513458857584001,0.018406868957103834,0.004548295994503361,-0.04739140024449753,0.015532322724375786,-0.011640185046937717,0.023936065910530293,0.006706647797527103,0.044076449961463766,0.03090368922430669,0.036987276809405945,0.0063468857307708015,0.02978733810728762,-0.007117330060054352,0.0011496245102887756,0.024652580051011192,-0.08235223411684295,0.05110082048907486,-0.04894268306625454,-0.01482311125670146,-0.0028151136305532252,-0.01772607667347542,0.029432713923078446,0.008096976431525536,-0.017201218599397477,-0.06025988781543412,-0.0121881491883526
ENSG00000230937.12,0.04991453885514501,0.015783160448902205,-0.02587686667207267,0.09700527545929864,-0.02342664839200804,0.0007362711776131085,0.09409280130587569,-0.0002979214637880683,-0.01726587191215141,-0.08934878986903906,-0.032732873326140714,-0.033149322648534374,-0.048641585450504204,-0.02732311632643523,0.0015249585231497938,0.03144121704890803,-0.005409178332430602,-0.06449959899483095,-0.05876990792191884,0.003419054234344987,0.0047715147955914505,-0.028463209939870844,-0.05004307486943285,-0.026499871173115842,0.07089927458410943,-0.04548133459391514,-0.01738254107170879,0.03738937990021194,-0.03559848824958565,-0.042443048872882264,-0.021136737552065247,0.0023392126266600687,0.04326499441247602,0.007546841768040417,-0.03773471439598277,0.0034726874376218887,-0.05234466535684544,0.045416293060749825,-0.04692212326116329,-0.021871451664468498,-0.016722515108012672,-0.04151289403828768,0.05657562934132964,0.050410789613039124,0.0035411275794109283,0.06305539936811543,0.03075336466501289,-0.028478202018147047,0.017553565161081086,-0.033666634067690604
ENSG00000211649.3,0.06972226284513632,0.0479328597823695,0.042994349173050124,-0.0014473849772835233,0.010937709243731681,-0.008235713565310972,0.02575065152312541,0.03586258319016116,-0.016849191964468352,0.024206126094244225,-0.026302461926382022,-0.022432470301207177,0.00794703378777735,-0.025199028481125523,0.0010910454918347968,0.029759139612445164,-0.017151160701789934,-0.0010313686439971828,-0.057601531039764946,-0.05229433574912273,0.04339370665086335,7.144964677693099e-05,-0.02473790505472199,-0.03450911336268154,-0.0418017026076181,-0.050341742587592046,-0.032659474926874835,-0.02930049199646203,-0.023109590220435103,-0.006415394568639472,-0.06498596406045846,-0.04536035788141125,0.0035471559579565246,-0.056093150550002434,-0.03383134103689797,-0.014713871767391204,0.044856593612700814,0.05318894266448555,-0.012843349146436608,-0.04537104635819889,-0.06316863015874487,-0.006788931645762579,0.018572295500754045,0.017307735000576394,-0.029596947264387472,-0.015323933045578516,0.10054889863752003,0.06572991271310981,-0.08033927753034364,-0.09057977226493931
ENSG00000172724.12,0.04835831730824242,0.03633504036301521,0.003498115517248414,-0.013197380861381424,-0.03158229172297181,0.04968078567398376,0.02564905543173222,-0.011791517918288918,0.023124065290099468,-0.07327173453591339,-0.05392164202898739,-0.06059658922028258,-0.009868506280955277,-0.153330248393518,-0.06872410911879119,-0.01973134521206249,-0.019742205262244777,-0.026276603119033768,0.03777459173873221,-0.03432095979680705,0.06929129253703184,0.041942046313785515,-0.05269842091580832,0.040835709421106314,0.016518350277776057,-0.07197785064742217,0.029036249115775677,-0.0006330410824877988,-0.007235803446924374,0.1693233962494713,0.1004368393722191,-0.013865334750929428,0.011924231531994628,-0.0821959082965373,-0.03415590310161354,0.0228001834337739,0.04378784113893943,-0.03909518933888357,-0.024589372673597273,-0.0027393952344815942,-0.017845001685410495,0.04106482518484307,-0.051312937113494356,-0.015351066869983382,0.0007293446371445302,0.05638665823981829,-0.012389512646051573,0.062228484806912635,-0.04338782281076802,-0.059798437611353096
ENSG00000134339.9,0.053999426683831814,-0.047971130051944755,-0.015423906417329106,0.011719750679813755,0.05428105107754335,0.032676260458430015,0.03929740494816384,-0.05644651193833786,0.0293146952389673,-0.08590838347497749,-0.0086243687040009,0.009966098100692225,0.04745552581585594,-0.01305453966960905,0.0209131424753424,-0.01072817505337293,-0.031677613654680414,0.0017758393154093629,0.08147844887571311,0.0028983699550104514,0.04119701428181867,-0.045207074258627925,0.03962998492620875,0.05771894611645281,0.019492423637892168,0.06488643078556702,-0.07154290909111939,-0.05348733951023478,0.08466687344718586,-0.07478757891488759,-0.15548246973868488,0.007602952965535854,0.05316901253866444,-0.006465614129448448,0.0030078556205181137,0.007948453782689876,-0.012626992183724242,0.02799078552971455,-0.005356587340163777,-0.03400263337764835,0.03658865318889281,-0.02605544894532595,0.04359939240543673,0.05924242649211526,-0.013115188991534714,-0.02360693587649715,-0.005866006223926002,-0.056169349778622354,0.013511632010125669,-0.019113142242842593
ENSG00000213058.3,0.0037580498601871262,0.021641993065021185,-0.015235642403416568,0.0081143908099204,0.010114682070262997,-0.011976825537580406,-0.11062766313773634,0.020633088150208152,-0.07974772246155676,-0.054913700189635845,0.0402129473437782,0.012837711828311624,-0.006178209282443928,-0.013533864562915545,0.024297356835219164,-0.07768262029985791,0.08427510050239338,-0.00968727206729506,0.039048236669797204,0.0897424507241387,0.007313061958834341,-0.04796462762325896,0.031457458972823905,0.021619149317406817,-0.03571373602701747,0.010725565759134057,-0.04014628505269055,-0.06695979460643486,-0.049556226222594466,-0.11531943494731589,-0.11967739702810727,0.053541528295833314,-0.014334797073794656,0.027070965190240034,-0.07646845984129658,-0.02505292384285172,-0.02549626333305096,0.11396399195155045,-0.010487120355974478,0.08218671759757502,0.02184938902574959,0.1328859564308824,-0.01093581066219166,0.03359179051865488,-0.013378969815614393,0.08427159705595653,-0.08594544882958356,0.15075337654068297,-0.0831539997703509,0.0014771180687063144
ENSG00000172061.9,-0.01764323931452532,0.06722390387588396,0.007311616797819201,0.02035088037321919,-0.03349085836941376,0.15755275591863616,-0.07314564726677147,0.06489912818565433,-0.04434952784626651,0.06854865255834343,0.01859018163330503,0.004814512058707864,0.017792454337417538,-0.009698300690121932,-0.00942897947797255,0.011166599815075859,0.04076097654624981,-0.011345904816489814,0.06680092467083798,-0.01673266418136264,0.02139778647279102,-0.04057149628125004,0.0008511499612845569,-0.027328064318118468,0.01720547350425411,0.031019735074822547,0.036575102158975546,-0.05178179683366058,0.01827133409085551,0.023297401438784265,0.02025352291395371,-0.014584955596235509,0.014438766959490128,-0.021925348539011992,-0.007480240382451261,-0.007494313528913901,0.03437714926468213,-0.0018228215344237423,0.006670927731204301,-0.012538163102708676,-0.016087564178739897,-0.008630498811748854,0.0038318693496077407,0.06006786482841673,-0.07039968191052785,-0.07056129880954501,-0.00048169880881594724,-0.01750799734835366,-0.03426458913391431,-0.004971753529631696
ENSG00000211642.3,0.04794985804466945,0.0437205889091703,0.03250041846101218,-0.022603680990723157,0.027710183599372606,0.0033813206845132587,0.02502246671263541,-0.015541353995360632,-0.05235827214869486,0.002069850558934176,-0.056052444010602484,-0.009461616430554596,0.010696618696609405,0.026087078941385646,-0.03263497392241921,0.01009078939992048,0.037439796635791375,0.030501952408609256,-0.053824470253924325,-0.0005163817792732307,0.034110063957608995,0.041054677367824303,-0.05513715857637717,0.0027724366424321505,-0.021253289058340168,0.006320357837364889,-0.0894812637027122,-0.07945398010687407,-0.0173674047868825,-0.09624170654958437,-0.024216664770550043,-0.031410187092837064,0.08040057178763467,-0.12022789738010012,-0.08006021047164796,-0.051347491394505805,0.06239453956237096,0.056455944777012025,0.05086782939943232,0.02454302949747614,-0.03341410022948668,0.08847521891218633,-0.10673164250481655,0.05760958058940217,-0.05378424252297347,0.005687594100286015,-0.07835372867548997,-0.031600160883055284,-0.054639780383780284,-0.07143674393537537
ENSG00000243466.1,0.07090543939844884,0.04110297869695065,0.06567801375520303,-0.021486953988340024,-0.013538347625924303,0.0005119907326402251,0.005082391993746247,-0.004660177660916138,0.007383285969145517,-0.01877705942046057,0.019598385827585954,-0.005389877590742075,-0.02995953382471858,0.014034520101236006,-0.019604139384488916,0.001537279637805527,-0.030548533723180397,-0.028675345255992746,0.035126666224806084,0.03115828902402126,-0.005502864839813652,-0.0068707943915353115,0.033330692705080676,0.012655717321713056,-0.034837478728594835,0.014974960372713385,5.518707890306723e-06,0.008030469925038334,0.03805028271117557,-0.020190613898158096,-0.010581306510643934,0.03898162698813185,-0.014820045077527925,-0.0278496253024915,-0.002358112832003839,-0.029586571450687455,-0.02276258777863636,0.011847518248734994,0.011825904442766494,0.018099939179353514,-0.02530606755618575,0.037678575644582345,0.012184789613533786,-0.057198996942038116,-0.05145142895036052,-0.07614329154467223,0.03344846551711678,-0.043020025048508964,-0.0038606028606939903,0.04371264084045586
ENSG00000168004.10,0.045838899884163925,-0.028815768648819986,-0.0723568903910081,0.0018957419805719514,-0.016565517850206313,0.0412183992306425,0.03362911720054822,0.012084537535480078,-0.022703880063415505,-0.047897235279834666,-1.7873968831272755e-05,0.04594830343947848,0.04467740721269827,0.06258786532776267,0.022520669401621236,0.03115805772874501,0.015733295576667188,-0.06590403060323552,-0.057375101210645464,-0.010466651307818202,0.07945922734534175,-0.033759302603465005,0.0786282106320393,0.039592075200378433,0.0658857400679088,0.027429676208542066,-0.011326592091507716,-0.02384349168327211,0.03811826530183087,-0.030213367005130106,0.006847569334048089,-0.04559912406294904,-0.044847625628640544,0.010701351413715369,-0.12667334471066985,-0.0007994974924278097,-0.009800717975991642,-0.010430406893134948,-0.0074087572359217415,0.033326472867986595,0.07610567783764041,0.013233401830080408,0.03116539100746402,-0.04971335480908177,-0.056200748805732684,0.022028966052494364,0.053058819370646874,0.024045075728827765,-0.014415861219899075,-0.013725343694010463
ENSG00000126709.15,-0.02734252167634571,0.05249162748104044,0.042744634276552396,0.0010846409276272786,-0.034145170606279626,0.0612250318505005,0.08308298900783286,-0.06321570529425087,0.04336804140692361,0.05205107761860394,-0.03375305296031465,0.03381217597078769,-0.035016829050519,-0.09942048944496765,-0.013061382562394754,0.10576080590849384,-0.02965828845876161,-0.03554950130303977,-0.0324414393984477,0.09657717417121979,-0.026152574581880528,0.0040474066803700606,0.003264698107973244,0.03775893619862537,0.0697295117117595,0.034262036816660145,-0.04230465054131098,0.04146443657147915,0.0008304826281246637,0.03670050525821049,-0.0939486019619066,-0.012487419987409477,-0.006015450903353263,0.008596551742679063,0.028313803096412484,-0.06816790031466435,0.04165913507799679,-0.0371182094569322,-0.006354109587095556,0.10708724691975767,-0.02357725363840075,-0.0215825513873118,-0.02161610830416105,0.0323565755770378,0.05336200422620366,0.012379207373900324,-0.027562426258334143,0.030929280178104403,0.017242733804870288,0.06762617088489789
ENSG00000166482.12,0.07424957660093083,0.01663694578803606,-0.06492830358968392,-0.008069383156732026,0.0007316730331411086,0.059216384047983704,0.0030660891424783335,0.027614831057534886,-0.04736971263072211,0.0347013935661831,0.016947268890193757,-0.008795267878141031,0.001559441783201134,-0.06534189203429695,-0.01908836244591403,-0.015108399111081272,-0.002144009414510329,-0.02608767233354997,0.007535186488600121,0.04296631417587249,0.0062547687853054075,-0.009474181650446473,-0.006006399791632081,0.013757076951555864,-0.00970159300630139,0.00032949472601272097,0.018592488275260367,-0.048417540099514496,-0.000984618378612109,0.041952063309398456,-0.0006002719258736622,0.0052623311615417456,-0.022881646745972893,-0.03981291299203953,-0.039511534062570394,0.009052128973956105,3.6950068676691535e-05,0.000998857406097489,0.022932926767764865,-0.017719113326883616,0.02882483612350913,-0.020219855727088298,0.007605540443601687,0.03427851889971891,0.05201401240099596,0.051120016885517525,0.023858751953338177,-0.02144454362453179,-0.008597795252760599,0.018577437372074342
ENSG00000165269.13,0.06893697378657657,-0.03958437233611178,-0.06059382411229858,-0.0683337555484177,0.03531480001405881,0.02271272029075748,0.020640661802078256,0.012722848008151839,0.035106609211825526,0.012853421611489736,0.021105533967515487,-0.0009877082834218347,0.005549357283297771,-0.0006495592704385308,0.020582635067526285,-0.014553251975609633,-0.024242029494104037,0.009430558302079102,-0.004713428402127761,0.006187438647053742,-0.0070327565694999665,-0.0020443381173756003,-0.01487647057475716,9.164545876298738e-06,0.008612052652997408,-0.011603619570078721,0.012497360369101202,0.004340838551662837,-0.00418262496419688,-0.025546265587484903,-0.007786769500027013,-0.013777495682159137,0.0038867711239923453,0.005544108582243033,0.014576196884454731,0.023025941841175013,-0.00929910722413894,-0.00051820780841063,-0.010059759110852854,0.01488074314976808,0.012632623756260626,-0.00862774771663519,-0.020926806605197926,0.0004925393721919193,0.004820327423929393,-0.013412827298440858,0.017687200565751876,0.009153341959406392,0.013287500576488667,-0.0009749519849773601
ENSG00000274576.2,0.06265598241459815,0.045160891882954454,0.0583222812310935,-0.0330440533209846,0.013114233326340905,0.02453062679568364,-0.003062564172506707,-0.016256813324248092,-0.03599592624911808,0.01141161670987408,0.022890911147672617,0.016677336177457234,-0.0020186512218264498,0.03558312255580817,-0.06311430060679582,-0.008481869245543257,0.017455667439938056,-0.01770803994767686,0.0055635333229443395,-0.003204979672158672,-0.01673781292666101,0.05850245315089038,-0.02466847226747556,-0.04137750454275477,0.022267023023534237,-0.0020464530281433867,0.0011386259748892742,-0.015810503005582205,-0.020788588714153646,0.007836762144680064,-0.011391210570756904,-0.0006050428301659971,-0.08798247041700911,0.043670119933527256,-0.007796980367415086,0.07835935900132177,-0.009172503097184525,0.0019303729717429728,-0.06452184972604291,0.07099121633749093,0.00980190188364041,0.005213561795747207,-0.02028088258537986,-0.03994329472561823,-0.025280774148789768,0.041264955267022424,-0.04416294124110246,-0.05281473298409957,0.05083284114299656,0.02596834475132031
ENSG00000184330.12,-0.010542004511957498,0.0011978812710719854,0.03153314316770175,0.043416091638424234,0.11760015273330854,0.04627736708059966,0.061380304089593246,0.05056608471193038,0.028335760363400308,-0.11318748597677894,0.0701509658781607,-0.09929024350809426,0.07076760342541615,-0.01894892925960998,-0.003261584349898292,-0.0033420015865456643,0.07411221244152665,0.030026420344452777,0.015452153921181521,-0.0603198047585727,0.03499330430141388,0.009627044206299586,-0.011865529692428699,-0.07500943983041607,-0.04932254052402865,-0.03039661212075999,-0.03262471505425514,-0.04816674919103213,0.043087528666704296,0.052562044134725615,-0.013446065868619926,0.07394366676275832,0.0961433739363023,0.020103507944944744,-0.05313067934901603,0.0038422283301585308,0.10683884964356101,-0.01463664017051769,-0.04339681467521334,0.06570464862739948,0.030632637728130362,0.0045328646380256975,-0.02135845093674375,0.018234861457317664,-0.010711031959435385,0.002294958972640888,0.06557843818759816,-0.035552872077454986,-0.05263930274826161,-0.03027499043214756
ENSG00000205002.4,-0.01293529239913942,0.014708475066456504,0.040754272152771054,0.02947130930799585,-0.08550352562663593,0.012527654542924052,0.0064525212808825855,-0.06559042950289672,0.013667889605271476,0.028066324496967596,0.0959699938460051,-0.03693572736598655,-0.014769546049951598,0.04491769176148094,0.030293364793190197,0.12670391570523873,0.06389535098284696,-0.013364667123948586,0.09594234041932179,0.025796627954233597,-0.043625836929226586,-0.041997655212449136,0.004924659686165243,0.10208330454844564,0.021138054047943437,-0.009774234226363174,0.18196432796864304,7.013827753349891e-05,0.03268620976425689,0.014999918361705028,-0.04563496055178424,0.004126970763311374,-0.05604923438347733,0.06305213757167069,-0.052193384567429085,-0.009086463183881925,0.03437676340439766,0.0694300949914012,-0.012242046171075851,0.10669940698274685,-0.03172070571630478,0.10058883807120135,-0.08637178582800895,-0.04443823811701415,-0.0052399001652766964,0.037355706922742274,-0.040089592610460176,-0.05429118975019606,0.030607914446011256,0.09150382844542283
ENSG00000126010.6,0.007732061412008158,0.0503189294629121,-0.060933854419962255,0.04954712252712843,-0.06390122780459062,0.01974099401783318,0.05172799797462574,-0.039723267505098366,-0.05436179245857588,-0.033045097350860135,0.0269711525936354,0.03551309976370593,0.032601511622479915,-0.05015258032191563,-0.022352874835841117,0.017674185957553913,0.019384305468357396,0.02288855857345317,-0.0330872672925963,0.04700060622130002,-0.028474371467748276,0.013169049947597482,0.03994170331951568,0.027264425680674456,0.03725947840410119,0.04784717489608796,-0.023668585775353287,0.0631491465732879,0.03457562962882204,0.055901534592085605,0.020016529517197294,0.05595907081091092,-0.04298969287688906,0.05626079887315957,-0.05136758847739773,-0.04806294649205794,-0.057459892588805725,0.032590160163390766,-0.009149254409290281,0.0011856114793012112,0.01625607782461054,-0.0960397489267856,0.027449329747311204,-0.04937929174584099,-0.01007925460343292,0.07991533026622337,0.03327868911572913,-0.05845891805449429,0.05170689308354617,0.08021930948065446
ENSG00000224650.2,0.07519219078204223,0.06010014447694039,0.04268538980938405,-0.014371913227916077,-0.003946200603363728,-0.01253676003703408,0.005837738890984425,0.009407562887450106,-0.03677197106700771,-0.033311138418632244,0.0028029220375747777,-0.012279191077711518,-0.021341488384200167,0.009007115605250119,0.008139727277543765,-0.0038288409664178824,0.0021865504526188393,0.0028079952458181516,-0.009634778295143585,-0.03385561890338956,0.03867299580980855,-0.013821590648321922,0.022753389544953193,-0.02288944958936505,-0.02657405881176557,-0.05562463306649055,-0.034735591000295114,-0.012965802409944258,-0.01724029591883618,-0.011668692038965351,-0.042230810179020965,-0.004693562877303141,0.03667377111329296,-0.037011478762850276,0.010657622939528082,-0.017782850296000526,0.002239190145856298,-0.01640355411553419,0.0010444438143555677,-0.020582793178787608,-0.014415125418168907,-0.019706160814887828,-0.008428665730482935,0.05131569856476699,-0.014867171129489461,0.012019501541715688,-0.01178867563643404,0.01217273437098903,0.010192181989757918,0.014467540511713478
ENSG00000272398.6,-0.009287784780799314,0.009098869945304568,0.03786445175518925,0.08916839895915742,0.014963658857269697,-2.0768531321417532e-05,-0.05546574752253604,0.064756979435784,0.0024537241800697378,-0.005279590134670368,0.017898719556955302,0.007575359659920267,0.09066199803343437,0.03140222012504659,0.05605428919644816,0.043010158408269786,0.012204725973197477,0.13442454767061607,-0.0019071706528087104,0.08934921924056095,0.015232351869786316,-0.03315612566743502,-0.07391901832556505,0.10269931441160327,0.009799699406291329,-0.029755798905341944,-0.028485390697740594,-0.02716746817939069,-0.002327387894310297,0.0004039903467769126,-0.013192720999141498,-0.06693979245676802,-0.12234382951578508,0.005670392138620875,0.06607811850654893,-0.012766415585023876,0.059387501382276414,0.07148591607041964,0.14824605337749644,0.0795720285818727,-0.038795925469520216,0.024005054808332062,0.06351523469883788,-0.029334551066496215,-0.038575091344669854,0.009546090748490253,0.10771056657636763,0.005094458248697226,0.0014789585861729754,-0.036843180031307154
ENSG00000153446.16,0.034956921190235565,-0.010033344958994017,-0.05029359830944411,0.038339419197750906,0.009032321175124779,-0.038167107950085113,0.09304390260294366,-0.06997248178503149,-0.08265342829364405,0.009795797368327296,0.04017463447621687,0.04645913160115533,-0.024516384690304933,-0.0037500372739306654,0.07561657770368636,-0.053541342311548015,0.004139084403103119,-0.12934983410201648,0.03594034949916052,0.005660030147013434,0.04770814834849583,-0.10162403895635215,-0.059313618121253034,0.04573950239772967,0.01676350691909731,-0.06767226213874976,-0.022033812719131,-0.015100198234460144,-0.03139799301006899,0.04431181986095573,3.402875478155334e-05,-0.05239575211111178,0.08341617043669798,-0.08029503421514789,0.088591545184203,0.04190508152596614,0.02223522151709427,-0.021592000187328143,0.05301207158577418,0.057155626334706125,0.0045128382066534,-0.05929830653904017,0.01579037156146816,0.03983239114902047,-0.0667085673090747,0.010753339482998144,0.0414004377828395,-0.0451229758282573,-0.04075870676107245,0.04223922895758812
ENSG00000022267.19,0.07064161753945009,-0.030806821230379658,-0.06543494791122391,-0.05217881771070246,0.01288108967466681,0.034941414260645426,-0.001177646014674345,0.03827397387358738,0.006117819828342232,0.0504674702700345,-0.011514468576957152,0.04475487517552928,0.002791939109653687,-0.014161405429464605,0.010922742850022298,-0.000221096626738595,0.030000369011431542,0.004673380778850916,0.027489092435398536,-0.001502321525062046,0.011853944057569647,0.00483533636850333,0.017169167927220445,-0.009102907204861725,0.0203050187017054,0.0155325447930896,0.019325714470254902,-0.049202969538545284,0.02089601302282937,-0.0060320103784551144,-0.019735757679516106,0.02003928987898519,-0.0077450521307851,0.018131161115837128,0.024944012327213615,0.012890639146463212,0.008743419749800634,0.0008207149096930388,0.002906845077128384,0.010932662888713354,-0.015458428748822582,-0.0029718989234707453,0.03216302265364947,0.020240952447992167,-0.017565193160376455,0.013868884792893402,-0.015807189790720756,-0.02282905795021608,0.01408472258486276,0.013147352724094098
ENSG00000211895.5,0.07883087059285188,0.05301722193266329,0.03399876313385201,0.007197048399061678,0.018150384337243235,-0.011759564010851365,-0.007650691162035097,-0.007853955130719851,-0.009652624822974885,0.0031130157005563536,0.0008386032428100921,0.008461436074859904,0.00023220899473846212,0.017853587207975,-0.0538062178449546,-0.049690699196472995,-0.03567524244647368,0.004740649794897768,0.012481684632421525,-0.010562212739588022,-0.0030864537233299704,-0.0184317421082243,-0.04458730073104561,0.011812849517432642,-0.0514257278121948,-0.03211257375606669,-0.034650173791391854,0.030118370905417222,-0.03463894987165868,-0.033411705568662284,-0.028800065401529636,-0.032882137667158286,0.022884379637555928,-0.012566969380160423,-0.0044218826045158656,-0.0035350400280423663,-0.013667094445100903,0.06340036453784344,0.015932969901111635,0.001820936223888223,-0.018027429407604576,0.0017289247511655945,0.054160230392331546,0.03986109202728867,-0.009597668298585188,-0.02079865721323079,-0.026696841253504026,-0.08207644486258507,-0.014573797004065718,0.001953877316862569
ENSG00000119147.10,0.07350171156330404,-0.02661432326580665,-0.049036146500993416,0.04557783718580943,-0.028892342573983664,-0.05647432269395133,-0.001052945890217611,0.011965537368628775,-0.062414616802128696,0.039359725390585625,-0.04729557417279183,-0.023099612668670787,-0.0032247559876281504,-0.00965515826524584,-0.03998826573259926,0.01594552741911524,0.04786410091874979,0.021917911022540655,-0.02009648165268249,-0.04828739678305994,-0.012623149755537357,-0.018360227477049098,0.04794804286046339,0.0280800259474944,-0.009459516534147495,0.003995973365081664,0.02906306122077535,0.010878907732976978,0.013523507897283342,0.01820628590238745,-0.03513866779178811,-0.010071513072201872,-0.005779838017961722,0.009841125566089392,-0.016110471199287303,-0.011918846679296187,0.0031085193238522208,-0.029401759480324884,-0.06409582787467011,0.006495106151048182,0.01522477344239076,-0.010428069527500496,-0.037039803194049016,0.043042630243942955,0.023503408421515288,-0.003262157967784742,-0.0014713936492636412,0.0037145967354585497,-0.03658628760414604,0.05519947097749027
ENSG00000170786.12,0.004131622236394616,0.050541631530403634,-0.00871722460859314,0.055578303143280425,0.08201726128462083,-0.010156373761916724,0.04948168133219213,0.10803668852054842,0.08268871467765501,-0.04913410610396126,-0.05341137237593727,0.025694189061395364,0.02174066460052136,-0.007296538054789979,-0.06381756929956692,-0.014694899227812867,-0.007469054056235948,-0.02599849991133323,0.07765561647980371,-0.03545775388120056,0.048353643174656874,-0.01757823955793481,0.012611511925753023,0.034805888535345594,0.08233256876394067,0.018181596824011083,0.027525156373857964,-0.0588907396213894,-5.135385357638143e-06,-0.06887869325051074,0.04491445852250054,-0.017558527428444413,0.09034975393774208,0.11807119032859144,-0.036062745048738985,0.051218929324945726,-0.04311511460503182,-0.020440609873710797,0.05596956255824792,0.02074817629900701,-0.040493084939503717,0.00022404421545805356,-0.04672369566101715,-0.004308048435395818,-0.09080790163453159,0.02713016497690455,-0.03486812624122016,-0.09137311303702282,-0.03573308467819348,0.05262021779138846
ENSG00000101098.13,-0.023902234465912484,0.06517341563744214,-0.02134143540223997,-0.03139847851450569,-0.06837000210708034,-0.04256264945825833,0.027693291221717917,0.08817554415296815,-0.007608029671405143,0.023300958079107974,-0.03861993551841045,0.015916947908123036,0.07700315664700713,-0.06195143232810927,0.09036228121013096,0.011563567720562488,-0.04508222047135878,0.07391469293683686,-0.051470822803395044,0.04726489358895382,0.02184273872989293,-0.006118071126158958,-0.04028470666265017,-0.005392497769892636,0.03572353667469067,-0.008547840953011119,0.0010228910870600887,-0.09951188841436377,0.0667103325575123,-0.021030610328539038,-0.04724302465387004,0.09497922183696277,-0.051837023315319766,-0.049057401632436715,0.025046399462206693,0.02795304411885489,0.0025882375824722633,-0.023480051183282592,0.004336434870619515,-0.04637219620978374,0.017757766443574876,-0.012876949275573596,0.053518887555746665,-0.10457014839996398,0.05004498302258194,0.008891408813304585,0.02312209023368147,0.015000314582850274,-0.04451425527381251,0.013548702686359635
ENSG00000211955.2,0.0614595844421453,0.04374288158660725,0.06368254823374242,-0.022994827381269674,0.0038744406175608937,0.014563944615724049,-0.0327190694301931,-0.01677840422953576,0.024552484651819976,-0.006078250652868676,0.0038977851742914823,-0.00318940268784548,0.0042220077441856695,0.06052037808614073,-0.0198675705094979,0.05761458343036286,-0.026654958546745294,-0.031199686763627194,-0.013367784812321929,-0.01123955638401732,0.02236796249157256,0.0069801403685568215,-0.01354982860577634,0.02308850952078292,-0.04039663213407696,-0.00791617424557801,-0.0052013342032702576,0.07688089897265579,0.01690591209515723,-0.060595995763547246,0.02062489720899607,0.03872909477969195,-0.02893182561090577,-0.003071851621635401,-0.0014444262789050483,0.006138814278144108,-0.029169851149530128,-0.013914478649127305,-0.026150528266538766,0.023763752266570102,0.04536262387113242,-0.004130774984341396,0.14768278237146318,-0.016030080457834713,-0.0026221104085235635,0.046998721736890486,-0.03954669921027758,-0.012235687329017617,-0.006025027310583244,0.022104748723411855
ENSG00000077274.9,0.06949117177583705,-0.021214392718758218,-0.009458826111137908,0.019723870699626046,-0.030903221197285568,-0.041490793316427965,0.017012420495309974,-0.0016416679882835564,-0.015454429074240755,0.0049913682326425506,-0.01590999585924318,-0.08795559570602801,-0.054008446991587675,0.020443652445556702,-0.0269562109190569,0.03428630675661121,-0.029825706314134618,0.03994834299830625,0.035339723406090796,0.05290313785425143,0.026098392394369098,-0.0643510831264408,0.0012554572337596054,0.05529640496069043,-0.10546707581711845,0.04738586782133033,-0.05145693453822077,-0.03683605671375333,-0.03219879750963718,0.07810301079652271,0.04042025770954062,-0.13537913113123268,0.004590694817161013,0.06106090556833703,0.06553305968882722,-0.024822211937617904,-0.06581702957481889,0.03414657740359658,-0.06949534743696452,0.048762457220295596,-0.00623498672207834,-0.0748995952968703,-0.027014733735727586,-0.0722155180689892,-0.019223945692222466,0.043311903782883986,-0.0059329401053819075,0.03528819548589113,-0.04586098920016354,-0.04780465837382135
ENSG00000182253.15,0.066340687937886,-0.05050637166173645,-0.02554374098442032,0.03206635018188966,-0.04222424424417506,-0.07470016690085086,-0.00031099457747318693,0.0184889229773879,-0.02431912939496611,0.03944769732812111,-0.0450458323180065,-0.022185334240200676,0.0492353887061271,0.00889904541581191,-0.036301345062223586,0.055253059422061775,0.023108493128182448,0.028287420809940695,0.03832429849790281,-0.001917854801678083,0.008572449078098935,-0.011682559604107934,0.05825481996544194,0.0363849927467532,-0.005534687118578076,-0.031557624983490296,-0.07441905473375704,0.003909574327594803,0.06280286089705549,-0.06472399053312566,0.06614955577701237,-0.0027874784172378523,-0.024223896400927928,0.03410617561793397,0.038842401536873496,0.03964087242402292,-0.016889064175998978,-0.041965665874478454,-0.014024372506573181,0.04998727037591487,0.016948456891254828,-0.020422504986177474,-0.05836762530856833,-0.03744737372548182,-0.01331086406654641,-0.02613535169003911,-0.007576292786046423,0.004953294814232262,-0.03557152942511753,-0.007454001817027955
ENSG00000102854.16,0.009708691995139943,-0.04080572243812871,0.053445266221373834,0.034158779529318124,-0.04717743217590434,-0.015552971132067953,-0.03012487705316892,-0.07239474671239815,0.054216413722794406,0.031018768420570497,0.08371617821312348,0.05178769382684364,-0.0015757080788213957,0.060149365031325,0.08254852987251088,-0.07847085612720502,-0.05842962762674834,0.02598479967355836,0.08235488851915099,0.03189217740715203,-0.07439676878774691,-0.04188120113497284,0.04630078325932761,0.0496763497879656,-0.03185085191992568,0.011246870888985594,-0.04774012988760065,0.00757397410528738,-0.0022144691869721072,0.02774807823428714,0.007229664429417614,-0.07788652009115532,0.034016461140364856,-0.05462159051413861,0.036492486611039404,-0.017270116162862927,0.012344545536015043,0.008199391415368436,0.027291389984120604,0.03824536033522506,0.028516348289629474,-0.019698614546242024,0.049294534570017624,-0.05800088608782033,-0.059206008615619136,0.028345183775574812,0.09322386220613746,-0.06899287026427815,-0.0736389849897164,0.04636947230375965
ENSG00000196090.12,0.02672405492737104,0.05891178872298085,-0.06020018542789271,0.046933913775154594,-0.03502916395000932,0.049409431666228576,-0.018849376492588367,-0.05041908220862475,0.0374036439892156,0.007631868710196227,0.03204795590839762,-0.04432659319954403,-0.002185372018747394,0.039984799823476566,-0.010384935569905385,-0.0034633847538300734,0.03784215569744213,0.015818936119588303,-0.04946575723423214,-0.036043913236483295,-0.03331458973491109,-0.033777862253560414,0.08708955727704736,-0.00969116675905172,0.013939367869705751,-0.023261397241859463,0.08496489095798286,-0.005451445919368944,-0.04153921701946574,0.005992850428128333,0.029096045083431152,-0.02018563136238356,0.026230087230086185,0.08599503138569149,0.03648220649394931,-0.024438202455199794,0.05509986552365942,-0.01099361771753898,-0.09982875242952506,-0.06341678360388435,0.0032322089251353523,0.00699776658268214,0.06340450209037926,-0.06415859925537543,-0.06688986081617025,-0.03281361107297453,0.04975856446515608,0.010057941153976463,0.020935900631896497,0.003465241957007448
ENSG00000162482.5,-0.02770869568712992,0.07534470718480378,-0.034846464400455905,0.00460556283446323,-0.0024782422380982623,-0.10178367701198592,-0.03571875962131612,0.04287722241709261,-0.03687076922061356,-0.008183343868516066,0.0031777154859868573,0.021108345843725597,0.011455056272688781,-0.010851694105927026,-0.004677411110155396,0.012653517943018734,-0.036744411164391325,0.02002793941151781,0.0047332831743855715,-0.010481549441758126,-0.01614233002491615,0.022294319598688314,-0.017252523502881294,0.004748090835771596,0.03566170792297977,0.11373736476774586,0.00236012736220818,0.0444977379832428,0.02072248198327306,-0.09260976450334152,0.031351321498570735,0.010933538422680331,-0.06896401124136667,0.034387482317545404,-0.0407925807849282,0.07098548274612321,-0.09930294125061419,-0.07284674573654706,0.003080487300488109,0.037663706153529354,0.01996521917306132,-0.04767762544630356,-0.006655702876008552,0.03843035371670511,0.010806693081135825,0.014871760982290889,-0.005021065139490496,-0.06519354524298913,0.08990232484770008,-0.024745297460490725
ENSG00000230076.1,0.009209007063758655,0.0038639921131172965,0.01131343840600292,-0.01265125002352229,0.01618800205831934,-0.005712438207860035,-0.0234439633115368,0.05567059979982543,-0.0030997398294308346,-0.03508577141512953,-0.09126943334632256,0.03888236271679796,0.029204874336480294,0.03458303890814452,-0.042832967682763394,-0.1210348308802395,-0.0037118729884211767,-0.11476536114728321,0.1500968061443428,-0.12740201380006402,0.029457451172739343,0.012433981921525863,0.03686077946413507,0.03673725765342907,0.08672307399094539,0.04402913056268677,0.0409156944539104,-0.03323265846601622,-0.06200945442398679,-0.030421837643260088,-0.011624791541774768,0.040783533755157024,-0.13913482758538526,0.06882127294809337,0.03579779536117572,-0.06141116590928061,-0.10609131981511762,0.09389617123782595,0.029474349591009752,0.08997347111946621,-0.04129843689452191,-0.0750643572230551,0.1656662773672292,-0.03226831841463865,0.005622894632002098,-0.003917105920252001,0.04037720258309185,-0.018930156652155045,0.02038862265960381,0.012914164292492081
ENSG00000138615.6,0.03820257816197916,0.04925805118697117,-0.04191925304791868,-0.035448400983102,-0.0032857982478386645,0.11803423077282517,-0.03201951191163444,0.07595647959443523,-0.05316190391686385,0.015473760682672727,0.007822875031538404,-0.0036061393207864373,-0.011178042686049812,-0.08037157636315699,-0.04407162588110951,-0.032924350129254,0.04173304417966702,-0.0033136250113598564,0.07102828029568951,0.001879970741927498,0.0024129409223863653,0.00489082179655029,-0.05727999243192758,-0.016014751229999378,-0.017160071341174366,0.0028272546213426613,0.06574552077565486,-0.06526447861415914,-0.02246373233573515,0.09472865926936341,-0.023367041770874626,-0.016628018526546932,-0.00789144278917717,-0.05897054402448308,-0.055471110123088245,-0.01935137414779198,-0.009671750698912514,-0.037967057152695674,0.055655284919921104,-0.018227762899614915,0.032086640053590965,-0.04612682263265734,0.027004210557666896,0.02806385892045081,-0.026962846164116802,-0.07352767152641378,0.06217596218109596,0.025924182747601134,0.03510482231355257,0.021668656963513357
ENSG00000211666.2,0.06923154088142627,0.05153821004803384,0.05722309517376768,-0.01787218666661031,-0.024495764567717983,-0.011523979514659036,-0.02374304166461455,-0.0037559736823266974,-0.00010601090121159635,-0.03313163697590451,-0.005161076997619731,-0.013610009955585721,-0.02025930646021596,0.008645816651635585,0.013804254206521361,-0.0011462435279340252,-0.03278468928030072,0.06597330127803581,-0.016895082499333507,0.01390446429425365,0.020104539731016176,-0.01647534922180869,0.009297672764358913,0.0019557195063806296,-0.017089233805172105,0.012268447346042705,-0.04497504961645743,-0.002627854573434134,0.011219948208192894,-0.03705381998726281,0.017297395378889725,-0.03506928996716868,0.00292179434527458,0.030686766026611016,-0.005181829795077908,0.022716906867574424,0.008400349730619575,0.019299008521024865,0.012270875661455754,-0.01683226798825904,0.006839096420626107,-0.011611408965147348,0.03668191044275889,0.034916246125425696,-0.06791158566237615,0.019628289903971585,-0.006060937216225283,0.012861968629180454,-0.05129234795706935,-0.04601252618361664
ENSG00000129988.6,0.015901461070100556,-0.03959168623000262,0.009815878707480285,-0.003170240525976077,0.09342919214021601,0.06796222930855317,0.033758609071525815,-0.01772795219522545,0.08115511996337713,-0.06860242717907242,0.006533612846853878,0.0017087996061390155,0.0785801280190777,0.09950067512047436,0.08332434392896107,-0.05568101619068806,-0.08603875369241591,0.025493724341931128,0.05161067752150986,0.021897922882581126,-0.03021510721396134,-0.051128249095952635,-0.03576526139436736,0.018460962378815313,-0.05273693262065742,0.05818606416315445,0.03169475998376277,0.013080715831681697,0.008897815507352535,0.013160962722426436,0.034903266537775604,0.0558605573449035,-0.0701714204185729,0.003421155089448026,0.0073125980568654065,-0.06923362051726142,-0.1367613667202075,-0.052329067039174754,-0.013426824943288538,-0.08015483016428762,0.07436874164168907,0.06109439157237664,-0.036492082721371936,0.009514479658045444,-0.11119023615756181,0.021565756717869304,0.02559492099194652,-0.02175853798048517,-0.043061060085939115,-0.006561753700779802
ENSG00000258837.1,0.027318972356945272,0.017909572810580168,0.015488071388607394,0.05685439278537155,0.10078825401751554,-0.03842149683754159,0.0009386958999466138,0.01835058902885224,0.08766900066002259,-0.006678779455912542,-0.0010320397627828753,0.09103202294630768,-0.08415456691518629,-0.0072129792579271905,-0.026972902111536416,0.058142279052212434,-0.09571689319436724,0.008812181281496634,-0.040534760218048735,0.03749625334508167,0.015029338572045381,-0.03404378445413992,0.04443455425881649,-0.03334799838583466,-0.01723517009054566,-0.01718474123619269,0.05038039098667671,0.039720744596444764,0.02438417558239192,-0.011626892797513461,0.06829420871536662,0.017779743258260525,0.05524335785248875,0.05525868457207083,0.07853503907560884,-0.01423373928334766,0.13199846603391538,0.05129264605565199,0.02354360386528648,-0.09441983301654457,-0.007533320548321961,-0.040729841089269345,-0.09136927577879657,-0.028365953315878132,0.032645616355526284,0.031578769899263476,-0.012680915385968636,0.009438392380928794,-0.10402155110618563,0.05775993055721438
ENSG00000211974.3,0.05456687944710917,0.015716199773934434,0.04220977821142568,-0.012052037918712883,0.012642357183237944,0.02812396660928238,-0.007300930944801098,0.03475451139208061,0.04907373087169614,0.014225166509478663,0.013719243478634641,-0.04062865062830134,-0.05522677128738586,0.05283462888292148,0.02299060823862667,-0.10294112882210023,0.032497512578195824,-0.011715008489872338,0.02134944616109071,-0.007924320834514652,0.04093605567922467,0.048529679659792636,-0.12814019008008498,0.04774928100388981,-0.030353077693810654,0.0555791956120485,0.02570190362965968,-0.010740467181411934,-0.019333774362844655,-0.005825685447596126,-0.08052234207792226,0.0032694775226658466,-0.09431789163444326,0.14259123876306878,-0.06732195450824704,0.04487272880401826,-0.07693406275024728,-0.020954321234449173,0.021900109488510074,0.01721154630006079,-0.07612392616510964,0.04167165761110273,-0.042046735393047895,0.06445940989889015,0.050612389053971814,0.030597230794570496,0.011432825816323851,0.08922351774078723,-0.06160303918482692,0.06313137718844536
ENSG00000058085.15,0.048491257067509654,-0.022015855594389098,0.0004319578930135389,0.10283261127310546,-0.06588200771800845,0.018354639985847587,0.0016918287949227958,0.05254995809512418,0.06124433273857566,0.04918726932720482,-0.10124131942329395,-0.035746325726712845,-0.04861824465382729,0.03595815124001852,0.0031047345605764655,0.023826506753574745,0.020102858258243192,0.02854492234070597,0.02648581594753698,0.01103167563590442,0.0006356537017950657,0.027060883914785422,-0.03793893166564284,-0.00829032325197454,0.03851832798511288,-0.001758335285813919,-0.08876265877655552,0.0029195054457894984,-0.021976490464865706,-0.0012050616545430412,-0.05086721766614197,0.03136392929971611,-0.021867396197937396,0.00663144868158648,-0.04558241671298357,0.049321156163534136,0.04777801456882281,-0.0013999958690720973,0.02417038474456539,0.04550333139371103,-0.008220142139184277,-0.018514374318196115,0.016864275611616474,-0.052114994915606436,-0.005763014405710701,0.052918565198772236,-0.03317618930230279,-0.07118717594742105,0.032701614770055,0.004758691076261643
ENSG00000278196.3,0.06877784514445484,0.06421641860101357,0.030806924209235035,-0.010589311741949381,0.016951125849116247,-0.017288071836424394,0.01608382652483511,-0.035487835723496675,-0.05707244061833627,0.00744042671680105,0.007729346988896636,-0.0427656222167133,-0.0021780552360755687,0.005638622210850318,-0.009240820007623642,-0.030998538877903103,0.030115620830083907,0.010359561323489799,-0.0464307287098564,0.0064065059244315225,-0.016186718832060742,-0.03677452124040581,0.04841411193002131,-0.048233651969580064,0.014710001178960997,-0.020466730005708176,-0.049529543042084206,-0.0025965787611550205,-0.016108176840829554,0.027585099101319534,0.013937999566344188,0.036261536767096064,-0.01676075281132463,0.031168153300110742,-0.0024028203265647396,0.009886698988163712,0.03869789145971046,0.0021405469023359504,0.006514118805561429,-0.010131496309121532,-0.009807341025971703,-0.09013941225345172,0.043076412289324094,0.017563332367689154,0.030565531149479304,-0.05213705970702904,0.01981224037466391,0.07365430702970638,0.05461530399930731,0.01638184335018104
ENSG00000241755.1,0.07538001511190381,0.046421441859289904,0.04495732876427039,-0.00667942935500665,-0.013876238852712173,-0.009585851603722311,0.004040880308093232,0.0025517151523747196,-0.04009202573321144,0.015006018417770793,0.01764973898610652,-0.009487313978935692,0.013689417967884547,0.033277062985456414,-0.03699921241199533,-0.02676741706322486,-0.025505453220849638,-0.020934357382430976,0.004288118982612475,-0.0031249368837831305,-0.024359261353388714,-0.0030498777212242655,0.050146698386031974,-0.004086002507714809,-0.024633879226757194,-0.012305850655750692,0.011030006240633381,-0.018958647280132735,-0.007874483557567967,0.0035934752044592196,0.03660082151911421,-0.024364840032243117,0.008484145295838871,-0.053424468437975214,-0.05642467156653399,0.00710674953798508,-0.006769359829536964,-0.013563645676072227,0.01800561505091525,0.034349613578954934,-0.047950896330229024,0.04608080213015507,0.009221201986189196,0.02745359054166029,0.0753867789167484,-0.047128604850729915,0.1250155974265663,0.03351740319912384,0.08323000507702008,-0.04039155351417785
ENSG00000165474.8,-0.029606793449450167,0.03174310979215981,0.03428254684579778,0.055970426555677716,-0.030673533388668062,0.14518883402888125,-0.02050332754673952,0.10784099572849616,0.018336493923018754,0.01680081685394561,0.05123951270849711,-0.015762776416528283,0.021227027189133534,-0.047804954160255465,0.08302282198291204,0.01434149731797605,0.019792238416074477,-0.05443117329644429,0.06189849972297343,-0.01471123718576057,0.021656321135417947,-0.039661862411964954,-0.04410258210897295,-0.03951263091750121,-0.04326384129597509,0.012836150982059548,-0.004013699849137976,0.020874248524670753,-0.06074572357360778,-0.03454631796116505,-0.06615041081802153,-0.04112911472392546,0.00972708339767182,0.021618435349831995,-0.001325123666444014,-0.002622005252936283,-0.024511004625344505,0.03252015154010933,0.012611191801704745,-0.0033216379112393475,0.0015467592542155282,-0.0512170834083159,-0.04071017415573053,-0.02215975073145986,-0.04221364596442095,-0.045138562055370576,-0.007578736248339831,0.0513159303838248,-0.03264016283492025,-0.07113433854700109
ENSG00000081479.15,0.037391973659763114,0.03988693785319013,-0.05227406246026822,0.018278629738510462,-0.045338597621152825,-0.02586409091004477,-0.037124663067231084,-0.0830123955213225,0.013325647689182357,-0.01838565995317959,-0.019088078285868858,-0.014221199250249433,-0.0447891860882388,0.04835659795872296,0.06817303032688155,0.05545246447618602,0.03686234283361707,0.09276094803033885,-0.007528469525684196,-0.015323399552212352,0.007473162491025847,0.003729614727793208,-0.01816432146894015,-0.07584961261698105,0.025429126348410405,0.02858227702207028,-0.01825606180526961,0.010916637849286268,-0.028829736543896516,0.055938494092468045,0.01760086132787562,-0.04576347588907866,-0.0786763503848635,0.031698293048525124,0.005828822921583322,-0.041318606705215304,-0.16595545426815386,-0.017059674715230493,-0.0549762368336132,0.07182490727765514,-0.09941863741448602,-0.013524618200150447,-0.07002520725743282,0.07025682360506089,0.06599606914667593,-0.0030057909313689303,-0.03937773152453133,0.014439843571824807,0.04766824442167057,-0.009517688039286055
ENSG00000163879.11,0.003017379487568194,0.06280663340711283,-0.07560888097116468,0.00821003065739755,-0.06878479494389192,-0.004620820992882405,0.010890301123820341,-0.03302007600890305,-0.034520692340881946,0.0256373646230154,0.035577665940823594,-0.014450219570991065,-0.0032078960575267507,-0.0346509439439101,0.04532812961797091,-0.020083982079475753,-0.025462736156002704,0.028309432705150763,-0.0010008006526698923,0.013955022509191752,0.02833309810982728,-0.012720196063217438,-0.05267251363313234,-0.05088427157389651,-0.057488771180962586,0.03992520909668204,-0.029183241886094047,-0.011165172533733335,-0.05184102069464004,-0.03776579305186226,0.004887781764808345,0.021574003362378663,0.010752508085643988,-0.015394089801037732,0.05064644312300866,0.02417088161784559,0.04950613201090256,0.017882505023474295,-0.11264303825897773,0.047591491767814555,-0.013656026539257573,0.016004947028559254,0.014064028969457281,-0.027588072507199322,0.02737642515106986,-0.010026243150505642,0.018450763280047758,-0.025656828209950865,-0.02841019120149438,0.005311815333596724
ENSG00000117983.17,-0.014876807368328427,0.01277288537858688,0.02819860697349268,0.05271211976578151,0.026313249215883756,-0.029017257457415426,-0.025390005676091877,0.025613983896712773,0.12201691098781677,0.13974128488329704,-0.09032558566847915,0.0012663125779795168,0.029638870947235614,0.0560017256578635,0.04481197629867959,-0.1295696207682668,0.026995996949478945,0.020437873665048,0.055765786336350556,0.0764373566531745,-0.017135846562960508,-0.009320106903520026,0.029943215759171884,-0.0003233170321017813,0.03504602896734745,-0.014877725366683027,0.017891698356165015,0.10565747940811702,0.021256813352948323,0.0667802247755027,0.0552874768441617,0.014395588339308764,0.00047573977215728536,0.018338245834944884,0.0017506441495280423,-0.021050254214386575,-0.04447805465187429,-0.09134908428534155,-0.02722137252740511,0.04685961169098773,-0.06643875924286871,-0.06209119547241208,-0.014779954972903228,-0.02417728458523039,0.018159406609044165,-0.0007453300674041007,-0.05938499666465,-0.07495327734143799,-0.07627954139974447,-0.026755497403825608
ENSG00000158258.16,0.031913646910930724,0.031016885641737473,-0.0800718163434319,-0.02944808996061603,-0.045062261749108386,0.02091674763490834,0.0020242806721082703,0.08580364420565037,-0.0037516582779930337,0.03913133562924187,0.02455054313164689,-0.036725856311499626,0.03451559477709891,0.045290355213172276,-0.010623098355663232,0.007140418179720697,0.014707225629657214,0.0372620658151332,-0.055854346700471916,-0.009299159420869613,0.06975421601287057,-0.06297490957145917,0.06189614319634521,0.0037372224752337483,-0.00809909047246233,-0.0035728979248276175,0.01387803139010046,0.01058142636583259,-0.0019422943429511243,0.01535219428053435,-0.007331248329978491,-0.02981814373178641,0.030778340696830254,-0.02640318964549117,-0.03456378365737814,0.017794321222113236,-0.06448567411699559,0.08121140459257045,0.053045727121408204,0.002999462954013521,0.060529502689051586,-0.051614515325306795,0.031005335058044186,-0.09062447083870971,-0.002490715973569986,0.006190242956399325,-0.04418913246185386,-0.03645479433040618,-0.07762408879038903,0.023275437482001605
ENSG00000144891.18,0.03470096498686608,0.022451063396153922,-0.06750130746354953,-0.031891659768609706,-0.0451104719270408,0.04634613358209272,0.03358131392639158,-0.032130276519899,0.05306130770761229,-0.029845464358854556,0.007543265809908127,-0.030778757385735028,-0.06328724140372828,0.04278278740088258,-0.01007071401484522,0.049415168182368345,0.014260554662417565,-0.048438174100200244,0.040326816250095536,0.01465132299123269,-0.012161162213541929,0.005179034524775423,0.005531923330688383,-0.029711865121695342,0.009766214752819236,-0.09039218427911858,0.03404162306511004,-0.0689170153675146,-0.033335645960707976,-0.050317338276932806,-0.05608212273370041,0.04518760957801953,0.01012880615717191,-0.11001065195245688,-0.059396390529399976,0.0013443978055204325,-0.017782167743847072,-0.06943316040056775,-0.022975658957266217,0.08393090629579447,-0.06776173755056022,0.07738564555826809,-0.006456967884377824,-0.08686355325207883,0.028400161694857994,0.01409775087852575,0.04415871821122952,0.05826483324281208,0.01888587097767841,0.10986870503508761
ENSG00000226745.2,0.024106863251565133,0.02107853652825304,-0.04295201216776434,0.021536444743792623,0.016469113624564553,-0.0035350694929844723,-0.009432494442732772,-0.05532919463628717,-0.10783037906079401,-0.050089236793380974,0.07402695027449052,0.05333925087318039,-0.02898509648755265,-0.06299856071608381,-0.02920528369313327,-0.006389113594982265,-0.06706022412196876,-0.05694086376707032,0.08527564913499906,-0.0723332763919908,0.05260112804873765,0.0454373582215494,0.03192492455202814,0.04110675119204641,0.047812162253749825,-0.00627253546477244,-0.053031530228357084,0.057844462841408976,-0.015496593762268989,0.015377436797634883,0.12293774510217975,-0.07684640788401893,0.03401366742940543,0.05571288577693291,0.04336739840373838,-0.0878213849090856,-0.02053438690273869,-0.060721631267692686,-0.04089731820607203,0.010767470802709513,0.01671442250941804,0.0635326853134878,-0.05317822457578376,0.109228848246586,0.012761497935145472,-0.02026147929994486,0.059777492231939774,-0.035329740268634696,-0.08279318482626959,0.08903284082451467
ENSG00000244575.3,0.07693615862589134,0.04923615011819032,0.051421373878226255,-0.009317898637755366,-0.016912296684726828,-0.006106056379000791,0.01683333766558137,0.007563035501520268,-0.03463927119973233,-0.008246554054695057,0.01956534039065794,-0.020345785502500126,-0.03241822907276302,8.718687053426815e-05,-0.015421415357534314,-0.019280031995065023,0.001441509467326129,-0.023223519310341688,-0.01782448973110805,-0.0015902507738002156,-0.007883448686091917,0.016165671016371952,0.021529336333472964,-0.01061867229685729,0.0043970442504335195,-0.002233214346039637,0.018898807104399066,-0.03827132808008432,-0.004877841923684161,-0.005604717034768684,-0.04322107531449259,-0.0008801767946465111,-0.031169771068824396,-0.03131183673188506,0.012836691765736449,-0.0500097435975744,-0.02575809801104258,0.013213900148336913,-0.007602908368275178,0.005556715275306283,0.012369032755436524,-0.02225980749964003,-0.023818793397673017,-0.011455000471313873,-0.03574875366946657,-0.006415195069845517,-0.00194175321813988,0.0143950215878224,-0.002064878138791316,-0.04942375070371832
ENSG00000157404.16,0.06266784323616238,-0.02825923867537816,-0.019937462415708995,0.04577116996118953,-0.04633449415464285,-0.00401565146997511,-0.08401232407154063,-0.04337368357262323,-0.04334564037142313,0.026686440204998097,-0.006178936438997121,0.07084984576660684,0.04670144496083539,0.007566592568467557,-0.032789435569967995,-0.024740421005357574,0.044657881338879366,0.1398086691779977,0.017980265943259098,0.00397204846893064,0.003347788136356222,0.0057306566526234655,-0.015122097568083446,0.02343606228984061,0.05665348469978592,-0.030022327067342505,-0.0007414727814898837,0.06413576601108695,0.0441804217425814,0.00520777823389898,-0.07644102637270572,-0.015323464741187735,-0.00571856160259578,-0.047608160796985245,-0.006164482013079328,0.018841779025760653,0.06046784891544197,-0.06168198365937148,-0.010049811625747997,0.04460393271698716,0.04798751306940229,-0.02098462075397811,-0.014971127136945577,0.0028015378352363894,-0.1184883341679697,0.04236094970442075,0.00825285754281924,-0.011068175977569306,0.032558479888777,0.03395653309814473
ENSG00000103534.17,0.011933745604177785,0.06096434058191992,-0.03985353324044193,0.07735442928535079,0.05574270221730566,0.019629596426767343,-0.004230749170725654,-0.057396184845898965,0.05118717649911461,0.000455981519974796,0.0030263551267417765,-0.01048865975768647,-0.03272034179602412,-0.024063886129452237,0.04095661429770979,0.03491577178205327,0.05112533453310517,-0.08581311018753368,0.03632013606341923,-0.05467520202284278,-0.07719652958692384,-0.05800034109047097,-0.022121305686223988,-0.026059884313816627,0.018058380702474595,-0.05443896893304974,-0.0520723563051323,-0.024629873650624336,-0.00811724927707808,-0.025153880249256536,0.08570783984413602,-2.5548341189992834e-05,-0.0007962696608096926,-0.0003672906214374107,-0.07925892214062502,-0.08610268594556034,0.005203183310447371,-0.05476096000992467,-0.0004811283786703348,-0.04501141926025336,-0.042405442118488124,-0.06289620844113336,-0.04509517267469395,0.02880189411015245,0.00516440651580801,0.0009181887688633529,-0.011138979899638562,0.005512857378984077,0.052746049153809815,-0.003594695216055036
ENSG00000171954.13,0.023571459706579333,0.02042616396154592,-0.03942121048683407,0.0641590799780344,-0.013290382944235912,-0.004421285985029001,0.031232291348043905,0.009991946807922718,-0.0666287728409679,-0.1350308283449697,0.03758726086435972,-0.08040743156311858,0.021283545331189677,0.006938727450708063,0.02753062734165059,-0.09595288214056749,0.03486317006555187,-0.01995571078650156,-0.0540780710964757,-0.07138565325275932,0.010003645421250084,-0.057067962546874816,-0.027593557371985638,-0.04344357418263934,0.07891674995900268,0.028668711658221196,0.037782171210518904,0.04736939857852682,0.004047851145554808,-0.017379625048510785,0.01854200169919824,0.020647028345846162,-0.08526633794967621,-0.04398896084534255,0.06143284936071417,0.09287800755587762,0.06394881038289749,0.008110053890815582,0.00029002187955047077,0.09743874644936229,-0.02028888671917438,-0.022721760034685252,-0.04530951935123921,-0.03283259009914733,0.0014433850537082244,-0.01866921294219687,-0.02090195899997318,0.15568547315292644,-0.012392962226638165,0.012800524960650447
ENSG00000211452.11,-0.03276182500920654,0.03358761050184527,-0.0218800182402031,0.029817510762574478,-0.04537161693540204,-0.0056973865873373095,0.09976155623493745,-0.10122936126255598,-0.07226287951850807,-0.0033907183637282155,0.07504078547696037,0.07244598037824197,-0.07220166477538126,-0.0484220282387029,-0.002687699796311692,0.035747008257287854,0.029810614958877258,-0.05120539005868377,0.014056115969425744,0.013605771399873526,-0.06621599711374623,-0.017240135126380722,0.022913763234427023,0.03870877579872972,0.04871178976870283,0.06620033661974613,0.027029703035300126,-0.05975969644264838,0.03579525020707143,-0.08299282266101081,0.09611285456865128,0.032107395685208304,-0.03862678667211661,0.02238059715192814,-0.03113256477505623,-0.09444392933909394,-0.021657966711160243,0.007563254169192104,0.04233382266966588,0.09319614730453528,0.037422839498773425,-0.010830130531574111,0.003972018080376138,0.045837018622011026,-0.0965200628424975,-0.027885457669733955,-0.04501819604582056,-0.049961498322946246,0.031047966735342644,-0.09351068680974758
ENSG00000162670.11,-0.00487933396984257,0.010631289025862896,0.03518456311714788,0.020043575402857474,0.0755198637718546,-0.0051068686089843105,-0.0707456382766488,-0.01075955319238917,0.0760804133799106,0.04937974973707465,0.0574613910723046,0.06259974157201185,0.04969336340185427,0.05950107115775252,-0.08205570884541205,-0.13202455622250908,0.08751752437456693,0.029601990193416586,-0.026618524499892167,-0.010512908646756714,-0.06197939926915147,1.7539581119735946e-05,0.08684513731610868,-0.07411467185661104,-0.028207213544858653,-0.004283206962045066,0.021588945643691997,-0.01204866828787666,-0.04739970948816487,-0.01457550295193438,-0.027296630493277373,0.05377875918330368,-0.0037115298736697636,-0.12473384452742471,0.03726055001619571,-0.12526041043237032,-0.03387414883866043,-0.06250109997276691,-0.029295008319086005,0.03021139549493403,0.02677269109454225,0.10478741070774365,0.02095303229263926,0.014926387792620628,-0.07886826785635527,0.025613211488329048,-0.01496523986255283,-0.03305234109948974,0.0011388120750226742,0.09932705533045673
ENSG00000201098.1,-0.0022830465680968703,-0.04097667855136838,0.006638164388618642,0.0012455496556718127,-0.032734116338846,-0.00801504921483367,-0.08492609788332535,-0.01510073318193359,0.07583202698010295,-0.0735195611199805,0.11914711975267774,0.1830262074193298,-0.028531565074574824,-0.03633685255671723,-0.10461220323080335,-0.011478550489441724,0.08005335072526173,0.028636902035707495,0.013611223905810875,0.0854894294199175,0.0024526497726168185,-0.07412760172967955,-0.056112735615629517,-0.042742028851360456,0.058904880270926295,0.008011745401400925,-0.024978742695668278,0.006688180018831569,0.02983278648013552,-0.055631126862705695,0.023437101876703746,0.04750589412578698,0.009678764494941835,0.0023536733259933293,-0.0329814370929766,0.029133386501448855,0.03503927664671288,0.026305592605208393,-0.0366698136137977,0.03721758420180901,0.008895763380080074,-0.0658077384752622,0.02036222748996344,-0.029213804364616156,0.027998914637638518,-0.04621693938540992,0.052108469721629816,0.04678205727002582,-0.03520454023713773,0.027485312690970022
ENSG00000115648.14,-0.006201380690016678,0.09736747756170033,-0.05632674100345401,0.008093835759627377,0.016150290223345992,-0.038791507957305967,0.00425664476799242,0.02680850314484962,0.013105682146542195,-0.002550015024938462,0.0010449912273945109,-0.023078634648744753,-0.003940867899015758,-0.015534390894393978,0.012846135684427495,0.024119920449914314,-0.01298373751715672,0.01929069636180842,0.01654031085421802,-0.036275626448865644,-0.00031735213073661405,-0.016909857091923063,0.03477029399677033,-0.025745826001211735,0.04384751844229558,-0.012282294843621859,-0.024178572220038885,0.0014941602214743762,0.004881520118059852,0.0032365834739397003,-0.00502043226670552,-0.0354554495934063,-0.0021453189960574243,0.003308098673205266,-0.023118206182385536,0.047782096460456204,0.014477409735008105,-0.01883652569513918,0.020736012036779983,0.03515472849639187,-0.012513088485892894,0.04069033620428299,-0.008210276843682533,0.04333512397312075,0.039606918142221705,0.006052102105611684,-0.027272117001290255,-0.0036759567177254435,0.015445042797409216,-0.0015776938192551895
ENSG00000062282.15,0.0458311854303123,-0.06764642293733117,-0.021727442710937028,-0.04055932426510679,0.02702916643252425,0.05023635834375827,0.06027242892474609,0.03073463947599262,0.03413012839594924,-0.040270102705018886,0.03578270080387151,-0.07092934337890236,0.02641833398905478,0.08491822559028124,0.014365832437621816,-0.02670604527627369,-0.010146072813267156,-0.0009104253025610448,-0.011246408161986745,0.039829495137668564,-0.06431358085246738,0.04896065449987468,-0.004340055214714043,-0.03562526203069174,0.04218332854820618,-0.01833612949727703,0.02310413938801238,-0.03569974848583206,0.043410933527437405,0.029814593077856687,-0.04209558065032972,0.0030940413972164733,0.00305530514716387,-0.009096516726902256,-0.04195923274640834,0.006599978469021112,-0.014488108748731273,0.03239170277745567,0.03579840343898357,-0.005985988278863797,0.028137249360859918,-0.10362815384626257,-0.0050648962358880055,0.02599913756956061,0.03638937023722891,0.02135686135756435,0.004311842312019266,0.07931767650163953,-0.04541551047736874,0.008071288938192575
ENSG00000211593.2,0.05360749583301126,0.023781256847015764,0.07513455716953757,-0.03178850560635633,-0.012798806796962927,0.0016754382667163931,-0.04551181703434142,-0.03905238483513083,0.013540361739165995,-0.020235004655344942,-0.0023151573831968458,0.006896614907781656,0.012429993618546359,-0.0010846836299946477,0.001741011027269595,0.01672084487405929,0.05752296840706137,0.05767059036338739,0.01798347517862964,-0.03376642784332138,0.06692549203661236,-0.06768502182554889,0.025680896461172827,-0.01489341011537191,0.024085150201358818,-0.019305767107123534,0.03152800520332472,-0.04300250202026608,0.016876628336093786,-0.03421118825546836,0.05503435382441966,0.018024937458217788,0.04849004051810732,-0.014094051252123482,0.004530215666512091,0.05479423206266769,-0.03890137590136875,0.004323726971046975,-0.009741637672612559,-0.01316236216848966,-0.06286926625613358,-0.02938416974398728,-0.06672944130844687,-0.011334142341837907,-0.053814963387574924,-0.013836424757111745,0.009825970512275208,0.006546836808120081,-0.02219392656727431,0.02916678767693767
ENSG00000122584.13,0.001352380854520053,0.03926590563050174,-0.013352612570569147,0.005572334410250979,0.06672128829678174,-0.02565885674604283,-0.10760246593188805,0.023332990393200692,-0.04119351899469593,0.08511241954901794,0.07992643733752529,-0.06819343220340145,-0.0649777788349495,0.046064531759291975,-0.009757364583000885,0.05117513568040003,0.02777243273610166,0.013841005022435569,0.08357253919946346,0.05950842458546623,0.08194319720011234,0.07527130561943773,-0.04145768212542879,0.052022283601979094,-0.021073314244504888,0.024397835325449126,0.084251343915436,0.07267871631176272,-0.05103327440708534,0.04952017791596595,-0.08196486347219914,-0.06685680047989627,0.09787792925936391,-0.019922553397154593,-0.0040301621581244895,0.09057516603841226,-0.06658726272356896,-0.15337686597256667,0.03875343403266655,-0.012876666527117752,0.03893667235659383,-0.031114299396172582,0.02494794572147382,-0.03919170978905097,-0.015089434967990045,0.015649877106886322,0.030705289554304675,-0.06571703346435959,-0.0681266255817986,0.012905081279438369
ENSG00000241294.1,0.06523724292664525,0.050332324034103204,0.050709766357884545,-0.03001694068688577,-0.015612834076630982,-0.019702582207747038,-0.016466915906801303,-0.012885890074291239,-0.034563315338264844,-0.01537539985635033,-0.0009366165967093272,-0.04350177738444913,-0.0032086144671634735,0.053227035417111025,-0.013642108079511122,0.033296637410979255,0.027323105055727267,-0.02214538896262551,-0.015651744254589064,0.06703757893588179,0.033876444838734136,-0.021214444272174855,-0.013793522541252387,-0.002142430727231418,-0.0479704909507261,0.016603059883081406,0.017800198544412,0.008456346949329108,-0.04257573681064834,-0.036783805725935585,-0.030701680409194503,0.029528406093262613,-0.005392611425508087,0.011847606935182097,-0.02525097457394903,0.004702956180028161,0.021325464293502464,-0.07251429345734219,0.030823697103058465,0.004446720303171274,-0.046166246705389775,-0.009076782433211446,-0.05474690246670129,0.0584150821013296,0.048885884542681696,0.016820140323594718,-0.049326563183429296,0.006491251690027552,0.04417703358761069,0.006355053537394279
ENSG00000169083.18,0.007199646499768424,0.06929112611509335,-0.07234375132926663,0.016852772836995177,0.07549607820924477,0.00238938715565715,-0.026308141545487173,0.01377845823551244,-0.008690241467530946,-0.019793204869290308,-0.026841420155330552,0.023609191135647828,0.014500355132921732,0.002572909967378375,0.01781894262610572,0.0034902215699182115,0.03839750108364348,-0.0012871920903482221,-0.03002855779766124,0.031337748425923996,-0.05431196802255749,-0.046758581446406426,0.023319926747941207,-0.009006140396926968,0.005851481648997141,-0.052312098368113395,0.01799527703331919,-0.07798214467571556,0.0011750103425286532,0.01702192174818503,-0.011886660519643377,0.04146251999523487,0.03366843248400021,-0.010282562357573296,-0.010030803643889476,-0.03287722908869528,0.019232002425662587,-0.0043241846597023926,0.03796242693109354,-0.03711455709108106,-0.026766209997335234,0.025624012097514814,0.0749021107732844,-0.02490892324649806,-0.026942181010755725,0.028529757965946173,-0.009758818837637124,-0.0016844574701119107,-0.03130237920356419,0.013113084811461022
ENSG00000188959.9,0.01014514524555618,0.08227013297781385,-0.03607953248348089,0.039303524703822465,0.05146798467210619,-0.05916192751540123,-0.035636717961084904,0.009666608585186217,-0.012122904637832591,-0.007574845383105349,-0.003200652629079427,0.011545503120960417,-0.09194340256644977,0.027277942261574917,0.0017841773881425763,0.019539516538851675,-0.012253745778719733,0.01568949954875803,0.00016378192060355476,-0.022024627770803832,-0.016958573578430357,-0.03904737006759896,0.058747703359336115,-0.015519225933290925,-0.020778785806593317,-0.04863236835089455,-0.016836868908327435,0.01993124330151912,0.005300259096175379,0.02992841663261947,-0.08603866964064188,-0.03635196059891368,-0.08599289603909072,-0.012022717150781142,0.02203324070227634,0.03834734159633229,0.06189820799359491,0.008962216860552428,0.08880657501023845,0.021024679029061705,-0.033514595915517295,0.052065315760621754,0.006075457705581443,-0.01928656126714317,-0.0742843001780033,0.06880780065137286,0.0363232683364347,-0.008854971466273436,0.02580675235999134,0.03325397981281766
ENSG00000167755.15,0.03985012690964082,-0.04508554452927404,0.02885545842618122,0.0731428126606587,-0.038007720654350714,-0.05554012309761781,0.031679980463218106,0.05814736261425713,0.015559005999905517,-0.016025531008453362,0.07672845400984174,-0.06930881353869979,0.011445236639271798,-0.002577900333772506,0.07138206105805439,0.019340934355289028,-0.11035519672897748,-0.06027204153801286,-0.027048638363449867,0.01409543784303607,-0.047516076427172024,0.046536297150586006,-0.08963616378616537,-0.06613886883902209,-0.031674264216172913,-0.032012652848673155,-0.04267792246139468,-0.03763147325368921,-0.030847078946079177,0.02712157128776619,-0.011725086170267743,0.01611899777406229,0.017662207199294858,0.003983880895606671,-0.035152310879123606,-0.03767888734413635,-0.0059318781323125305,-0.07287782267962185,0.05213496052246222,-0.015999398178213158,-0.034795229233738505,-0.00035093835327791866,0.0709896865908171,-0.013137233527433522,-0.019062823176394433,0.005473084341080022,0.027344065865701404,0.024013067750668866,-0.018270748394863878,-0.07567487394628947
ENSG00000211950.2,0.06032525585052425,0.051276188715007574,0.06378814478263982,-0.01245876837633922,-0.019967110057706756,0.005349080212569081,-0.0013843087651428851,0.00853463954844257,-0.013695255397684257,0.011006015977906252,0.027306611778674793,0.02922220372037461,0.0180150929408597,-0.0017762645837384368,-0.001760192354252158,-0.018932903285101173,0.010121981047293893,0.007349164005563634,-0.017145268309214798,-0.042082345435473414,-0.04428933826974112,0.01097134311869648,0.020971228659468377,-0.01221994874510737,0.039142207462619864,0.022208455156792768,-0.04642094920170187,0.030390840505041598,-0.01560673319959838,0.008048216048365307,0.022773421541403667,0.0218572677234745,-0.01668458866002475,-0.022992225476401357,-0.08636110143457681,-0.05273521604113873,-0.03972360309088742,-0.04371833225918259,-0.0909128383812021,0.032255770131244595,0.004253586984494242,0.06146820179649588,0.060608977334508395,-0.04449941931360647,0.060544218883348884,-0.011798436426283547,0.06535744080507333,0.03425108818055486,0.013867356593626473,-0.0369339128940851
ENSG00000120049.20,0.07132567842495753,-0.04600439205203002,-0.057878032580585145,-0.05786238088599308,0.017522999704505708,0.027488591790165967,0.01950823692413147,0.008337540469380074,0.025756592882702357,0.02242659847439489,0.00875129554109616,0.00718225725174546,-0.007658409261307304,-0.002995703217028912,0.03635074509134995,0.00530023935598068,-0.0035683726544227636,0.022924324503889593,-0.004925248549795735,-0.004962231006095407,-0.011388310219495254,-0.011596858481075313,0.0009591014586516391,0.013368596336106662,0.01691564957170148,-0.005571651816283219,-0.010007324805978636,0.00801358098381137,0.003160660017725102,-0.008570265704575933,-0.01764104482592498,-0.026660247938111583,0.005985047773896689,-0.006798487318138163,0.008881276254844831,0.0019973525959400646,0.014583560293347422,-0.002234888631411733,0.018370712083769884,0.018813829691885893,0.0252406046886857,-0.030456775572622725,-0.020626560672931615,0.02811336491985309,0.010832020138754967,-0.006672499021320669,-0.007307448012705531,0.029463274424569037,0.004979850681921893,0.00034818707780121357
ENSG00000102243.13,0.03220711138518515,-0.0662629279166154,0.024113412393900913,0.05871908392535707,-0.03136168526686964,-0.048214524017715026,-0.023379692526120537,-0.008042861240792966,-0.03018100442457757,0.04996530271588869,0.05806812897771773,-0.014574416878042033,0.06460896608656294,0.08032027466619529,0.005974652301598084,0.010940349965699241,-0.08390562813550491,0.009755709577071798,0.008562796133991904,0.06277827366409107,-0.008151567838993986,0.05148895216198853,-0.07622227557701358,-0.048708404142288796,0.0013191260494061672,-0.08801223390674424,0.055159616946447824,-0.07123859450964871,-0.02905466698758043,0.06083515138958698,0.02149128426931638,0.047197049963008594,-0.04667539266009996,-0.022201513218854458,0.009722973113044878,-0.018227002565447785,0.04346451452793658,-0.0395091072533849,-0.001906113357606864,-0.04214108605092598,-0.03136279496454684,-0.014196245777765296,-0.02329680165086948,0.0032702953461699854,0.022599109968798443,-0.038889209187949234,-0.008470028461684771,0.10811069054621641,0.04297028779276849,-0.004060864444990426
ENSG00000122756.15,0.047123593052794926,-0.033447107984186535,-0.029138542742093543,-0.04929890065029543,0.05186495801387703,-0.028973753903697788,0.01783230770593751,-0.004775013573091027,-0.054476795316849354,-0.02142306378614269,0.02148463965199853,-0.051243366299728366,0.11893840166610299,0.020512331972695745,0.09217177617830771,-0.043228008680313956,-0.04874126540126187,0.03366097984791517,-0.004520235330371726,0.07764190414621902,0.032586541732554805,-0.017197996387500452,0.06148343867388961,-0.0040686952153717966,0.05699904028082032,-0.0561187753983539,0.034972116687583446,-0.0314235109371053,0.011454016005284144,0.03345449052042662,-0.0907308517295133,-0.035331314185943534,-0.06057968798198559,-0.02477143051473703,-0.029930522116931268,-0.006535757147684166,0.05680574398763602,0.001322949664320827,-0.05376380588285081,0.06844246667912321,-0.03412219664652179,-0.09437375461329035,0.004775140795959876,0.02495394945196821,0.02396354057985455,-0.046274616662912625,0.03468326186208806,0.03349997330304224,0.07087575888494654,-0.010312678875011326
ENSG00000064787.13,-0.014968362159934778,0.08555287444240271,-0.03558159232337049,-0.023878732185910155,-0.011633230219476197,-0.03802065667161711,0.00851036194646471,0.04179270477376235,-0.011470321701737729,0.04243188911360456,0.06951094473442955,-0.018485195535680496,-0.020549598203581734,0.027920357895345325,-0.013956306549475887,0.009789295862634806,-0.013041830099369798,0.09669882460919065,0.08264255141557002,-0.027131548682485955,0.07205840240252943,0.010350368592659446,-0.004291835475741077,-0.036527687966072336,-0.015091512177857943,-0.03522801365670499,-0.05782210754004517,-0.01770319205632883,0.024703020013907097,-0.04759531681534814,0.11118415823632126,0.017595307688733085,-0.018146991282682972,-0.010062234612309357,-0.017043038756347745,-0.048871607989243226,-0.07735493104045815,0.008603939385837788,0.020765988338889735,0.013327147637775556,0.0028517655392394027,0.0038931465717136743,-0.02138141325072701,0.052156728025894265,0.0075829942130979594,0.009253768900110447,-0.02989246263859926,-0.010353584599007854,0.027777855005641568,-0.00847824874108148
ENSG00000276365.1,0.07877779879185283,-0.018144720685475353,-0.04546402170846339,0.025110709494433704,0.018974891077290158,-0.06003752856856099,0.014650886346188873,0.023528204884380347,-0.02739947969133875,-0.0023221434009663543,-0.015440228433017846,0.016283072702521786,-0.008315744593654485,-0.01796576239776841,-0.008958353177408453,0.02157484747652913,0.015512089643639647,0.04966361297368971,0.018005532795843396,-0.005766837460707834,-0.029119451188218654,-0.0430011392787078,-0.09742677985771711,0.026571633262373048,0.05089666378759674,0.0007313577275375831,-0.013494363187620382,-0.03247583096637679,0.04016911282236727,-0.013695234368730883,-0.008754799050791682,-0.019223553025992376,0.013901048252442538,-0.05014606688713482,-0.005382385532406612,0.023536559327445816,-0.008198984420709465,0.034795778907106806,-0.01651156183078016,0.015529253541763958,-0.004840785582078121,-0.013477042770255236,0.038093789117067296,-0.026713594371473946,-0.0243077905898336,-0.09083595329899044,0.02238574932687139,0.016642422486534626,0.044627717094865425,0.061284932746857264
ENSG00000174827.14,0.014869382698429705,0.03102770736538334,-0.05307773015465975,0.022737159968223446,-0.058928647739017244,-0.006706740595849525,0.06475547913029989,-0.013566182977364453,0.10829983374825312,-0.05426285320305933,-0.00486823246692595,0.03609731902286309,0.08417814061289426,0.05695186117174573,-0.012722519633271414,-0.07515733256680414,-0.07511287875802489,0.05241888590225914,-0.03944637836876809,0.07036955716902586,0.017870128781207785,0.024239351606666824,0.002659958077030367,-0.04067247513341044,-0.024963684727050437,-0.03513604911904627,-0.009620524802562699,-0.05327914769235758,0.04498589755277882,0.06331203334419261,-0.0946920933285509,-0.034809118376495196,-0.054299473966425475,0.001436487581802341,-0.07494596290906684,-0.00946832199912434,0.04952423670175141,0.10488892267682633,-0.03469292036901701,-0.0404983773430519,-0.033462334279994864,0.016331415665103675,-0.011915819504903072,-0.0937194638889111,0.015789000698458153,0.014043489276982698,-0.03360964825259035,-0.011470268785397055,-0.05853556438778482,0.04543343569555777
ENSG00000184956.16,0.03053244383767528,-0.005079692790190256,-0.01937085288357391,0.04887748255565039,0.05367365680535912,-0.06443895167487629,-0.015722917464156015,0.0015443392689302989,-0.01953228526837074,0.05156702387076408,0.06404059329449398,0.01878791974608473,-0.054376223438279365,-0.031842654036471345,0.035237727215023856,-0.024201839198922756,-0.08468392101492472,-0.02175646114561406,0.03961003288916918,0.04237556106667942,-0.0034718949852292048,-0.0026767896316435896,0.01994487220316559,-0.08710696992422286,-0.01942744771108285,0.02170074836132444,-0.05514622327961275,0.03202743468562588,-0.07985906830924311,0.07317011686797796,0.018470063598805802,-0.09408480277683201,0.09666703949033735,-0.09671082360383955,-0.06705858549894321,0.16112491668725612,0.08644923037234782,0.16071888427154576,-0.03988109454841,-0.12128110842846965,-0.019997514807659225,0.026648396536087183,0.0518878772572433,-0.10292545174694294,-0.02905064221782392,-0.06521987524973517,0.059408190914876306,0.002001950686409018,0.039071348640428244,0.06529287700594835
ENSG00000064886.14,0.024926354227846764,-0.04557313678602652,0.028856869937810885,0.08553794551046986,-0.03603655490711154,0.07465620212638355,0.02621654634113151,-0.033748674430616174,0.024059278398823214,-0.07489407891548426,-0.009102587238013039,-0.06098553197483017,0.056890279323241866,0.10286552862889746,0.050013674863603044,-0.02765357367112354,0.0020064752121637885,0.06198709657992558,0.0019355521651196867,0.026444626821223043,0.0059752549995552365,0.11593062160784179,0.015773285928306093,-0.04843609653338685,-0.018041318478885786,0.04346603626503866,-0.032457908149065816,0.03642672033731574,-0.030072208493365376,0.051330698239127205,-0.06165566884914579,-0.01388462947527304,0.028803171477323686,-0.06133197972403607,0.0008855301149415019,0.021884497208677824,0.02501851852980257,0.0015757034447198442,0.009342977027640668,0.016820339030597778,0.007739962513663157,0.036838103673440245,-0.007890370215416831,0.04803213415280054,-0.005803729095116849,0.04824653099119888,0.032539197367319056,-0.010198033694595175,0.0072344362890582456,0.010317919412574972
ENSG00000124143.10,0.03562242391388793,0.02150286155080118,-0.03822058559997667,0.06327605005936665,0.013558505143433701,-0.031009854349862972,0.007466042490949194,0.050748230105034285,-0.05086090211016207,0.00105839602393735,0.015583427474149836,-0.0045491139167954065,0.023804476607678187,-0.017990651416210566,0.03842112873454729,-0.13068621028828709,-0.08147292113530463,-0.06142057088832383,-0.06890232355888247,0.026068059301900717,0.09181414705148848,-0.027224761558515866,-0.0617259021119211,-0.0068502009601927585,0.00515394645646643,-0.009072884327923395,-0.0020878306398972035,-0.008300721623133717,0.10365088340931823,-0.019378877419759192,-0.03184427114023742,0.06960784396799885,-0.04797034013938339,0.09879465047257406,0.005502330454179579,-0.04697945741465181,0.09013133652748377,-0.035963608395213,0.013319281156744415,0.05508073625086393,0.02929902868089094,0.122275884413722,-0.05091938332048481,-0.09560351170071303,-0.0508431616427117,-0.02526527025774181,0.07368554968328875,-0.017098100040470434,-0.0380128855939439,0.03278751732994948
ENSG00000171243.8,0.05918689378702978,-0.048901077522098955,0.01635850254456598,0.06370458226654649,-0.064468866079615,-0.0481258332323647,-0.02332108600317719,0.0389846111091464,-0.02723672587899365,0.02679065090086673,-0.005816376945056262,-0.013218330839343874,0.027207063304809122,-3.9949718303956205e-05,-0.016178261337626596,0.03971869219285912,0.016352323701901907,-0.034096468738588084,-0.012686238926967264,-0.0406709421295908,0.0031069641533597457,0.006077300369671686,-0.049223358184399414,-0.07704632755791807,0.052273356107000554,-0.043867158867595235,0.006690566856064034,-0.056430549338659625,-0.024022209027396917,0.048552734915237414,0.016635951072048776,-0.005530705137541171,0.03938741815107824,0.07147956990407166,-0.08885506249144984,0.02622789271519564,-0.0375304246287577,-0.024264319517360248,-0.03194113714939875,-0.002450252445759728,-0.015030319130156653,-0.0028022185471127275,0.019773771101195204,0.07621985047624001,-0.01858039970744728,0.08451221291425888,-0.07076651981753378,0.0395014264926249,-0.01433330863361966,-0.03931751637004371
ENSG00000163751.4,0.034303080376033884,0.062383976533097574,-0.051266656913890915,-0.02593644607693228,-0.00885591475999793,0.0669158529274616,-0.017879137359446785,0.049123133122436026,-0.01930976393439831,0.005465462954759272,0.001294724686395044,0.02716818637706063,0.06446332921217827,-0.052145498399706836,-0.0044896921088977615,0.047457018058308244,-0.007661616534724372,0.028932669888454315,0.00455679993398477,0.08754224696734085,-0.028400496084311173,-0.036328541199267254,0.07009010696555093,-0.02613537958012697,0.0005460469659830656,-0.0831872443464387,-0.022084006287235402,0.015468094179600107,-0.06744385724446367,0.07580766613255463,-0.04235015162748224,0.023779604290557105,0.0027692981112999713,0.03125851438849342,-0.029276966411786218,-0.057120121993562305,-0.05705147227028299,-0.03274954492254055,0.08155439956960783,-0.08847766348583665,-0.044932888032132766,0.01935799662949588,0.01114029373318774,-0.03541719560669185,-0.019019373108910272,-0.042549791490526075,0.016640682121966954,-0.027440709254175816,-0.05781748399667538,-0.021520458939273332
ENSG00000237442.3,-0.01049702142073834,0.0430505555001722,-0.041038377179463986,0.01418056287348553,-0.008885689600405398,0.08684607447146872,-0.009681505079598052,-0.04173708845249975,0.03352788559086201,-0.024780463417841306,0.03916480910200513,-0.03702215792996679,0.03319135707494432,0.07379694867526525,-0.03511156881069416,-0.018235674859738996,-0.03991443487030634,0.08240771612388924,-0.028702307891946235,0.00493359537998452,0.05788934129348072,-0.043647841755086465,-0.017443519325031066,0.12765904820660984,0.08894223373480109,-0.016872277129038767,-0.05205063017684697,0.033180799904086296,0.061581011108073284,0.09370415740315317,0.03553834342372545,-0.005908736647150856,0.16382724379256003,0.11175371315979479,-0.00025346136623739747,-0.06401806014563162,0.03765212475812213,-0.0981005334609322,-0.031541516693379824,-0.025964099977489767,-0.008053718280042898,0.025516793207662185,0.0628328617467931,-0.016896542437661245,0.02479042551627545,-0.061306522051647945,0.01854444685592518,-0.001652302746821418,0.03337570851684105,0.13938047395263586
ENSG00000243290.3,0.07308303128188158,0.05004230754190457,0.04543340135475803,-0.009314320170334484,-0.00562655542600137,-0.0029301447930107955,0.01280246289490557,0.00348547401711498,-0.0311276771648617,-0.01735083864461567,-0.0019141735763868427,0.02967655595233147,0.005740587583057809,0.007920212140697191,-0.03059585098666221,-0.020166215843561992,0.01341573979988353,0.014029030511116331,-0.01833561160795701,0.013020957535309727,0.03765374386384345,-0.005070112726439101,-0.003965631658531179,-0.04394303680079141,-0.04687481700609029,0.05897589618566853,0.02388591601843914,-0.037550888795368983,0.017837814981741078,-0.0006204178013340113,-0.03929323994118062,0.06534863053334773,-0.015936660905625514,-0.052710444669316694,0.03206412959537875,-0.01100796629446425,-0.010583952212117508,-0.027473072532366864,0.028720215690544143,-0.03680709571745706,-0.00863838597265717,-0.02950172179009934,-0.05519858144961982,0.02077319383835509,0.00013367260656704577,-0.13145873026467922,0.0349767100535626,-0.01031862205892483,-0.008641174687162072,-0.0386706314520723
ENSG00000249242.8,0.012149794818102662,0.0444848381408554,-0.03027028720161811,-0.027754951317820385,0.03068970163241045,-0.0980276163706019,-0.12515464962802156,-0.0013453609560609002,0.016264883777769627,0.05666924390810201,-0.015192591239322968,-0.09438668620839458,0.05820921719418122,-0.0686522202443947,0.05622572376882755,0.039223264985326176,-0.049063150179844854,0.010893106630322889,0.015398319958542444,0.004730954608970583,0.05334013570176851,-0.07046551037046986,0.06156392968831831,-0.012833560143099172,-0.022875290272930712,0.02286705162941039,0.06252719483460867,-0.0018576944400562406,0.003132382873697961,0.03794972142145467,-0.058576302857447984,-0.02064869451018197,-0.012418700562392205,0.07982077421916092,0.03812439706223869,0.012982460038768412,0.07102764590635383,-0.04481276347746224,0.04570989828867675,-0.006149526200336642,0.07166212778950548,-0.015585165206046301,-0.015210488043588728,-0.06665536497098795,-0.010935430532616013,-0.09557109674233412,0.05568655522925839,0.01784981128704805,0.008742205646328667,-0.04389746998992198
ENSG00000223350.2,0.048905914906428746,0.024266639670685194,0.06739456417847282,-0.02230458436236109,0.02609600581011408,0.013462252529129977,0.020238139742304588,-0.017446613353702765,-0.02969530565595419,-0.010459865798061388,0.01607044246759035,-0.04636795445775112,-0.03512059749687483,-0.0027800176204304454,0.03953555612512633,-0.0019214402654078961,0.04411673351270379,0.05581581190174099,-0.08197765934619969,-0.017799360377397384,0.004928213854609688,0.02317238943815335,-0.0387398569926075,0.056428961536751844,-0.029987567853010516,0.06408226823734578,-0.06965430700160945,0.004005271640111364,0.0018213494173275862,0.05923703274795129,-0.08908604973346444,-0.03334899992144928,0.04900516706859637,0.0959301796754727,-0.03416697427207992,-0.03159938181960699,-0.0288774383453416,0.06800261487112763,-0.06216809717804966,0.02576657592924821,0.054939495587008245,-0.048233240706053906,0.0032729597771389667,-0.020998409780926007,-0.11274704766493093,0.04357726949632291,-0.009750535017382555,0.10039078045076479,0.07451716083169195,0.006142265203011048
ENSG00000255774.2,-0.0029719278653877698,0.07253189040059055,-0.03032952439721474,-0.012062883354371052,-0.04344992797692304,-0.016933803773751956,0.019564938694987113,0.11358850753760927,0.03698921446742388,0.014190523322059083,-0.012063012778006801,0.018631139591185883,0.02634929006753975,0.0022640067379014234,-0.05287565150490616,-0.01878069898862911,-0.045381052898916356,0.016841550990691564,0.042822580655002405,-0.014133941585006454,0.07147881394767511,0.05601616804601276,-0.03744398664868835,-0.009888454584323813,0.010054575011300027,0.10722451407183893,-0.031232824561771354,-0.0725742380935185,0.023658176985622476,0.04982409476003077,0.015573282331325024,0.02715855398632974,0.040389095253508776,-0.12632074629520604,0.00447609506759618,-0.010918737190950259,-0.08432206891656674,-0.02365799450390615,-0.014491996775519225,0.09909136035655962,0.04367576907858176,-0.0676960974318222,-0.026503577196767363,0.01772902947971498,-0.027318416711766182,-0.010939737906979613,-0.03236568157790167,0.12016463977257,-0.051547604751882165,0.047842930516150704
ENSG00000165731.20,-0.0231965721689372,0.05751036479193063,-0.02595844585901428,-0.002000609389818201,0.004471927477337135,-0.043726695180491174,0.044881590600800186,0.022554340002656735,0.05754168379830944,0.07356390643608501,-0.07317189079646898,-0.07587972179782144,0.053585125346009344,-0.0011915324074077568,-0.03235546961636871,-0.012557168222365656,0.10295806535545682,0.07023852973582713,-0.06805540777804767,0.0564216351420856,-0.016853756969798225,-0.07429137792045493,-0.08599153017415632,0.056623273818034066,-0.04328930357400673,-0.0039273686766364505,-0.052839823164473027,-0.02533920358074613,0.048245852894479226,0.0399420083804019,0.01659477855561204,-0.11804361559633952,-0.030187145072608283,-0.08678103463401349,0.06636697478579327,0.08728230285474607,0.014498943793371103,-0.11261425351275975,-0.007081392745115837,0.035882222777576744,0.04333789352874866,0.05532211499787789,0.03624969085132979,0.017076817159998675,-0.04505944189846486,-0.04584631012302737,-0.004383611819225132,0.015618089804680433,0.013440150081586513,0.0163436475001965
ENSG00000259459.6,-0.0032710184270774477,0.07339705052943464,-0.0608168533734965,0.04919197689148659,-0.009544239061665611,0.02472743796664937,0.036094054662420424,-0.08648673359678348,0.05398052149544118,0.002623400919891699,0.025620890184770265,0.003361662539678382,0.034021763994146706,-0.0222152251787861,-0.005551007496568122,-0.03535039684793636,0.011533648331419809,-0.016613503236656654,-0.02743401002672707,-0.057438382038629776,-0.02806203256594447,-0.01799752285622453,-0.01635848910733081,0.009334147867749295,-0.03636327209792263,-0.039411450991054475,-0.014394211067663835,0.01962295503742954,0.05151027210097844,0.03146278031482962,0.015317526550600827,-0.004267291069739687,-0.003203135181936035,1.5242209878270917e-05,0.04118984419235307,0.013002760198139148,-0.054226631365039586,-0.038500166505108485,-0.0452950855659822,0.004504751091143344,0.020732900618163953,-0.06635681638074768,-0.023793783138369707,-0.03297235662710578,0.03311798286307189,-0.02705853138163695,-0.007448028037463233,0.014163889462213402,-0.038810934910491146,0.04870915537683673
ENSG00000198729.5,0.026554375038624005,-0.06430336630886878,0.059803729777098254,0.07810735035943056,-0.04309081267460442,0.0006587462767482786,-0.011394783926282376,0.03519293170357669,0.014925289911706597,-0.024848802772395914,-0.002917014359264461,-0.03944814194145175,0.021954718382937992,0.02120875895123099,-0.0015640727272544473,0.02589678462570568,-0.018810994997575697,-0.015372149272992354,0.03989631216307135,0.003544699310990519,-0.027850743430472506,0.0018741050547146651,-0.05559544404749118,0.008959413591127495,-0.005909115411449212,-0.03023920853851007,-0.018788096221422478,-0.03252357319463855,-0.031211879487304636,-0.029367758058638564,0.03285265828593539,0.0329555437240388,-0.04212795600393898,0.05032210569024738,-0.004271929811851281,0.02308915637242156,-0.03304201003419686,0.0013681666770973737,0.059083693884434414,-0.006239398219944337,0.0041688130209649975,-0.02631326705882674,0.053072163832378214,-0.011827766016460716,-0.062465048090294975,-0.05122104843828238,-0.005543388307929489,-0.0353412643975447,0.03475374193357452,-0.016940835716828254
ENSG00000173641.18,0.064265892170897,-0.034834234167987095,-0.06220490357122716,-0.04954381764332127,0.03145667871166603,0.03765445355335924,0.037516106690754135,0.02079544562745082,-0.001027014155188454,0.03909755760141851,0.02194043966179702,0.03746681004147052,-0.007639617986098796,0.015211822285660552,0.04714830904020723,0.017385528060366952,0.0018479853046996617,0.007710235894239512,0.0065564876889926405,0.028751287324919127,-0.008491984884858658,0.040379925037810634,0.030942123375699997,-0.0016386659269478378,0.01746356999968914,0.004362540955207087,0.008919123453469454,-0.048607813309967225,0.03900196987833654,-0.013225309938782622,-0.03657165434432728,0.004997999099774356,-0.017291082682493433,0.047473613316264866,0.006825093059929193,0.005015140092540701,-0.025265475754044208,-0.037092391442668744,-0.0028020340056333767,0.011299925292497476,0.0018273379464393287,-0.06683187766787563,0.00922541422511316,0.009262566690650884,-0.02873426531958089,0.04409404069257319,-0.004018755748961099,0.006306467572833801,0.01191839588339415,0.010085437275285113
ENSG00000170345.10,0.0671423747642295,-0.007368515028511644,-0.06647287391093404,-0.010313620232951464,-0.008259970613790385,0.06862515550466476,0.008282594097411899,-0.018425849726258835,-0.008578694158342262,-0.00259736347724258,-0.015354151664287836,-0.021506871948244324,-0.050938800342339816,-0.07392316207480898,-0.0362816802946727,0.026367731749625693,-0.03152847256027463,0.02440221491831772,0.05138561248371808,-0.013079133441521942,-0.00503785911649824,0.008765117719776066,0.030771571354057566,-0.061981390415926235,0.03165405718421857,-0.015762866682526626,0.06631787424881776,-0.03561904051722628,0.015079449771579021,0.02395291584852958,0.027327724640459898,-0.03471558831986508,-0.019156068204690253,0.018394350376860866,-0.06379594725649008,-0.022693954419678385,0.04149901327701671,-0.03728690457869466,-0.03560273635021309,0.00038861686991923777,-0.008543699815121085,-0.01022907807700645,0.028172712306517217,-0.06003028792423288,-0.05594836571794989,-0.007540313263989554,0.01689385026619221,0.04508503831571378,-0.01648867530706222,0.022686690178233923
ENSG00000108932.12,-0.01089100691489947,0.07641197157458458,-0.03375152947885621,-0.002575261040023863,-0.0627948425460623,-0.037717326379710224,0.02270741546853456,0.04618859190672312,0.0207575720609526,-0.042011032048946434,0.01619834906682674,-0.006081955789044564,0.031080181223678706,0.048759717052155066,-0.024330339796790255,0.003957278197016978,0.04097764685546643,0.056596465951441605,0.06740350957051583,-0.04087235211112687,0.057162772958558115,-0.0372902636138869,0.00586924514830373,-0.07453675202994912,-0.1310824369641178,-0.005750844470736171,-0.022597803763098303,0.013996132703755979,0.030259276945289442,-0.008106644022752477,0.038115895210084974,0.015002128477825259,0.07425785191347373,0.06169154491190254,-0.06001448071147693,0.01811990460458083,0.07529563785173457,0.05566503797998464,0.04418612992667696,-0.015205794212894856,0.013188162340259164,0.01572033239789842,0.02552987006655824,0.033178918708307706,-0.03191101947417825,0.010145614953550559,0.02379912090305012,0.07912985142026983,0.0926558390469469,0.06688329464550612
ENSG00000173335.5,0.009887104867665948,0.04183860494408785,-0.046037242410691584,-0.025957499304903202,-0.0788536488647546,-0.011825587436203627,0.007834268698611655,-0.022888486360361508,-0.007668701082884717,-0.04664746964779417,0.060185278244330044,0.001201465035646297,0.004873358495794859,0.030769395677734845,-0.0037401359898283568,0.11494685802748036,-0.04649925167253402,0.016187473181356844,0.010856228389635188,0.024570262784194552,0.17122511832573603,0.0034814028440913283,0.062290437513588974,-0.07849673065424619,0.0060555788570256395,0.04256992933900687,-0.017873389809003114,0.010346988368832981,-0.02109897710819421,0.06571941195114092,-0.009248558784857067,-0.017186859430293546,0.06014348360759047,-0.06340034952771946,-0.05241566206755314,-0.08493682678342977,0.011332370677569988,0.0883212259366705,0.05453453935503457,-0.005954830405295447,0.04576898143483729,0.07876263220811976,0.06378275115967579,0.042091229427636816,-0.0016645721193566504,-0.016288180936838155,0.018083131138165145,-0.029083363163411157,0.14098478507765355,0.03148293931728214
ENSG00000160183.17,0.028254142610962017,0.011213002920187497,0.010052244537256302,0.07214055041315837,-0.07592281947385174,0.08228217985357472,-0.08329364423715273,-0.08104763752045893,0.03290743259505729,-0.0005804560093020798,-0.004175502737320941,0.09552462806439069,-0.00048436408913549633,-0.015248002864650284,-0.009862931683892249,-0.01283893504791845,-0.08382376662456253,-0.0027225850598796204,-0.04884352716544646,0.010710877831387073,-0.04943973676218391,0.055081842810525465,0.05445191126969576,0.044163776793313556,-0.020639684901397344,0.058853002553573217,0.03765611620355712,0.07737433532098259,0.06854218758108464,-0.06524976116629183,0.03464323888192164,-0.04091239232303948,0.005458118214824804,0.02309153624451512,0.05866584351322251,0.009713655669598135,0.019866416899696395,-0.06377698854767573,0.08375394227101676,0.0006396898064643452,0.003577247734119403,0.027443866601921846,-0.04035025988463573,-0.03508227486045952,-0.02647374490864034,0.05443497965809193,0.001927923197206008,0.07321169472176713,0.02114530198226588,0.06176800081699302
ENSG00000161649.13,0.07854189273085539,-0.03646032016203697,-0.05891676523476288,-0.047356018924032024,0.02783484425552064,-0.004543994150207371,0.018545789859830172,-0.00025281619448336485,0.016072922513377597,0.015897103609277964,0.005103398634571713,-0.0011790690275005201,-0.017849116537200112,-0.004936382443770107,-0.004756859359118304,0.007114911121303484,-0.013968980768703676,0.009732956192888257,0.009476941722368142,0.00722585325425823,-0.01308643739162427,-0.010359324390885327,-0.017008911205473695,0.007854057907208748,-0.0020009448283777194,-0.004636488358637138,0.003803970815497344,0.010353003822086506,0.011150605533814573,-0.009671453935695839,-0.0060108294143140315,-0.012630446443589153,0.0036464942335278348,0.008987242523827361,0.005977297123103315,0.012381244046575205,-0.01461492917631161,-0.0045865756513416255,-0.001861769049347064,0.017267939567321425,0.0007732662099782353,0.014791642214464934,0.017922041616505666,0.004985759542898668,-0.006671444319648736,-0.0007744541863611489,-0.0015225400682004492,0.01707148012058102,-0.003527906442124587,-0.028345276833652067
ENSG00000211597.2,0.06404627213012684,0.046402785107317275,0.06186393309214033,-0.0175121640488062,-0.02120055150183374,-0.006661537467639511,-0.03803309100594158,0.015799647186103945,-0.0005426734920636935,-0.031283306348812996,-0.037752353003649326,0.03424455988939356,-0.016133118176571662,0.018705627402332732,0.013836086247394234,-0.0209224605568103,-0.001245563833162184,-0.023696281922339694,0.042535768019474354,-0.02130665875592744,0.0002122773652570858,-0.020348445976423286,-0.01516744558110211,0.0022593766227748855,0.027235936532707165,0.005906910985244142,0.026026707165708023,-0.013260046340150426,0.013585966244403794,-0.007488912730111231,0.007790617484973336,-0.015018846283085616,0.06564766752961242,-0.012638196990145279,-0.0498063883601988,-0.020753683017725382,-0.024526338405215155,-0.06952998382991685,0.016852973967334827,0.01627470322177266,-0.028252700701377715,0.02514041164782566,0.06022843602690736,0.041025383349184236,-0.03671993355880904,-0.01696020139598078,-0.00596693510495685,-0.07436116829491542,-0.001930278567668354,-0.016956548044304402
ENSG00000142973.14,0.007960523250191295,0.04354771526620194,-0.06076151553097196,-0.027709920572414073,-0.004552726280412136,0.005372410072457991,0.030918685306551133,0.026734086293045703,-0.018872658343185123,-0.047437386985883685,-0.015454324346130064,0.03013319939013596,0.007917727916999835,-0.08865407988670959,0.033531357107593834,0.07847489334815018,0.021056329787837086,0.01902772385295436,-0.09936211826095069,0.14715939150895585,0.028298856345138935,0.025232103416539167,0.10935410872953634,-0.015221273406635545,0.02062245601888912,-0.10108324885154082,-0.060646862120613876,-0.027674351659069955,-0.03584449271543002,-0.10226464470822011,0.05599063929468671,0.022700413932396975,-0.017293372668706904,-0.018924224589502943,-0.029044496816209242,0.03796440384075066,0.005963483065928895,-0.011324647147318437,0.02642448264670841,0.06483148331589601,-0.013219605743911686,0.032574354843406664,-0.0414784026995156,-0.005696181751823599,-0.06060081290066395,0.030801510559813054,0.07350645576612426,-0.04412729099501965,-0.019916299033106218,0.009924191060819992
ENSG00000243955.6,0.03932053843649927,-0.03331746490452786,0.0002283169799573373,0.02236004416325473,-0.011756807203128085,-0.0977603646431115,0.00996635888899054,0.03313743811590847,0.011731235466817798,0.06828161417002582,0.006184467724561092,-0.018767454325231275,0.11632018482993131,0.026127675488129058,0.0844133581021206,0.07485364397582883,0.023506011852272708,0.0002748759532192755,0.05795494344011011,-0.01726350497698177,0.022750848927431656,-0.024546245994813757,-0.06615130232663648,-0.017167062010625372,-0.0832296038053774,0.030817819777551544,-0.06056679962832936,-0.00447983933275049,-0.09784490425339872,-0.00823485142164453,0.175282166595265,-0.001874519272497454,0.002059245101356616,-0.024066445545020677,0.10438258967981162,-0.005906157809401416,0.03527184876891834,-0.009046225462957384,-0.01417763333081305,0.07048183186205656,-0.04110921214666877,0.03944313768239341,0.009147454846958291,0.05222084600406057,0.004334185105870023,-0.03151649166804969,-0.03754387898350997,0.028167823338058298,0.03004600960357835,0.02251766173948172
ENSG00000152669.9,-0.01401344741527989,0.03694070541803104,-0.02570837024636613,0.06697569045238866,0.05051247694697544,0.05829581145189628,-0.09216872412206939,-0.03639727400553529,0.07139926002655805,0.026686261624790358,-0.028270592653061172,-0.055918080113858966,0.048523422045292385,-0.09320049243222199,-0.010875794543582035,-0.04345623007339127,-0.09344758155929246,-0.009603699572589877,0.05222359573263572,-0.029481785654995565,-0.11998957185872572,-0.04534672883858828,-0.02427195493979825,0.056734723040510054,0.044931676415721364,-0.04788292399146548,-0.024147152224304542,0.0072636960796783325,-0.01286951240389575,-0.04470996429267945,-0.07287557032441805,-0.016533485308014788,0.03765651941687926,0.09996411841025467,0.03472171435129893,0.04001618822798928,-0.06957098007198585,-0.04873035540812357,-0.026791736657206112,0.008383394457676522,-0.01126841304053569,0.08178908336522903,0.01886214402133741,-0.020134369647674975,0.0029200511095528172,-0.01876718785619534,-0.013968094280364276,-0.03163319602223786,0.09585002647031853,0.006337466023184593
ENSG00000152137.8,0.01387019914324314,0.03332546706454797,-0.035275082069679595,-0.03969894888275782,-0.04327521566047962,-0.04199972774767503,0.13696048992236315,0.031257773767962654,-0.008410940179302762,0.03819230759419443,0.004561302554642957,0.06134130039141516,-0.042796092676612864,0.006258214018655104,0.05037678948661772,-0.06397378804915115,0.07980605167645931,0.09296971523829331,0.04013427257779455,0.048626726966899396,-0.04118224012810252,0.022391722171636194,0.03366761100699253,0.0023027330717183617,-0.012690303537047445,-0.09580479508731408,-0.0007370391464533603,-0.0032558856666994027,0.05270449211622945,-0.07816043249898291,0.03647871516931932,-0.05938423587816937,-0.02573420008705912,0.05439292530509974,-0.0979775939533248,0.08519319741359321,0.019076227463650078,0.02368200136078601,0.012161444841846013,-0.0024950600987064388,-0.11829675014103323,0.037192876969591934,0.07981683164897291,0.06070036214013761,0.015102965311044103,0.02016654306104355,-0.1026719975733789,-0.045885807030780885,0.01852382576705336,0.03859571244078073
ENSG00000112936.19,0.07104272116678902,0.003591157655749398,-0.06167759322913102,-0.010363272881856749,-0.01044965256833596,0.05177530521430992,-0.009465203392701679,0.009620001130033385,0.0023562861061412455,-0.012624935963742135,0.027307375484450617,-0.0025872117083548946,0.010250419985642393,-0.058087229274191056,-0.0702634597971685,-0.009040153032857823,0.0121634205491953,-0.023056204154997754,0.028608518118190582,0.0012975192822859993,0.03156706825969406,-0.01157626444613835,-0.01818107895857274,0.0440001778673031,-0.05217911073298933,-0.07086377136193074,-0.0026282307943959323,0.026450629004135254,-0.013714489070167618,0.09714169147977496,0.06359357021497569,0.015142452550493176,-0.027333213034912273,-0.03837527529726421,-0.0006057594512445985,0.05586214203270817,-0.0043885781643253595,0.0060662487278894716,0.026632682831618758,-0.00616418181899124,-0.03651133297920082,0.019124646450135042,-0.014427788150009146,-0.0049454776030118715,0.04195552762654145,0.06463738358345962,0.04627894219421355,-0.03138786165109972,-0.08911997504931299,-0.026594236998575202
ENSG00000236824.2,-0.001676524188797352,-0.03203563139921694,-0.02372344237807709,-0.015532882438570993,0.039412867466822765,-0.03583037377137773,0.07317477378190901,0.022538623283813175,-0.09942982160811131,0.00561405575044504,0.022747051006715487,0.0880211181151789,-0.043108383328323376,0.052406636467330174,0.042526361655599046,-0.005291207814916778,0.10514722006179338,-0.14208950628918832,-0.054765099451535425,0.0361860099864445,-0.16549867321857462,0.040855972680831694,0.014305038928705832,0.0014515760301264161,0.016028752382991875,-0.07711037003195435,-0.06718638215260563,-0.03014301506344918,-0.024724175827185092,-0.02797513493930193,-0.041710666087920296,-0.07556893141220242,0.04608149519735321,-0.03056391869396396,0.057085476922532775,-0.03836136016617636,0.018595722968882924,0.04030018707902491,0.04678191743356926,0.042226924615362475,-0.06677309705704995,-0.11214394252933,-0.01905963873306776,-0.07337357809658532,-0.08502996841301569,-0.03388689929975566,-0.06395681017591343,0.03100865709568952,-0.005445200504105437,0.022036316109538094
ENSG00000165949.12,-0.017444139916516315,0.04742289869706851,0.03069193958357422,-0.014436998675630457,-0.0020323721525692226,0.02812501534551909,0.10182539102029617,-0.05483172481153387,0.0058391980715583715,0.09732204253045766,-0.028001617221378165,0.0037295601677314032,-0.04243723418817046,-0.11820629170030712,0.020184264083441622,0.1063776405192498,-0.06372716459213594,-0.06458556188961952,-0.01869512417892599,0.09457343038017554,-0.03319966825342728,-0.008171323695936277,-0.013820997275553288,0.0395987173701818,0.022239175848998108,0.05412197910219003,0.003976284262955621,-0.008295849337539669,-0.029824749005107266,-0.0036831491613407642,-0.12559125246255076,-0.014769255556558704,-0.06615498813053346,0.10189829004983147,-0.002336141066516627,-0.10735891405459692,0.05399602191455664,-0.037390631226395715,-0.02213568184148795,0.09191341177755369,0.0359841922057372,-0.06602982357657963,0.017490896120299648,0.030699372517620397,0.027426569617524002,0.06601007260149114,-0.008943905189765124,-0.024293217914900054,-0.02066382899251823,0.031572043995022975
ENSG00000196754.13,0.029096239486650157,-0.024928460448874912,0.025193302934112517,0.08156667190437548,-0.05818643724355182,0.0022877511981143016,0.05533579267844663,0.10092159876157546,0.03626239976740066,0.04854464932401342,0.006187090317355403,-0.025358514833356466,0.012721044361154312,-0.07337323269606674,0.08319440182839048,0.0022084521187260373,0.023647440276534783,-0.07895458058802461,-0.023908060509335968,-0.015147229717633708,-0.006990757571375646,-0.025516895464243537,-0.01769348509254153,-0.016133488446645913,0.04964899012665645,0.003797896208853854,0.024989698685681527,0.03851826346821656,-0.10748742719152111,-0.033744469278273334,0.005801330623630594,-0.028859412506430655,-0.004719120401875904,0.08520226763049865,-0.024156048585421256,0.08746142962543252,-0.04614068787500952,-0.0021948567136049375,0.0353103925938628,0.0962264829314567,0.057935688438602355,0.05442587861132332,0.00024351037954163253,0.037246189516034305,0.0025639984688795637,0.11685777169381978,-0.08433536071307071,-0.028662856268299924,0.0849197546708042,-0.03190984243925813
ENSG00000170549.4,0.05766373939708376,-0.03332684400585811,-0.025689170028659274,0.061213707239573076,-0.057815667286456277,-0.03445594694845713,-0.015397336478042686,0.015252659774612522,-0.07082840703787487,0.055516021151380546,-0.09782600942342046,-0.029110286705780745,0.03984500919818367,-0.007839855850696152,-0.047196668254632125,-0.005093058900346954,0.00854612960812427,0.01969213374781887,0.009051456418003484,-0.05360130157389529,-0.05356628768727059,0.04110943808623839,0.08635334072907677,0.025049766018246628,-0.01670828654640443,0.03665330142816632,0.0017663535458601,0.03618109314090022,-0.03899076040707995,-0.00813823699960197,0.016649370545449443,0.051469172192110065,0.03603945558836035,0.00509377272935835,0.017091674895151714,-0.05223916019152731,-0.010214391381741886,-0.03920215400206242,-0.06486100027559452,-0.023163728314312612,-0.0005304775149306282,-0.0043000069012119405,0.03540311793241232,0.1175037838243863,-0.03165994880322493,0.005229125032344752,0.002381244965697558,0.01084677601647432,-0.03519043982164197,0.02047144755862972
ENSG00000211951.2,0.06663416418687274,0.042034059802997376,0.04367811267755323,-0.01991945804297699,-0.0033587343335477454,0.03556361220362775,0.0028014757540086436,-0.021417801369468407,-0.03504354302623716,0.04625384500100764,0.03867996989024001,0.012510800639524769,-0.013272439413845195,-0.00021089200185057868,0.022864921673854517,-0.05494754969186443,0.02280481716928055,0.001969562991073152,-0.06911307272081571,-0.0368064524022655,0.0061921997843934805,-0.06817249059361967,0.025744694695261156,0.008277693234570263,0.058298727951059746,-0.055662683436705204,0.027957441401612135,-0.022476227090265574,-0.020867417430864756,0.0415725115062477,0.0012774970773353294,-0.0016693559520993945,-0.0560038801065303,-0.024697372490697027,-0.024509240508813174,0.048326364550695,0.11689545064280961,0.07056017162255832,0.07481946353329764,0.01764806887587224,0.04055271365399663,-0.02291630693091619,-0.04410044893050972,-0.013364435491811134,0.022869706583384004,0.0968909928977569,-0.02510630076017801,-0.00834695559636123,-0.0005670911431293747,0.005460452531481552
ENSG00000156284.6,0.0563381836061882,-0.019732917346455225,-0.01525893625525083,0.09519606876707273,0.05326785750887403,-0.005521772312221772,-0.05202422468614485,-0.027945836083437498,-0.022886118603635788,-0.03533644477702789,0.02239981252545347,0.046783050591100675,-0.004931460851334429,-0.009115067886427788,-0.02551351088671309,0.04547048336383968,-0.04498602770689338,0.03085011237830209,0.07414009164497062,-0.029872641441962437,-0.02250735621355452,0.0020693889902073316,0.014531638108235205,-0.034416687130032944,0.10716813992755451,-0.0961765568764215,0.0027049626441717567,0.0038897362006393,-0.00405271130313941,-0.029090011717930773,0.043632080310356446,-0.02757370306389273,-0.01224083455239394,-0.010110630935953067,-0.056518198855312916,-0.054012050511425845,0.004616843503040237,-0.04756206404636634,0.01650099397460561,-0.035876363032887895,0.007711579047253189,0.05231914045923687,0.016860156556571717,0.0040771176052711855,0.04900869062004964,0.03332600376985343,-0.01752305418054793,0.05281912113104639,0.019067764465719336,-0.058774766247142576
ENSG00000159184.8,-0.037147783234950375,0.010952984914143891,0.029038295366236505,0.026264502802741112,0.06288327867688445,-0.0019726636778922336,0.045723062976561916,-0.06865949292892741,-0.06627606892505096,0.11191034682498449,-0.056395999274025305,-0.00012174867383179818,-0.048097882972733354,-0.038517999504058764,-0.011166539293362119,0.06658833030694683,0.07749993073329332,-0.024255133996458605,0.12488278050764119,-0.04841085997407269,0.01679530162236432,0.05289659493258587,-0.08845192970801458,0.03476107673734279,-0.022644524573498977,-0.11953391374515274,0.054238596404048676,0.028312198549568904,0.09011499333579755,-0.056405840520625326,0.02094499719419146,-0.015668066102971133,-0.05062387183211576,0.057722203137923644,-0.027039486111650583,0.07974202687488657,-0.024941022389457505,-0.03777771159061007,-0.002536701813334488,-0.02301180407948928,0.00012485314444093165,-0.05302711261800419,0.014797363228804566,-0.061965992726464705,0.019673402160196668,-0.09640138696125168,-0.02314192759943215,-0.02471250054928006,0.02339273967931037,0.02827117570545011
ENSG00000278828.1,-0.03496708272791569,0.03615215862487832,0.0359940009870497,0.002401446073278527,-0.022164911210705063,0.04873947289471795,0.01028245544614649,0.014335451514180758,0.008813740866264888,0.002507180374459267,0.026797885832359685,-0.06993101412289644,-0.10507988626423347,0.03991176781962629,-0.046090376563861474,0.1230453584229808,-0.048682862704595584,0.029693495496433624,0.05971137316559455,0.089835406298844,-0.04801351140429652,-0.07451482633678255,-0.05215089378026344,0.07155073263075379,-0.01118661477037651,0.10934212836376762,-0.04692857780920176,0.0710619553901037,-0.02658361485442052,0.012208183065883301,0.02909636633718178,0.15543145926200244,-0.0234196434793008,-0.10470914863837576,0.0061654520071269215,-0.07229913040984365,0.04041591966704473,0.07227341385341035,-0.07261406116852455,0.01003698902917239,-0.03836471474862823,-0.047128635142116244,0.008993614812566383,-0.06361427896811567,0.0038152424126811574,0.02759170115661953,7.778142558360057e-05,-0.04383593347335697,0.05206320228429704,-0.12007727900342294
ENSG00000135069.14,0.026112836454176898,-0.07970508763528304,0.060726946120437914,0.023953146606505816,-0.01707963294616784,-0.0021388527306036506,0.013638290520222796,0.01357195307790833,-0.00620737556527466,0.01895601328722316,0.021556783790017187,0.029657760748834364,-0.004496157726508168,0.008589206000218095,0.08086492569792814,0.011865384930994045,-0.015713878438150582,0.024851079904047883,-0.0161389013687932,0.033433896579549004,0.012602307810023415,-0.024867292980629,-0.03371301835017926,0.018535578639445934,0.035960742012966625,0.005097424441152342,0.035167629995512324,-0.019616892906196347,0.038247901625544686,0.04641968184585429,0.016477764954172167,0.03310841479459384,-0.046815944675939566,-0.04470111294292534,-0.03962247087098849,-0.0749824238509808,-0.037206383312458256,-0.022612189286246087,-0.02875721784052817,-0.016239262852349324,0.011358448996370328,-0.02665376345534349,-0.02137459402052407,-0.08807738362693401,0.012904889352387325,-0.03466348543930529,-0.03217612785106947,-0.021631581701016492,0.011442900878153875,-0.037228935294350576
ENSG00000230838.1,-0.04337946073953873,0.05835390114566674,0.022788180458764372,0.024817005142859932,-0.036147144275098936,0.12291822482287149,-0.0646977159794817,0.10523682963390632,-0.021741223816002263,0.04842163217488656,0.028433095856964467,0.02186457307102501,0.052786836551924565,-0.013784017178910993,0.0035191952986645316,0.007849021200783306,0.028965761560032027,-0.0006362754859853771,0.06923633152340208,0.009095394465125398,0.014317033560103188,-0.012907893911944142,0.005937075610158666,0.020285197673081696,0.003564080350070345,-0.01772503852267086,-0.010711496805730913,0.001728310198496473,0.08036233334832327,0.02184624683293954,0.042706553743683456,-0.003501996292336204,0.016089432801380258,-0.012178053884045218,0.04705528782066786,0.0064981979252007535,-0.007142672999602759,-0.0009949219590466908,-0.010756993869453812,-0.015406248471507749,-0.017461620830521468,-0.0243708540871025,0.020752164074638247,0.023565978394464112,-0.029151813442032784,-0.03512845892467221,-0.037055642150403405,-0.0694921873578395,0.0059040304590415905,0.0009976241721152222
ENSG00000287914.1,0.007338413023452875,0.07678973718412033,-0.04679066524060915,-0.02429032816965771,-0.04408973907669791,-0.02427204836395591,-0.03298862139760191,-0.06731615391257058,0.05212882252053241,-0.005753476533347069,0.06523020092968305,-0.01557736131998374,0.045761253411193255,0.006300272565370842,0.025853878366555096,-0.02381795321535903,0.008027556413165061,0.015312421056649995,0.022125290423036,-0.04826206970560097,0.04025882921097364,0.04067041327741381,0.04157609581830658,0.004978721035157338,0.03295442531111215,-0.017427450663133594,-0.03215154006527004,0.03404071491277478,0.08293352541363766,0.004103851943253924,-0.022780704425294833,0.03963053598806559,0.0028662074115719314,-0.09579480544650781,0.00878216730765279,0.05015016929149344,-0.08727985030542987,0.06401432193934774,0.029685121216563144,0.013350271670737955,0.02846714305752668,-0.047811887487889344,-0.013412674685506488,0.03792114556730737,-0.01737678694048778,0.025613710177472805,-0.030231053239966735,-0.02601628606634714,0.0430983750453586,-0.020447747843333683
ENSG00000134443.10,0.017646505003126624,0.04777432534498089,-0.043366030487680826,0.07744982780026977,-0.02934927966474959,0.04446941091750522,-0.006835964578043482,0.11521957530741575,-0.0692673409991387,0.030934330499125962,0.0036622183950231254,0.025876378146641805,-0.017646211782424596,-0.01836228723328108,0.041232007574383465,0.01095688108394483,-0.015093262034314795,-0.050265546254324396,0.03231985129689716,0.014508357882218298,-0.024451778830199628,-0.05621881971940141,-0.019810005543314455,-0.02427665446151505,0.06345171217125306,0.053331628802862435,0.052233769500559725,0.0318650199281473,-0.02789999697680611,-0.07507306955528878,-0.01661436046156781,-0.008593893628481479,0.08340743092602379,0.021033204371846834,0.09567657274544145,0.021871964702400867,0.04033083868206264,0.0335904621234702,-0.020069345559352005,0.03024637068941945,0.028119459493765327,0.04348233047976822,-0.014939371683763261,0.04811387972707248,-0.019059109680328992,-0.06388790390067389,0.06392973428970176,0.033231462822641264,-0.004244101180857917,-0.0158336291759498
ENSG00000100170.10,0.028982865537944547,-0.02395942055255046,0.014501251715201266,0.10989149073587182,0.03902817603956324,0.022996927963685142,-0.02505266082688242,-0.08583441498523921,0.0031061407700804225,-0.0048903832074817764,-0.07622074035453481,0.009839967798877127,-0.053060423108872316,-0.031134203583154153,0.03374179567771577,0.009761457837973686,0.11840421846698104,0.044675429760935054,-0.018019601716182616,-0.045155882824808,0.04628122420621338,0.016566341262735772,-0.023540030580261627,-0.03364672425715817,0.049287745378049974,0.013501930435090915,-0.04094495485543018,-0.03560181676207559,0.08588462186602616,0.005257760035774951,-0.06281422605077647,-0.023392079326988276,-0.03578178138301238,-0.09606742398204661,-0.08571174800214465,0.03522155740692361,-0.07384237121455758,0.012055706595928296,0.00865740498972531,0.03012407973425,0.011870111720728164,-0.041653632370580396,0.00022125910039487082,0.012866464465460647,-0.017883907394752416,-0.031668792320413655,-0.08964127112865045,-0.04788200009577613,0.017045673186926374,-0.02428165268093812
ENSG00000115112.8,0.04430643396012958,-0.03073845212229382,0.03693633950840492,0.04616801713833856,-0.10372395453485335,-0.04365935475940688,-0.028640600438881145,-0.06450965451810695,-0.022224713138589886,-0.04054017577629409,0.07230215570388596,0.01700310267107054,-0.017258150271795454,-0.012696597662663386,0.08351811458696144,-0.028783374098224686,0.011580153922150112,0.09433864445750896,0.06324039736332332,-0.02321488865188263,0.03778342452257823,0.01275757662660795,0.04232605772053695,-0.05309895384028855,0.020630329415343512,-0.014866210643057109,-0.005980842787787773,-0.03839094105455874,0.020288586028689607,0.016714543517024772,0.0296406886753964,-0.08206464069029765,0.05981147487953195,0.024204905568757634,0.009168523750011962,0.00899072989210033,-0.014907042791357874,-0.021688418659556275,0.011136603483206976,-0.0268009792035654,0.0283653168675638,0.023512311298805738,0.04813742736936952,-0.014330030872042097,0.016686303199058023,0.05549502911259369,0.038392436836799014,0.017162722271563624,-0.02834721343255151,0.0015395223635609754
ENSG00000211639.2,0.05269164063409382,0.02441759208165259,0.060748052581924124,-0.016529069145490356,0.008878716189940359,-0.009906110241038407,0.020284608836311772,-0.03874364835888002,0.0016946911924603995,0.04186072756079837,0.04815208539240607,-0.042233035929170146,0.04464340901655025,-0.017144499699626413,-0.004441802467854934,-0.05634230125299136,0.017027053094503943,0.01509658045365958,0.007933171040617927,-0.01121476753295896,0.024004398036728183,-0.005575592625261102,-0.020227593927419588,0.0004928132438292197,-0.03535364405981533,-0.011005682509519282,-0.049677600071869506,0.03379575032827481,-0.01798302491144797,0.07210405763613509,-0.06144592046023293,-0.0030449464220594904,0.01804517518828436,0.06965604664212549,-0.10354276921095941,-0.08008787661456891,-0.03452385849567833,0.10193726673131627,-0.022987973534436528,-0.016656162707669883,0.05583363922329515,0.005684790035506322,0.005713328929087886,0.0538650881087258,-0.04250986685726915,-0.004465956102883354,0.030511497481458226,-0.00043989240937586805,0.060268136174481304,0.1126142600970513
ENSG00000251039.2,0.06336371024640959,0.03881412683662977,0.040029064326960566,0.008274457435645812,0.019160868560186943,0.015219558745948557,0.011726035558623966,0.02167139497063505,-0.011103692392053105,0.029842880805942024,0.014122093154837308,0.0072665438157200855,0.021052854754365337,0.053488176949919176,-0.06198560339133863,0.06330325571153912,-0.0695798180566927,-0.05569224296341219,-0.07064058548344115,-0.05371532703469056,-0.0554193609503934,0.0665616356983715,-0.015456712650582972,-0.034852464860109414,-0.027586078603784453,0.018413197781135957,-0.007319943701620734,-0.007279437422602336,0.03887066619160253,-0.04656283495441805,0.004110081026941072,-0.03035059872215185,-0.04054254841975831,-0.030964633744705195,-0.07555064454345461,0.05054234126081529,0.028587753683685938,-0.025916160679676364,-0.04247662033154229,-0.06877597018363646,0.11607988799868879,-0.08161152934920249,0.09170996352362837,0.017492677438124188,0.007064949772032057,-0.03978985885684736,0.03359221622957453,0.029521879874660626,-0.07246731107277204,0.0008418976041325212
ENSG00000135744.8,-0.0025872977127219194,-0.008898625025536682,-0.0024617339911872736,0.04774654151559741,-0.031138558689964537,0.09341667111812907,0.045911841460873085,-0.09577935007410149,0.061719617650218994,0.06158360089302439,-0.010704575963093215,0.09076389395925288,0.04008704255513067,0.03058246721649466,0.05548468911824427,-0.11893903873937396,-0.06252863363098791,0.03550085826739886,-0.03723883023590987,0.017850429887006684,-0.04373198234362829,-0.013026962186168384,0.08615708308296345,-0.01350828154269013,0.019031191202058567,0.006442768027532275,0.046592207107715805,-0.027567449286461054,-0.1221804730857943,0.030823961254859724,0.12494042452239869,-0.06717780640680032,0.03585854419606882,-0.10078105140337038,-0.09159947881447632,0.07252261954064824,0.06484262492388887,0.010232616414143015,0.04364320519163007,0.08331181602462202,0.0803071051560232,-0.00482129948871995,0.030770773205666298,-0.033108898279810756,0.015665934541534848,0.07776748586113445,-0.09307128525666059,-0.031672348255240824,0.01641630500576733,-0.07517020636165792
ENSG00000074527.13,0.043643998562394565,0.030891820731249683,-0.06573425195922662,0.07082153195839344,-0.01523766569572766,0.053549661956685306,-0.018973348392624663,0.0590646564209231,-0.0288165145222382,-0.008811682237461394,0.01791219963108364,0.006185961286927203,-0.019979761620930098,0.02483872558530058,-0.022766754389094198,0.08234628640708068,0.016736218709542457,0.03988060364818274,-0.04236337963348007,0.012153158304529196,-0.04893932099102445,0.03502889363175972,0.016402456774257383,0.001653047039769062,-0.05289628071869754,-0.04736552389416596,0.02708133019776019,0.031294882381696476,0.014365343035992267,-0.029624487355173684,0.010091741669329295,-0.01301224479954832,-0.016134418279664105,0.04075428448583186,-0.10039245673715168,-0.01597735922887885,-0.03419718485674802,-0.009635848128066641,-0.01843347809933368,-0.026007841351136665,0.016232357954860072,-0.0057361147653735315,-0.07985191224547622,-0.0025968231461664087,-0.027570110795965115,0.053107253578764085,0.025276208093121533,0.0701139109442681,-0.01587198432621085,-0.034285338022026934
ENSG00000240041.1,0.061812683999298165,0.03240208430004169,0.06765387845224138,-0.031420123895192865,-0.00832508291897305,-0.01836648736671842,-0.008798939256591346,-0.02350832428047411,0.008084489133487804,-0.022113863478420148,0.023300835070820567,0.014855274285901386,-0.009284972577536918,0.002036499506315204,-0.0041532072712122,0.01449011715742293,0.00384280354159429,-3.544997126311724e-05,0.0180541291390888,-0.033382207534066274,0.015568711132893064,-0.040530366493230906,0.04632881866134629,-0.056397694444627354,0.00010196498467682803,0.034662334057371215,0.10391397346271293,0.011627198433243285,0.03568870607774556,0.027264078511665134,0.06939111913442396,0.0691958790714724,0.03296127470259772,0.0040717308423436,0.03685781703891348,0.06120766244297592,-0.03790076483745614,-0.03766227866423294,-0.036824794745874405,-0.003545558305177403,-0.05514387537029491,0.026745596271302394,-0.01872929366818696,-0.02253453762528267,0.035348240376892735,0.002490227793738172,-0.020837352019234638,0.019648343626471186,0.020291105045823828,-0.07806633861994992
ENSG00000106819.13,-0.000810791131511441,0.0501196109647746,-0.030764019293536456,0.023668913092816123,-0.019767596885101754,0.1495768761449952,-0.0652630746567516,0.10520183237272125,-0.06858553693323233,0.05791039206320445,0.04602843331365404,0.0650018994798036,-0.0012876851444118098,-0.05743881836283924,-0.010975951693475967,0.0007373835883424011,0.009254298635848254,-0.02433902366109216,0.08772226491553263,0.021240098280226872,0.058637849513012374,0.0010720838542606663,-0.024128773177373032,-0.024764342915640274,0.0061557319850219176,0.01272911672319733,0.037976615619855256,-0.05929579337691388,0.01711611641632219,-0.003443148932441104,-0.016211655806399407,0.006191420535255751,0.07241219656486013,0.015948872620047908,-0.01557757964637074,0.009538043276901742,-0.022819392826087945,-0.016653369832465854,0.06975834494276408,-0.019588717149348168,-0.00035619527195864805,-0.056651105563328134,0.02062454457350986,0.05332268611556172,-0.022424960740765405,-0.024602084841427282,-0.017078050104020706,-0.047690432027192094,0.013886553472412367,0.017943921535088916
ENSG00000211685.3,0.04550174175762238,0.06180714016102859,0.04265288911350615,-0.02403540022410461,0.01122258078088886,-0.01765971126775104,0.035364271832786114,-0.06498037844758393,-0.017509929213923553,-0.00992207803665493,-0.012839789643005898,-0.00430160835951597,0.05043455509847871,0.06630698519209144,-0.02926137267938502,0.030667063215189493,-0.039408067277343375,-0.05642319379901851,-0.1062261431770797,-0.026795720813416014,0.006154874471597516,0.0016662117126089574,0.00824457297671246,0.0192243757465585,0.0352678630365974,-0.012409520197294376,-0.03657782980010038,0.09931506401774007,0.025919627938419888,0.011700585854088733,0.0009244429383665131,-0.033399305688028645,0.08543252747285168,0.042514067403352056,-0.024257330542693946,-0.007914110543419341,-0.023720936783691908,-0.07140903227466616,0.023451512310887122,-0.0209571769716203,0.033088353615307785,-0.014415417453219656,-0.00915883643066121,0.0009921036571646914,0.0127547688607108,-0.05788594365979747,-0.03874792819405692,-0.01112111301704698,-0.021033488289035875,-0.007353903857206159
ENSG00000135346.9,-0.027346553341836374,0.03442285502532787,-0.006347754982229902,-0.04835225820473681,-0.06976987043843316,-0.03979586739222473,0.09892485739392244,-0.024601509300486945,0.03947924058233203,0.05484474481842187,0.0682168663142859,-0.08757578679432629,-0.06565617862264524,0.04668073575404203,-0.07402640478152958,-0.07703152942376673,-0.019597873325089804,-0.0389782646393855,0.036489485182800874,-0.013405312896781936,0.01878019364348631,-0.075035946234523,0.044581058469633214,-0.0068962669459288455,0.040336020989075,-0.061315191935427976,-0.06310098997405778,-0.05390349252497134,0.04335859579267876,-0.009577188534121003,0.025523191824524904,0.024927260493049767,-0.12543265234744033,0.02348065774425733,0.025154682044794065,0.04949362684702965,0.023511563472426486,-0.024814546632025033,-0.07988115838792935,0.01875983866837375,0.10947631090688907,0.06819770212205084,0.006856323664788359,0.015235629135253753,-0.06671521113526738,-0.09117970271714605,-0.0937025580034968,0.027633683448207734,-0.0032973466052782603,-0.03747879064054715
ENSG00000239855.1,0.07477292676638854,0.04616904383196937,0.051393681400724055,-0.008787836897047648,0.004419928294354807,2.8844411946789947e-05,0.013939485309957936,0.011121979591057953,-0.01868235250886095,-0.03526378360554268,0.017357013474485268,0.02169872543586267,-0.010680223462183464,-0.0023227425947339054,-0.009463258648224372,0.01012697778726534,-0.022196770210096518,0.015681778841393587,0.004909605859324487,0.014981656139212539,-0.017741884282283914,-0.029705419299998932,0.06529271937584993,0.019463514001677062,-0.04154026839704284,-0.02001288166616432,-0.03321080523393233,0.02437127121827493,-0.014817139820172017,0.034304595744728016,-0.021963264526627335,-0.01262110038077634,0.01968148978772512,-0.012408871279752393,-0.03457485619828606,0.03493571134448723,0.021445195944168407,-0.003318528616654224,-0.015442511251181828,0.010832399742587415,-0.029922666303900298,0.058209917557569664,0.05660058170862474,-0.013205061911020263,-0.001127526252887295,-0.08059547781925783,0.05830124661861929,-0.03026053771512871,0.07582625725651324,0.026562025290459566
ENSG00000225698.3,0.07508689174093731,0.047203185907747885,0.03160675743933581,0.0036336759629899185,0.00944305051671131,0.011105257948890182,0.006840655467593107,0.0005436323094983719,-0.07030373256312263,0.003959686675068206,-0.014944200963216959,-0.0035477938012347934,-0.002866469193847964,-0.030553593514662095,-0.0337827034553315,0.009228107585015672,0.012452939533497812,0.07711541464372533,0.010001784540192125,0.023618855275927855,-0.02188368697307274,0.04248776095400405,0.008170535013297928,-0.0848521857465968,-0.013313203562551591,0.017735343201217203,-0.014302127488676196,-0.031411769323231524,-0.029441811684992488,-0.005575151642235028,-0.0025568806789556904,0.015925968927870498,0.0021954143776458336,0.10209052255936123,0.025038692264145915,-0.008890584131240213,0.009299326188654969,-0.006884693582618737,-0.015076333768852566,-0.03027274424530937,-0.02351208967340873,-0.06747435439073006,0.005100649396942023,0.09652593152319909,-0.007256088908904592,0.06126337322800744,-0.020590633694368272,-0.015330633986766392,0.07907900202317128,-0.02871438256964573
ENSG00000211655.3,0.05679438612980659,0.0405360305539467,0.04815748246900553,-0.017018794064328678,0.02592759588165248,0.006053392530724607,0.014359913066763192,-0.00529559249411309,-0.004350213727720296,0.029637679445908317,0.03226585871376064,-0.023702275387924458,-0.027801910871249468,0.05814027492870683,-0.009316046074166803,-0.05586711645001369,0.07112553470116714,0.0166983125533019,-0.01987092552817015,0.033447806508624146,-0.018547718685560016,-0.042111967202296305,0.019525549326040535,-0.06486092932948925,0.009502098099760825,-0.025205163818674874,0.09704959981585079,0.025531258006999513,-0.019984881919763175,0.012442651093285694,-0.05300086714334193,-0.0306714910001393,-0.048932022328298456,0.08942922909402644,-0.009288817237014779,0.043420874042094874,0.0383613568422626,-0.04672811986629028,0.005065367086739441,0.016779080102831752,0.08516584453346641,-0.06456990188480005,-0.03965458298724321,-0.010892079614705133,0.0824900380134207,0.07128647054952393,-0.0020018758539987625,-0.07639784819621792,0.07784833105351921,-0.008997874655676126
ENSG00000180818.5,-0.018973174813825155,0.05300107765421212,0.009984942110742067,0.05433726629560615,0.011732807812076708,0.03082722458097132,-0.001824475836881815,0.01306553811906542,-0.09858314034210987,0.04497254331800554,0.017625508200255074,0.06918781096931566,0.04983646463638215,-0.022726973505424193,0.01314314959840826,0.022496363592461443,-0.10719760745213042,0.010364897615781628,0.0036946126378552906,-0.06274765678089575,-0.03904127721743801,-0.041968775549344604,0.07501690962585997,0.0528631213988354,-0.04086825470008625,-0.08937815138766796,-0.011905739356341198,0.1684844198149488,-0.027018406452537596,0.03695794221204654,-0.10628373543533577,-0.06399204917864337,0.07932126061156952,0.04654992467844846,-0.018918789044623498,0.02626802681364829,-0.028316528197833896,0.020151343732494522,0.035955179057732,0.024960397808183533,-0.06618730031079641,0.002110188162518046,-0.03276641567247902,0.06252171192687153,0.09014587556355062,0.0424979295637021,-0.015176695953520628,0.016758784372057564,0.04487042508925478,-0.01193628671701286
ENSG00000115255.12,-0.0073506242678891,0.062415163827043325,-0.05890387864614924,0.03037196786127146,0.043373463085526316,-0.0012240019490247997,0.04031376601901358,0.05792369510362132,-0.07674368874197643,-0.041688263667951454,0.043699358439162235,0.00684231843485935,0.0031171432768017796,0.021484871526970015,0.007460097326787004,-0.06317084539276988,-0.055238209216845365,-0.013322881462383153,0.049488353635793084,0.038168944669500195,-0.019332544936571817,0.06797645751117164,0.012241275406636741,0.043752477881104916,-0.03215786016066661,-0.004515891590204037,-0.001875483988389899,0.061969569750612796,-0.002969979161766949,0.002670188700223789,-0.022242276264103022,-0.018206765726905317,0.011638742428703813,-0.1253642355176981,0.06462494583858996,0.04260335347633878,-0.05079314384153674,0.017464998471651512,-0.07047505950679875,-0.08122062474385627,-0.1014863279065347,0.026192212057691563,-0.0428367202701348,-0.028769712328593874,-0.032845367454785904,-0.05304111207759346,-0.0116257790155882,0.004707517258684142,-0.007681256016094922,0.04091927085875497
ENSG00000148053.17,0.07942378036696293,-0.029775601405478917,-0.053409300408644646,-0.0008920916490125191,-0.034127507301763185,-0.001962584717957532,-0.002282426260955057,0.008480014320904785,-0.01853524744217549,-0.002223613534731954,-0.05817619643632558,-0.037471021567615705,-0.00798463176165231,0.006892130531969623,-0.05954739253035586,0.020361640154102776,0.03722383390916127,0.01327699123243916,-0.02724127274349738,0.00016398624131187844,0.02877453844968786,-0.04139887655243778,-0.012420780093452537,-0.010483667598022824,-0.015048969755850747,0.005908345544157795,-0.01264730955953049,-0.0032785762355833315,-0.004935649583655256,0.014338905179280739,0.036787398911531446,0.020553712703389314,0.033921513921593996,0.07039325493119118,0.026308712812481094,0.03271621104424298,-0.017017492050972832,0.028932358325668903,-0.050858140867691866,-0.009276023897884303,0.02384359607221353,0.0043424941264138695,-0.00866064144471817,-0.009988161243202866,-0.04146031001923466,0.012330877940330427,-0.05165587280439542,-0.017281111679446792,-0.005118110569829698,-0.016982539395331602
ENSG00000101057.16,-0.05273860470117572,0.025613033742638826,0.06926389921705571,0.020889607232456812,-0.008220753577545242,0.0028071562743221517,0.03917649315416626,0.0446170997873729,-0.0074352816359751555,0.0734676415161815,-0.04879645863229887,-0.021939257708407316,0.07688990566450321,0.02242320939577141,-0.00816562321766108,-0.023901079756008945,-0.01889109262207063,-0.004311377306833746,0.04180146233654491,0.007837082418319544,-0.05023388718809179,0.037080864683999536,-0.02919327057168433,0.05773283971716279,0.01909376265612311,-0.04578847574073554,0.00717802554179079,0.029253359547381872,0.05436832938625958,0.08013004707495386,-0.0008787968127621722,-0.02270341177260689,0.02102220707899762,-0.0009770609341547215,-0.03180455775065522,-0.090934209709769,0.011026200080902498,0.06110626283047313,-0.00200485387370984,-0.05724014106924523,0.08704554323278306,0.037713255639676396,0.03408577487526646,0.01692276226787645,-0.019686902609435255,0.0221755346650116,-0.008866464989905712,0.005497679912029379,0.022290881284021208,-0.02789263116582864
ENSG00000125144.14,0.0037761952804321653,-0.020317355385419993,0.031023620060394448,0.04421388128965977,-0.0031123221605301138,-0.01154861266900126,0.03524170818036438,-0.06539838032285393,-0.10547190861595157,0.0230017439031099,-0.050371480270614645,0.056523923742719,-0.013094345883321498,0.07537716159764588,-0.08891460647367386,0.050634588592895415,0.024285618676059908,-0.11095806213342406,0.055481408923570154,-0.06123204597638632,0.02649330730039026,0.04542407802980435,-0.06859880139979391,-0.09342804813246058,0.07965064774050926,0.06522203787982335,-0.021928248680582307,-0.056787041430198554,0.08126999732817554,-0.1354483161867954,-0.005516085766562028,-0.09426152564264917,0.07025094278798308,-0.08130600790580465,0.07656114847270992,-0.05422485839251878,-0.058764428949761874,-0.09854576590498113,-0.005177997844146913,-0.03583831429299983,0.03168165092772628,-0.004120064835479207,0.015314110582383869,0.07920161778077191,-0.11987075287726036,-0.013156068098713683,0.1100202150291849,0.015109272536295626,-0.0029551216770834204,0.07981676092740206
ENSG00000198074.10,0.005316760688499721,-0.0020180807475761444,0.01731122179196628,0.030665905079212505,0.10308033283908531,-0.03212744188955525,0.10062365442762028,0.047488409389930875,0.04187220069021737,-0.0012992770729967462,0.06687908845306603,-0.01845610878998418,0.016168185917217956,-0.07294647439656106,0.06471946413808512,0.12071677876108275,0.060143465788309466,-0.07341177977319122,-0.042519087670993216,-0.019650449321031035,0.058918342433214255,-0.07266069681165145,0.03789878313432367,-0.05565309971849054,0.04310282448950187,-0.00638472098278524,-0.07679375346952047,0.11989495769601674,0.009336620476275693,-0.06627560291701168,0.04295949664324357,0.020998870552471703,-0.013772350036163245,0.02765244000402318,0.04208581897164049,0.039642129287863676,0.01682051487418816,0.029569401881539725,0.031100513169264803,0.09310184722540768,0.04262910124387081,-0.03391886094533366,-0.015276035391632779,-0.10525766438395133,-0.0152393437740869,0.017757319317138028,-0.04996187661943116,0.028242666381506666,0.020124891599010923,-0.049064511272960167
ENSG00000211658.2,0.054789967207171816,0.04602779987237836,0.05679841592250813,-0.03971758646958133,0.023333608824427487,0.0034506369777734416,0.021614923177300904,-0.014851108732721037,-0.019261953948078784,0.0005319794344725567,0.011547854207535908,0.020687846085924274,-0.03979250531578932,0.026584656641768806,-0.036008762204171034,-0.0036381214117636273,0.01118394496767908,0.013831834517849067,0.06160156883064567,-0.03618202895338244,-0.05341771079792603,-0.022280489307882033,-0.01065109750613533,0.0011908014956172838,-0.022881882730675054,0.005992351755177729,-0.025504224858507608,-0.0339582545026252,-0.04354543804747186,-0.02752956390948721,-0.018203675530624172,0.016787090171276067,-0.05488918012490473,0.013498166269156363,-0.05509661618476521,-0.015735009980957483,0.01099536547136141,-0.025789188461135978,-0.03211389310211981,0.02703361475029369,-0.05166942345136412,-0.01449402260823996,-0.11181398979781504,-0.09233162061743248,0.04103322345086136,-0.08522579567282551,-0.03803046267649632,-0.014646934879904242,-0.03545924464828833,0.06845214343106944
ENSG00000200795.1,-0.014296185281155631,-0.03934353502415884,0.01852315570684504,0.016085518838693615,-0.04498130392640934,-0.016872585169640106,-0.0971339314774288,-0.04072121648138844,0.07036748604662003,-0.04970262420018558,0.12321234174025938,0.13178553628168582,-0.03892036094068533,0.02469638758022334,-0.1088598029572655,-0.05291717206501719,0.06744556088328059,-0.036122827396583734,0.04871508871186561,0.12221442750148784,-0.05395565882368104,-0.002374722414581041,-0.0775548197182186,-0.011737189992948788,-0.024238003722731574,-0.020658900515049258,-0.0557991797466052,0.026157480647933478,-0.01155348134111661,-0.039277971450232235,0.006019640879051969,0.014006808709324156,0.030919571433343992,0.019318199749640438,-0.004865568444168534,-0.002077923162885862,0.0321963757373957,0.06781539868305483,0.006935393725251012,0.0659012736257859,-0.0010025539849199783,0.024674953200623486,0.03571967326464165,0.03988848802728886,0.008508054233815579,-0.0718044749861236,0.07353461119593908,0.03974465392235138,0.002322328794751503,-0.00953627957688753
ENSG00000199568.1,-0.017211651921228262,-0.031673924050790746,0.01703645982968913,-0.012076402153039874,-0.04743462063970656,0.0006903887301565146,-0.12102787200748798,7.929571553225405e-05,0.07161612159850723,-0.060386553797463105,0.09956997104778462,0.1612109086884865,0.012852884596263242,-0.021127144006027113,-0.10449155808413602,-0.02117904438457394,0.060561774202546506,0.020392683979665083,0.02834730533767287,0.09687098900958986,-0.04902882634635209,-0.05565164177001935,-0.04987651294347708,-0.01650089787738559,0.06780978011568183,-0.0006575075776225755,-0.04207787144935664,0.04498849398367503,0.004056419323532312,0.013492232835827551,-0.001583481594260027,0.015033142490972748,-0.008883667085606733,0.029056396970742995,-0.059785220743423115,0.03748698690421045,0.03708501212807108,-0.019148556392064028,-0.02281429171407664,0.014759490187397958,-0.017731576544201127,-0.10228200051584713,-0.032309829598029784,-0.02199464394547369,-0.04598759702639539,-0.08315509606956059,0.004665684273204153,-0.008449374659567906,-0.06698003232025661,-0.03248906141558856
ENSG00000211445.12,0.0745113248708026,-0.034239173822293106,-0.04357957536973004,-0.05569864400118409,0.004442212603165344,0.062112738523341385,0.008333741372270376,0.025740720578979075,0.03584585942910058,0.03598457627070859,0.015755176089406384,0.01806847853777601,0.04005286749083416,-0.0039125444956570115,-0.010956521650676995,-0.042748105513469976,-0.007815272604419176,0.0026916603963889605,0.02532166360874053,0.003328022039377025,0.006835533840698049,0.06012541972070888,0.008588909973294602,0.010535439357552792,0.022483663073548193,0.008107968947337037,-0.018511357744849542,0.031656888099650685,-0.003266398988575369,-0.034795081299443836,0.023229996259228634,-0.0016458121785743835,-0.00479456207590565,-0.03571419212325901,0.03750637470750444,-0.01876612563195426,0.036172669406466164,0.010779287425260988,-0.01731472580674692,0.009196765195327545,-0.019127914572033913,0.06190086038447891,0.049497522977703684,-0.02689369020216174,-0.02671208745306981,0.012308581302315973,0.022472496613426228,-0.06758930340544397,0.021023151158188147,-0.037658551641803255
ENSG00000211652.2,0.0716432776465528,0.042138011381422744,0.047419629301340895,-0.02245612018467829,0.008275174869929873,0.02152286460459565,-0.011806203818542972,-0.0058098568834279605,-0.02449063807335888,0.04327778598079014,-0.05765885351699459,-0.006241331332318839,-0.0027377333042335463,0.03451233063714051,-0.039073527742047955,-0.03119827773280171,-0.010964615042970657,-0.026162039128160213,0.008632240854349034,0.016195833946347014,0.014795624285808478,0.007144056092456341,-0.03973280765637475,-0.0022345748415357708,0.002437649151120352,-0.04715093193224843,-0.045284611074276095,-0.005528850739417222,-0.02772479234459461,-0.025937224022913163,-0.03176735086764599,-0.01622468767934702,0.021973858540948396,-0.006624594228211527,0.001238883066458049,-0.01758915655172966,-0.011845339980096925,0.1031019734887195,0.06504320150655862,-0.03510229457545606,0.047012749669072706,-0.05504202402432232,0.009782384604278846,-0.056387148970043,-0.058669305103323764,-0.04967498802631039,-0.03800391373946709,0.054474602560620936,-0.05314145912750148,0.019418407580215645
ENSG00000129596.5,0.07537331647774338,-0.028877495456423874,-0.05270099069415241,-0.031071382592482724,0.015796345583108995,0.04271089203140907,-0.0128028015072406,0.006907084592768756,-0.0019640238606761333,0.0744697731856053,-0.029680928253862603,0.010757999309962891,0.002832876409110054,-0.009498407468525346,0.002688608171760954,-0.011582877068862848,-0.014217479301524037,-0.03160794345531445,0.022710277111718306,0.06165457041067142,0.016401053943406695,-0.028080743340660724,-0.03977612886898245,-0.028266220998446202,-0.015234555798645518,-0.03355253921003495,-0.03701437918055057,0.00812696305222105,0.004364283347251895,0.00482352852010205,0.009277860994150506,0.05338326240191848,-0.011072353782846501,0.016790874562337653,0.017247766797682702,0.00025832405046794367,0.05377800664725032,0.020207683018422583,0.05995636497327063,-0.007160729588758689,-0.045789653121153615,-0.023236064000507612,0.04656392706822831,0.01647180514122972,-0.01531266625353676,-0.044016901264467716,0.039343364935941545,-0.03764332101645244,-0.019614225632452496,0.023501863726250967
ENSG00000170369.4,-0.018889530887985402,0.07022820649275395,-0.021994455384912435,0.009175616328797095,-0.05177921103582598,0.053838342330609607,0.024038094333654246,0.04081424186347043,0.0006843480752118276,0.008364972492687384,-0.01856720697950882,0.006635021563097292,-0.017189335857856654,0.038182970059909484,-0.11594545030176599,-0.002529728226468002,-0.04859154599676522,-0.030280623987795012,-0.008188316167752459,0.006443601635262326,0.04032721105665033,-0.004333280029583294,-0.018925445095087864,0.022396873918911046,-0.04416985968949864,-0.12097821216315066,0.042899744036347,0.011257809622743161,-0.016662416102375607,0.07029466514364334,0.02483152146555034,0.042601849258332616,0.109199525939088,0.0004083456230617066,0.08639697122664107,0.042062216180138556,0.02452710540020663,-0.11357009229526685,0.0007907082663653766,-0.007053758778306488,0.05554470909180643,0.024419121290636052,0.04838158459147553,-0.08767609599275324,-0.06034160512600749,0.018395872878384373,-0.06958595353370536,-0.007592532774012099,0.08811918679175308,0.022315058978373103
ENSG00000196878.15,0.06097638410889182,-0.02559604360406928,-0.005314630985575818,0.07640501608295569,-0.030415000299511805,0.0007349548073470482,0.02382201160555212,0.03696229896222864,0.013678707859001956,0.06341557503738754,-0.1354760439034872,-0.013745005443735027,-0.05698785435141051,-0.009069613127973308,-0.011376598397422995,-0.011251572297580906,0.06834157450026083,0.01577986349280305,-0.02391487950368408,-0.023625898907093403,0.03747636217027754,0.07033417816235661,0.05322795236898827,0.0015559331617583942,0.012357596829819486,0.07037586374025462,-0.07620654134855287,0.06719846912694727,0.00789828337707681,-0.0013188498067125919,0.009873544035453272,0.02369282593797611,0.05045420448327067,-0.011088292653514603,-0.0627482822609532,0.02361620105701035,0.037048199936379096,0.020201760757096968,0.008613623485402028,-0.0027075536382956266,0.0203117766576344,0.019006447159471786,-0.02839658801134216,-0.041532567700345614,-0.027644108842284888,0.08517422378293227,-0.037173668661863016,0.0076711383406987575,0.0023343041948027765,0.05881416082072261
ENSG00000185559.16,0.026835806627899167,0.0005696493676591787,-0.0019689374079122674,0.024169844584630833,0.04886316278681021,-0.03611884462837987,0.03579176836811604,-0.0028641398501089727,-0.020179033540304477,0.12103954648852498,-0.00613997545891474,-0.008768254391235663,-0.05687621830932986,0.032777897188932516,0.0732053860713195,-0.007464918481584099,0.08253552161851152,-0.04066867768187653,-0.04180751567157095,0.14365414603225307,-0.008452242508604612,-0.07304114146439766,-0.009426647897731701,-0.20002321729317585,0.11661205374966845,0.007969240039944874,0.06272815560907007,0.10071494668739908,0.08442580521413055,0.04229051904418993,-0.0360138038556309,-0.0518984897333717,-0.033365269962942916,-0.006651849275686014,0.03226722902457701,-0.1048029691848057,0.06406333982576913,-0.04458760206217455,-0.024499082488570207,-0.0563330560476451,-0.05033481148449737,-0.03687906612761082,-0.003652382734813846,-0.056191338720118666,-0.11192519197008226,-0.008873350848412754,0.12390728763851205,-0.00581593598514897,0.03983636637171773,0.05719726612231354
ENSG00000134760.6,0.027779197811448067,-0.06681642519820137,0.03462614968028929,0.03534561960017899,-0.0701321418716241,-0.006032292728325178,-0.06866078296559178,0.02300051256833859,0.040748732888755634,-0.04734246479563423,0.0971776325278783,0.042591922132887365,-0.0042268525808027944,-0.022937551059537188,-0.036309158632875496,-0.011200194763033236,0.030605532141355685,0.06564984100262318,-0.0008232126686838192,-0.033339486373019436,-0.005406602014855207,0.020091195620280868,-0.004284849554947187,-0.024141458799880777,0.06506472107359802,-0.04498414483441275,0.11132532945157553,0.03339352109882766,0.043632585137549335,0.013895179579798807,-0.10017436829914948,0.040965278577736665,-0.010944608422703294,0.006295193929343433,0.047523678279459046,-0.03202641050335298,-0.02701803276297578,0.026390519978667745,-0.04209331936929092,-0.020970145724437575,-0.00975919300076298,0.012170916620697796,0.02039081290104928,0.014778626099062485,0.011659401337878496,-0.025071100877069524,-0.04621571896859669,-0.007225416673345604,-0.020449871590293413,0.07642547420312533
ENSG00000162891.10,-0.029350217981585398,0.0636204816477617,-0.028521155362788767,-0.01675256175772528,-0.05156893524330173,-0.024374834871789954,0.03302399160507231,-0.00015472507757220043,0.036299840802439184,-0.025029271561389257,-0.041100797776802124,-0.037204359138493646,0.10432927737813998,-0.05511118116898794,0.05104483500582128,0.025671038446879946,0.004341393762132942,0.07721142530869925,0.007908608680215173,0.021658692431001447,-0.04296995579116294,-0.06262963577436667,-0.03588793517306319,-0.034971892929356076,0.06059150543504824,0.09031647082644344,-0.00410228468017979,0.018287650016707645,0.005506967338782693,-0.005552160902247061,0.029072052049440324,0.08494972164332269,0.015349802485274506,0.07957118982556247,-0.07293981757402324,-0.09038118297799622,0.029673510972612647,-0.0023827755341661702,-0.05904732339083141,0.029595077336041456,-0.01453807495828258,-0.05547111365001265,0.10529995137213946,-0.02482447056979553,0.06991398457285021,0.020695598400492853,-0.005121094130699863,-0.012686671064271982,0.025665544950842355,0.13529167306101414
ENSG00000067715.14,-0.0033343477525390633,0.05913087283950627,-0.03629767091127761,-0.011278501380789998,-0.0455953877226545,0.012644297135690038,-0.005362463253146328,-0.06126988513746359,0.0659630474057949,0.04172120729300709,0.028214271132901748,-0.09602147632867353,0.045502917309720954,0.019955661106497883,-0.021100559896685196,0.016590093954160973,-0.0026013366051357515,0.03916191387279661,-0.03323579008552551,-0.05423172036998522,-0.11476439232565862,-0.05514756943557127,-0.004398062234378618,0.021522959062202286,0.02568373060943081,-0.0679568564756779,-0.04685619859914385,0.0035408858807245763,0.031462203275672146,-0.10719071489428211,0.031917061159034456,0.027604467889848647,-0.0011185818761085466,0.03901241907667613,0.013617370168173994,0.030725258814711897,-0.009917140963801186,0.0012589107598660913,0.0379330685663777,-0.10195710493595854,-0.06148895594081703,-0.05352555188619134,-0.029308888315616923,-0.024148315090776553,0.09219935807521969,-0.008173364621343743,0.11715746057325166,0.03914491308297905,0.0017521811646049087,0.056260927903445834
ENSG00000141744.4,-0.005146791976139166,0.017904243170621694,-0.021250551065357684,0.0614338142128295,0.08488424474248216,-0.01766090709531391,-0.03729188820329738,0.05156087978150639,-0.06009052503077418,0.001084031176539221,0.05769182113252989,-0.005292648915774294,0.0026375689819241642,0.07858587841190942,-0.004456919658759566,-0.06762783776999498,0.07193246877555425,0.0008283632627376906,-0.03841284806297701,-0.002795281062292681,0.025288927350567623,-0.07635673927964347,-0.016615713821508293,-0.014909784762283898,-0.04964935944580417,0.055403803322604445,0.041858072273319606,0.008743626322299254,-0.013766074204411278,-0.05497350314981006,0.05479966353912445,-0.11884557402119038,-0.04196036551947063,0.08899984729767411,0.0023115620738336554,-0.08513934708720204,0.18913654575480518,-0.05567426046457517,-0.07132006831275539,0.04306888211261323,0.014341270476386982,0.08918377997869058,0.04941099820697277,-0.12429723210711073,-0.06323400013477766,-0.07562714936410647,-0.03750472523418187,0.05713905882956795,0.030979196660798715,0.12669740241918565
ENSG00000056998.20,0.055476594865339714,-0.04809034467269167,-0.05585830546932824,-0.02940233126881954,0.06321039682636992,0.028305479548436884,0.0016681831764794042,0.02768669192823402,0.04052157426135148,0.057712605998289625,-0.006733385922563911,0.03314557262278354,0.012007650996903744,0.042322686814730365,0.08092552446959661,0.014865052326369237,0.046578621218928036,-0.0020534791110824657,0.016937842994813518,0.034057492905946396,-0.019892804352910274,-0.01644950846614492,0.02676941022766931,-0.0022092788989339263,0.025072146894098056,-0.013136456358114832,0.007983432857290435,0.03245408464542955,0.01948648018678106,0.005606213828966083,-0.033655151235229226,-0.04929262165756968,-0.03968805916758598,0.0001549311860968121,-0.061708532587710724,-0.00021123456524650239,0.04111982367020592,-0.04057643902105177,0.039196808598648235,0.01919611301825678,-0.0016085338919575314,-0.04761599248355321,-0.01913907909228982,-0.03407465107324692,-0.03415281055333874,-0.019271170978862776,-0.01597105822444483,0.046086498394238916,0.054041596907977225,-0.03595982815091496
ENSG00000169248.13,-0.008368391663374882,0.04561589706643605,0.07719558038296787,-0.003188788584090301,-0.014214427506523672,0.05824135207667559,0.0008596127602034506,-0.07108054558921835,0.017925113172411692,0.0023813744335865845,-0.056275454234074096,0.009648287688990653,-0.018097908011463378,-0.04654299502010359,0.013550684735631632,0.06628948163080464,-0.045087421114740206,-0.0032841196039950092,-0.0048920346884466425,0.12096710352634962,-0.06374616888616477,-0.010241391633760774,0.04018772373685866,-0.011775260573720333,0.007502360394733405,0.01196194035499435,-0.023128149110821023,-0.05687830462350509,0.038841978784410404,0.04497325250384211,0.05287697328050572,-0.034721153094063914,-0.00521742473299737,0.028446113567762464,0.0014583750066955305,-0.006679604232204682,0.0012130847444317935,-0.0690411125319586,0.007309226688534796,0.047502393139953775,0.06559693682490796,-0.011885648720669852,0.0602630553221304,0.009455452300127105,0.10184972052257178,-0.03054355896399196,0.03589774925229796,0.03734001975281832,-0.07005059780369573,-0.012691913791110431
ENSG00000162078.11,-0.020803334931240775,0.07196187097217675,-0.02447000786592201,0.061914025739355796,0.002802550729111322,-0.047015079068897,-0.004793473190372133,-0.04924343605356788,0.05348044298897439,0.023977478161276027,0.002875983356343267,-0.04316825691777498,0.06575655101251414,0.022302919735840605,-0.005396666219713875,0.03350425674976223,-0.06594102048496768,-0.002335561968259912,0.05057379964111393,-0.02290260694645372,0.00024238389305066316,0.03714771912957561,-0.031291535271150306,-0.002024057582022787,-0.07143052995079255,0.021684149387504237,-0.13962142767508515,-0.01009413226118157,-0.03055095470856493,-0.012599312189854116,-0.0656899375764599,-0.03316322618856103,0.04916442508687109,-0.03655872713366075,0.02221163038383503,-0.07881286915692927,0.09586577629902843,-0.04428035641631,0.013181466825870894,0.0796762725448869,-0.050955911033944014,-0.05739003066356572,-0.01723124455244137,-0.03794256651676391,-0.008352729642317308,0.05767535020597896,-0.03330138557263683,-0.028213173941160567,-0.03589945724904176,-0.08612959780546675
ENSG00000175287.19,0.037667082077918565,0.029356000755195958,-0.08502623324210298,0.03587000240261653,-0.044409589306882914,0.05187781462616677,0.03695385392978418,-0.015415214915294058,-0.03632885166570195,-0.050121670840215286,-0.009853574607483167,0.03665199676774452,-0.02755686773155585,0.022729226799890912,0.04288662713606612,-0.0488695965852021,0.020079064717012114,-0.032036221401793186,-0.0016841580024704146,-0.014672951281874711,0.00709026108661767,-0.002810842406531657,-0.0311708892084021,0.037896581204013756,0.011258620490516421,-0.03745968837538718,-0.015051415217202494,0.01791662679265973,0.0052447817941421865,-0.052563403491006085,0.030721870403420115,0.006702358520346353,-0.00815052649408879,-0.014120895002390959,0.0030341276802188064,0.02039334782720766,-0.023264177104096836,-0.06622556006138094,-0.06994480781386785,-0.01922095559140668,-0.013062000211525093,0.0029831613105482714,-0.04494754132498067,0.055914630024344,-0.02574045422029234,0.026920893455831343,0.036020696040308484,0.006134236306577693,-0.0017181550723444725,-0.0353699102345502
ENSG00000138449.11,0.022395004969607127,0.04421166686680665,-0.0617385031694793,0.05397174688055685,0.021232021787137633,0.07052489434296018,-0.040458465455429006,-0.037789223610941294,-0.05442434774670401,-0.019409764214267374,0.03285577284025481,0.050824210131161986,0.045054374834304016,-0.07735607387207054,0.029942059532730377,0.05539534898216646,0.08716950404640028,-0.03085743585760675,-0.0661436751267765,-0.012849253139825927,0.015269272152873797,-0.012535287495426027,-0.03188259843823252,-0.03154814391482768,-0.08029815295257137,-0.0016706355757270417,0.011612560542781687,-0.024333866262521268,0.027951842566131816,-0.005429170407376,0.01272531134123254,0.05688130734675668,-0.01114213129428048,-0.01909815232054173,0.014937973110421294,-0.04110125788851279,0.01359205351650557,-0.011688989776064257,-0.014215440794265725,0.020515852531634265,-0.013705409357344428,0.02907538938206895,-0.047198870835986124,-0.07101774686176351,0.01219531162616482,-0.009177136649295065,0.05091528717116098,0.06797461505943789,0.05511166842642852,-0.07118289240734828
ENSG00000129654.8,-0.028160547989016897,0.03509441385008625,-0.022047258175043643,0.01681711417846532,-0.004888066517071591,0.02672045909067044,-0.008712250012882708,-0.10286691139119666,0.0489426538094143,0.07100489988932927,-0.02792791916980277,-0.07957356829605579,0.014738239235310886,-0.10329845237139272,0.009687838843017754,-0.030222343932792252,-0.014514307099654112,-0.021145859121907428,0.05935916681296241,0.018524308230231042,-0.1552899666614328,-0.0506248101445899,-0.015526719152675254,-0.019448783689001936,0.03343782269920783,-0.07979169005844843,-0.03688748101839944,-0.08973401697295355,-0.12777435200034779,-0.0812384046264734,-0.08495806697190282,-0.07189634044704217,0.027762696558643624,0.04493587823489841,-0.032757298283687314,0.04313189017216048,-0.027192798318432552,0.02426874480252362,-0.1008078435139336,-0.0932976343734631,0.0020931017445815076,0.0009154313514165783,-0.1110727966884816,0.049939271511477555,-0.08152612374200464,-0.0057469710360484585,0.04472573961563197,0.025740073233926533,-0.0005143332698028408,0.014263973119042131
ENSG00000019102.12,0.037875720496013024,0.017914447814523036,-0.03833626426958723,0.0355686565535996,0.03400033180256874,-0.07338625204196535,-0.06808346148230447,0.028894783737978158,0.05344011171483335,0.026451699452860387,-0.04801559128646411,0.0068035891928050945,-0.02056776388763751,0.024694197616775396,0.019739731999862318,-0.0807350775405749,-0.12029634092737139,-0.0003612347693611113,0.0666671708225718,-0.018163124270676193,0.06295205277043009,0.007439822174095053,0.0531410990279757,-0.096702744146348,-0.028930013890569366,-0.05127306732963696,-0.03891327186281245,0.06534289599375913,-0.0270278630137275,-0.03673822298993963,0.07477227228048529,-0.06955264700462407,0.08113072980309095,-0.006066459763308702,-0.016159641260659285,-0.1564264133973642,-0.07479198752434868,0.0435885031101252,0.09798478580658,0.03538743401636437,-0.07668917344053615,-0.035939814839080694,-0.05270867202377279,-0.051357399790751934,-0.018530740401579582,-0.012487650745307673,-0.04701335674230874,0.058715037948935435,0.11266799225807632,-0.01848097389666551
ENSG00000170893.4,-0.021958100961462015,0.03203407267816635,-0.026258368346820327,-0.02770297126011167,-0.060617835533208535,-0.10570278028199848,-0.006585799235979421,0.00882352915745312,0.035896169219192746,-0.07413830429925565,-0.029586592173049563,-0.019262826993325866,-0.03624463018125606,0.030282589989255423,0.04359045443134666,-0.05222125007488646,0.018013941270083485,0.08369701157751391,0.021554613989024883,0.10686715678595245,0.09670150256446589,0.05810897706945571,0.07415019352666873,-0.04212988407043832,0.011956477701044466,-0.07290935817253474,0.03732514562975584,-0.1313594387997036,0.001926722477789955,-0.06866364460319878,0.04086166215108939,0.05606579651732146,0.0190610930811733,0.017020324248532805,-0.05416122017947908,-0.04281458853456561,-0.05328392385641006,0.06758317351791776,0.001446065968694087,0.04907955863178736,-0.02038258000775827,0.010090192153678687,0.0655311501628159,0.016817889203177602,-0.12274992498686804,0.08622314515236779,-0.03869946895780828,-0.01600141111935506,-0.013059990346615138,-0.04663238456836192
ENSG00000197249.14,0.0246513104175046,0.042475154424340786,-0.016547757106315304,0.02986488112141381,-0.0683308040122196,0.04589450285703798,0.14588481272434747,-0.06055972872429417,0.03076161395242877,-0.011291848785565684,-0.07412686087155126,0.08105769161544234,0.028709030022845382,-0.002917703092531274,0.022413441773490153,0.026607687891831776,-0.00425744510845123,-0.006673384754101177,0.005827866273638018,0.01199855905299975,0.026434517605419115,0.06391666327477454,-0.04419528222381401,-0.0880694339150415,-0.03619717291323871,0.035952463790061444,-0.015212827296842793,0.0062535950018729435,-0.01797242876367845,0.051266307968875095,-0.08447225962295818,-0.02045416848292437,-0.002367489100573067,0.019260554108296375,0.0436505629634388,0.06021979344851868,-0.027226645852155146,0.056856405303915634,0.029152014437372756,-0.12636247847673884,-0.05843501758754805,0.02305841060345581,0.05760608077815986,-0.09180825177821712,-0.007886352597269566,0.000759336901408675,0.06492872984465306,-0.015095217864394847,0.04085674804622295,0.00711277834798226
ENSG00000168350.8,-0.013530068066763462,0.08000487608196855,-0.04834972194068692,0.04669836527273095,-0.02397176464135759,0.04444307009033054,0.025408209440697136,0.011328007794850254,-0.018401728688475744,-0.01344792493571463,0.06542163617948649,-0.03728632385169245,-0.0014494483389733042,-0.010989225147864113,-0.04421305644320818,0.015501583662540699,-0.0896765990648233,-0.027348278433833823,-0.015133001762664777,-0.042025054991236835,-0.04394174873943374,-0.000863978768714379,0.002796998641026842,0.06541551061393933,-0.0017672524818702557,-0.013314233943478934,0.003343644188083548,0.020808110963081432,0.0263356279073557,0.01550563410007305,-0.060679843245029216,-0.019100206533906976,-0.09261550888357686,0.0025973298352933018,-0.004237633613710462,-0.083733609638096,-0.0283163947002823,0.027480426218338017,0.00948954153584303,0.02423132170089996,0.032953548471279764,-0.005608264072431935,-0.050830046545491316,0.017385824756296825,-0.011118960034826389,-0.07759480827046823,-0.03613893588737512,0.001795549259705006,-0.035292495282772056,-0.00041567659442037997
ENSG00000253802.2,-0.03147275813453315,0.02258287482167254,-0.01208056933892086,0.02759775932278589,0.010931904762350713,0.03919875558183939,0.027180797911728397,-0.12857620541596776,-0.015597285106870206,0.10426218180699134,0.03940558277646659,-0.014598953165299175,0.0005090057638462727,-0.08256671890261372,0.02071005653966654,-0.0875167213369507,0.03613650479136688,0.15270039255006618,-0.02273788166347505,-0.09500153041217428,-0.07020895497057907,0.0015309014166419916,0.007581647820531276,-0.02024308356820084,0.009377268634368495,0.05894035241943254,0.04834349396488612,-0.0397199111161843,-0.0059299370084757936,-0.03417127953022172,-0.016356822822401366,0.03751527440831694,0.014079574943136136,0.07254625552389371,0.10548051779515874,-0.0359946583963653,0.011252105097492577,-0.010427010887661778,0.07613216621296691,-0.057219434929633946,-0.019939203700911564,0.0535377077268561,0.10077540134089637,0.061932591877055,-0.0876128899035383,-0.009814989814495804,-0.010563001513120335,0.003256157338444707,-0.0933927171490101,-0.03182792309083825
ENSG00000133800.9,0.07566692251579114,-0.04260791887250067,-0.04865142851216174,-0.04223396073329012,0.017943749356201567,0.005491596606348595,0.018255535502762855,-0.016710461152746717,0.036188983123365125,0.026648366960357828,0.007516199756031944,0.03648037864822958,-0.004163791248130914,-0.015764313842889028,-0.01519371088507504,0.013027387485330638,0.029794876756634534,0.00391837362296936,0.03150071932728889,0.03205656453689596,0.00854924666285627,-0.015585522499173304,-0.006865786949439152,-0.0014716612267964603,-0.01716255334028539,-0.031331068267581516,-0.00444651244100586,-0.02551071094176655,0.053241407391007946,0.013453919143970384,0.0024538937313950495,0.05233827710196002,-0.02867522607571538,0.018267040931096143,-0.018043188124543877,0.0020016507358486396,-0.042793319610152654,0.01324167696943272,0.0378394815351391,0.007573635809951254,-0.04485200303522165,0.008183064497921406,0.0503659310762529,0.007040424170261728,-0.02205658922503747,-0.018374814702397976,-0.0035397330953971114,-0.042787365140589444,-0.03476798748809953,0.01863955927134529
ENSG00000231475.3,0.06373050832104683,0.027069341343009912,0.0667534668241043,-0.017953403447621075,0.0025672867362834884,0.018671352628443546,-0.029104187035586128,0.015445519232293332,-0.007835665037635229,-0.0007973838705588362,0.046264160791854685,0.02862986133693942,-0.01881658502328405,0.04142950063470749,-0.025060715006329212,-0.007353723062041489,-0.05240560318427801,-0.041450469699208015,0.019853546992543568,-0.018355890547969735,-0.024813484811640557,0.01213472140444951,0.0387826849343816,-0.006526300384278759,-0.009697282617375708,-0.05503275195742335,-0.030241729543447147,0.07637046870026826,-0.05358906160837836,-0.034799390829683405,-0.016866108646308862,0.014589818496246833,-0.044168423326651086,0.017889563748389258,-0.021083567886331468,-0.016340826384983735,-0.012612819592262178,-0.022851488641462726,-0.0953220650561193,0.03280268732341721,-0.02050862370931514,-0.038549901592275594,0.11008267030236937,-0.022557176732738094,0.012035808115680018,-0.00898264857775211,-0.03402185453369405,-0.018834341490349477,0.04544495717248501,0.011302321130855109
ENSG00000197253.13,0.025562751819559186,0.058375521826018184,-0.052108838797951966,-0.015320761766691917,-0.0035030501736302835,0.05936881359101969,0.021853421404925646,0.024503377911370982,-0.058778343659641616,-0.014189585533732885,-0.02719717092763697,0.01833088231945085,0.056731453201216586,-0.08121805350619501,0.015953364641852978,0.011618225820195404,-0.053594148584459905,0.004873498905362174,0.0011162029335385272,0.1142983253499632,0.006957294903597256,0.014068524647450766,0.06548498791792237,-0.0017431568365449894,0.010849170225208813,-0.05457580313300047,-0.04676134493200004,-0.026734903663999186,-0.08715746527361191,0.09258253771736397,-0.06963807454129214,-0.03160439020966599,0.014842541180117626,0.04196379826450324,-0.011657327155734093,-0.08805674005157747,-0.063598584946684,-0.03345703826006942,0.06829127835501617,-0.02317106556076401,0.0016504518320305888,0.0845403707459739,-0.01213750393534493,-0.01933094305532313,-0.004246429989189603,-0.028736205811557808,-0.022735739215115104,-0.015303864056318336,-0.044811497273388096,-0.0669116999836334
ENSG00000106688.12,-0.0014925815430500316,0.043409309494112085,-0.024986037558730224,0.04805132770379424,-0.00019556439123373919,0.059977321593369014,-0.04807853174912212,-0.003109778038884556,0.05936430508410597,-0.04790846716709946,-0.049665651532010156,0.03449112863098116,-0.013310285609527808,-0.03011983896392437,0.08978230463173255,-0.035265626898060176,0.11196338259374808,-0.06840511035077859,0.05745236977436992,0.05194155755991588,-0.05153477817128093,-0.05517456221444058,-0.0029761140836387064,-0.008815888539881928,-0.1028518825027417,-0.09124384937131648,-0.03450860775856987,-0.06828212172557513,-0.010088151961078878,0.0306961443664916,-0.058097204219186585,0.029333145654208505,-0.09028812693774162,-0.09725587974035106,0.014290504654051956,0.0023247746807858486,-0.07093208832839781,-0.05928770812874191,-0.11629440427518122,-7.322315906115875e-06,0.06648410304748298,0.05673096666858427,-0.053205761227978626,-0.07865585860365934,0.01979497603650634,0.13349059838707386,-0.019447276616435544,0.005930343484929081,0.044639843973644865,0.04432199198429847
ENSG00000196747.4,-0.027149994172624127,0.02874571916091519,0.03587020869503798,-0.0020592849154150977,-0.03491257999693474,0.05125646480469558,-0.02387494953818314,5.7750807263091166e-05,0.017441161242279284,0.023534852137557342,0.051237985858713586,-0.060133300190356995,-0.09540640084896349,0.06335097282888746,-0.048589245757894445,0.1329579696854505,-0.023987382209682252,0.06610474009384142,0.07801992892623785,0.09348292287843685,-0.055290069984456805,-0.08177096294714345,-0.028629869931089347,0.03688264678045081,-0.023733767467583076,0.07634603598297054,-0.06878658471092264,0.06211030522171015,0.013294574916366849,0.04818458164432738,0.0016306018482773678,0.17238436859013256,-0.002535602438224931,-0.10331961017216183,-0.0016093471003501975,-0.012732302312109967,0.02401136946136859,0.07661997490357236,-0.07407826271358503,-0.015427612692504068,-0.028988280177742985,-0.012405482777009572,-0.029397559713785715,-0.10375987543947401,0.013114626839345412,0.033053842064754084,0.032635517649600085,-0.03685922556658197,0.08229955477653454,-0.08375064133224296
ENSG00000282431.1,0.038573000027502906,0.04984526141931199,0.040931591021863056,-0.02850302467215473,-0.010928583130374155,0.029606153333361807,0.0009144437511158309,-0.058177744406053424,0.015357346043868982,-0.051219423070491515,-0.04536424860834324,-0.034971342414205506,0.017718254930892113,-0.051741825688353574,-0.03168330217292827,-0.023041151712203643,-0.06469287796996452,0.050293738793536345,0.035215093568355595,0.055909094430147604,0.036902829022877504,-0.003573009221973426,0.0031692018547944687,-0.034139829619278333,0.09497224604442363,-0.058047575745599655,0.03224025818497181,-0.10769046524305743,0.032305258988087886,0.006930269199774722,0.01058321969817172,0.02998570791668886,-0.07003508847399485,0.04047255393355054,0.057114083930644426,0.03707085789210015,0.00035720274693625947,-0.042854114655767425,-0.06427043807128428,0.029301045905498993,-0.04852238648907564,-0.042381117896383165,0.042547360107266195,-0.07926427144308971,0.07860039590643063,0.0070877386212969745,-0.031206425785247426,0.020100763077913027,-0.12604813245146398,-0.016527142393302097
ENSG00000211677.2,0.05770316725448577,0.053818815540231345,0.07035681718385753,-0.02628083395477565,0.020182717028468963,-0.01364149105772356,0.013301201078897382,-0.0051604204339909055,0.015417980688664493,-0.005760664568136655,-0.0029709337068085824,0.021535106786037747,-0.003443789103609079,-0.012376648492029135,0.032031428813714666,-0.004750757222671728,-0.019524307854329355,-0.007857777986323271,-0.009878957854606999,-0.0012932037514132191,-0.0429240261636272,-0.021449134823895204,-0.06319907810087025,0.04723822218139533,0.0009566544676654887,0.0019337113655724198,0.022970122603971528,0.03596237316283327,-0.02925521772554295,-0.03586454618329011,-0.000494477871377676,-0.017363762224781195,-0.0049817787598859615,0.009623866605659568,0.011905953050261745,-0.05525874361341681,0.0307824130520619,0.013067788826480657,-0.014870523376492008,0.004973438851712501,0.04939124748474661,0.01946446224508869,0.048380665270487205,0.02848735334186982,-0.00785403789040644,0.004672567586636653,0.0018829749561824957,-0.04089944729215249,-0.06306743863265726,-0.061582617710160846
ENSG00000211904.2,0.0708225863255349,0.04897197681816894,0.04110740453622812,-0.005935065481949858,0.01068003031330847,0.012075140472785522,0.014553792740167758,0.0010323879542830112,-0.03339343877866168,0.02678056737850695,-0.0011003877407556198,0.024837995168898317,-0.01808235776087701,0.0507077495252509,-0.027125644498113853,-0.04324801384006084,0.050036971221036924,0.02356233366112489,-0.0204221000847972,-0.04415665863886776,0.04590703647852712,-0.025339660775869636,0.044640711871747354,-0.008602429069762867,0.010919482401839866,-0.026754141419598296,-0.011888042397814836,0.0272197561675859,-0.003699271281767689,-0.049333960646766394,-0.0092330284201176,0.013588467635203832,0.009269268406920144,0.006029764210171985,0.007430748640715841,-0.03025329167231902,-0.042842658584938076,-0.03647172008431665,-0.020321756108653048,0.05431914936990369,0.02361972723993854,0.05364672018783098,-0.056960643261886566,-0.07490131603552051,0.023209736599282695,0.005932690330740076,0.037901345596726074,-0.0168447660572143,0.006806464954989978,0.021515164573278737
ENSG00000113924.12,0.00219272017176222,0.05278086290726679,-0.004603728859137542,0.015179938149023612,0.06687879757426844,-0.031884862277216576,0.08242416952688665,0.06520506923132906,0.025804975706735855,0.0010049136522995883,0.024766288771662138,0.0876184051165033,0.05138352614590797,0.07550130232314717,-0.08603516411762131,0.04591921984582688,-0.024510563931187824,0.08232292316809225,0.03133031055335019,-0.024361738756836667,-0.007221791757293245,-0.00836057683532412,0.017304426223606596,0.0693274816672241,0.05002286814752273,0.04969412430351193,-0.05908869272528642,0.061669946495970976,0.0007380524257685851,0.03530438624560695,-0.009828010277161648,-0.13106049825932878,-0.05288876033385657,-0.12696294386469492,0.011059544657295185,-0.011044065849483278,0.05049905310495282,0.07350384612848333,0.012180369391108118,-0.09576619364213841,0.001007844504250264,-0.021921248949057694,0.09797068767804423,0.03828554056936445,0.049556694428766174,0.07224812507896934,-0.07050255798634147,0.11696007667912588,-0.09479245200813274,-0.008231524843053272
ENSG00000211942.3,0.05706716713479945,0.047251190818674016,0.050129134888876534,-0.009190388971738149,-0.0033547532978460974,0.01425647934324485,0.022654262498997248,0.018658715143842836,-0.04920690608186868,0.0065893329807523065,-0.004520349445472196,0.021070858001115477,-0.00938080808704484,-0.015612250980743075,-0.03971616927454076,0.024223202500277107,0.0009825444964823293,-0.017804337989275998,0.0027538671384777147,-0.04846905551880496,0.017840842050014197,-0.02524843250727979,-0.04756644419751706,-0.003075221518458794,-0.041639877461090366,0.05979386020640562,-0.022572984712453496,-0.13412575716866687,0.06592199831124376,0.024169267550807554,0.035725153067203,0.005319643771801346,0.0774582183633797,-0.05960242192222172,-0.05137322002718921,0.01808966976670591,-0.09244660190657565,-0.009307720114125801,0.06288200340989326,0.001070697026187729,-0.026600592312915332,0.026078738364837137,-0.029874055790104347,0.059799181596307885,0.0902790058084778,-0.05197105906268366,-0.033042563247659126,-0.04076086676887828,0.0022776855743549206,0.06120336537731173
ENSG00000183844.17,0.0118921895942946,0.03293142630662122,-0.0037938567356472076,-0.004183039056646409,0.03139844025406993,-0.09789721979971643,-0.01893329037063661,-0.05709112451822389,-0.05265511310989079,0.07203450861266161,0.004272168496550873,0.011945250885009757,0.036399320156518,-0.07702430795385462,0.12760313279209384,0.008720235635904983,-0.03852892367086388,0.06558524497433844,0.0646162622006394,0.008955971494134041,0.1350889673210758,0.03232128789967569,-0.12139574770681665,0.03416686216065221,-0.03518248419494677,0.011605029734557817,0.030157808692836203,0.013137666102807088,-0.06611327807499388,-0.06317763068214537,-0.021737126968489773,0.024537376610445596,-0.005261094264232518,-0.007735814533596719,0.015977110126232166,-0.0067496009530809455,-0.045823792930041345,-0.03412546633032707,-0.06452800461627298,0.04065700653553753,0.19437865521184577,-0.09801156385637319,0.09433642601248565,-0.05216686267252352,-0.018758502582629726,0.0066030056484075155,-0.039818580734977294,0.09877137190878663,-0.019919367986237137,0.01572144711981445
ENSG00000160862.13,0.01344910837531429,0.035132852194112926,-0.031527078641652106,0.06933814800683621,0.05290512689900502,-0.008391464833191826,0.031557920158408984,0.00787359443870156,0.04150291560651926,-0.0632119845868605,0.1408926659609143,0.01984658760179023,-0.05443141347188445,0.03742505534376716,0.06261070893305329,-0.002006748288046835,-0.0798983700927925,0.014261852182326283,0.0329426605048075,-0.03801772979741652,0.057097668099259084,-0.04346316309142747,-0.004961997537627054,-0.029341398560341576,0.017077077806322727,0.07341489188205166,-0.04713552045243253,-0.1059232284486578,0.023594171991122178,-0.007623912165926093,-0.005497295855609144,0.029196454705461037,0.03367051179734206,-0.08197031454528628,0.07882043955824758,-0.06309720626360718,0.013198098775585764,0.011888469659108386,-0.012943022397722917,0.018760159330637505,0.05106542504619443,-0.03536142728227747,-0.024073578942594823,-0.05244620873125135,0.1505091884433408,0.14961482342084184,-0.05860599340723963,0.08569536122625537,-0.027459069216410132,0.00023152482191267002
ENSG00000183888.4,0.008126117884885506,0.06729392678171572,-0.05274427830230182,0.013133385471766906,-0.025360601682116655,-0.04373247619584376,-0.03951117036258652,-0.013409210227527078,-0.06171238223881538,0.050955655787398205,0.09188992699075228,0.013594075960121984,-0.008375010863395564,-0.03697258372690468,0.02347260705916922,-0.02903347388945713,-0.02433298716052911,0.009377544715229849,0.01834534341781907,0.02049955826606662,0.11271178338905384,0.09740814485498314,0.023863803137544624,-0.0026746780339109476,-0.05937742523175152,0.02255417069006925,-0.00781821025641485,0.01725317260176898,0.014353027106970702,-0.051659532049593775,-0.025053835026456323,0.020427968175567787,-0.04930376868514145,0.02435792730512807,0.018424059965494878,0.045010000982670544,-0.10216392376662077,-0.04490559178850924,-0.01934981399853363,0.02856632346953368,-0.04951536613555098,-0.009502935977401409,-0.03125803355277697,-0.04854149766555588,-0.026593630392711006,0.019252657833683486,0.09471098244505993,-0.10436795380664127,0.014805428857632336,0.03928542666372901
ENSG00000019169.10,0.04119124089306193,-0.04858366062718367,0.026805980401442067,-0.028665807356770403,-0.024363667012982575,0.0525008413106888,0.07691642202857037,-0.05495310492204635,0.0034887907501347775,0.0364769433498204,-0.06037058986115931,-0.05770130390702644,-0.001152082590457345,-0.001686683018010265,0.05640849578211892,0.0722523947534749,-0.03612113495019093,-0.05842720639946561,0.01617126428561483,0.05186496344866926,-0.03446152384875257,0.13394839705738915,0.042386171366084,-0.0795969675142137,0.04542556772270884,-0.006247970042351042,-0.030397716221628727,-0.06463725262031578,0.02871941621020055,-0.09720597326425476,-0.0063147081068623,0.01583582762301034,-0.00874034213187354,0.03947767196492697,-0.03942912161160258,0.021569381081473247,0.02501607015630371,-0.016669658317323394,-0.03071301696596947,-0.018113033985064437,0.011170903137180914,0.08225222002300178,-0.03284147277393829,-0.05645679858420867,-0.02784187615237533,-0.0028778534905422324,0.0381562017246847,-0.000711485769799208,0.05393675121770507,-0.0022716893180581175
ENSG00000211625.2,0.07450896181956475,0.04610708463828072,0.05156518646827072,-0.004465616233048666,0.003052281223316871,0.010310608587750401,-0.0038396027700604704,0.0009972067154322944,-0.008613453918225596,0.02117510727395041,0.015862852358278622,0.0017480933363597916,-0.0012317623200066047,0.006021140648385096,0.012298778017343144,-0.04211001920521238,5.703528976896074e-05,0.011561164865935936,-0.0027477360648657475,-0.09534952514397442,-0.00799319250555894,-0.0016962896090152604,0.08295800819872001,-0.0431817259865281,0.03362962432670384,0.008791758991313157,0.019266872110522967,0.028363015322085246,0.0022682319616130495,0.007400698348797622,-0.002313724305219475,-0.03605286941489988,0.029001375605924015,-0.03610017426908928,-0.04262544998150798,0.005114652886875226,-0.02932837460447552,0.051481959004954246,-0.014759186072026961,0.006449615051851105,0.011330829459924828,0.028382245635084777,0.036235772322103336,0.0033082375808327733,0.03058079460196797,-0.03498606142183278,-0.03644488525312806,-0.009499252600571967,-2.5090489515510777e-05,-0.021836183121937046
ENSG00000148488.17,0.01990104537686821,0.04027687820194379,-0.0639986384620392,0.0538981296559373,-0.02761447655851565,0.0031472472921948583,-0.11562265509110844,-0.029756438991753526,0.021477097887104345,-0.042069482275169295,0.0037947369077469886,-0.02172651235591739,0.025551473035206985,-0.007587528495537592,0.08267250788694527,-0.002315112257619717,-0.011450628112568247,-0.032769534595145845,-0.0568083558227639,-0.085788863339294,-0.059428383702953363,-0.007267793703683616,-0.07836361933723703,-0.031503018367157805,-0.023639968608447293,0.010278004036776346,-0.07778153915468503,-0.04944336795884311,0.0498461096259711,0.0004529764111316007,0.0382954907722042,-0.03959995644123284,0.02442222778990851,-0.014766417439501982,0.017254606476930133,-0.018204215485583986,-0.00906038987755113,-0.008486520615449232,0.09171715630721555,0.027152343046851116,-0.04039350398398863,-0.0307859723184127,0.044487165592082635,0.020408942987071625,0.04529954468128216,-0.0012081085305024636,0.01983820680273552,-0.005239086529756082,-0.027913228526934477,0.04547863696774149
ENSG00000260710.1,-0.011896253509953785,0.06522969890282412,-0.04069430981088149,0.01717951195110182,-0.0377367316579626,0.00901266420497935,0.10265769439599377,-0.0643582910067462,-0.026424163210825805,0.03635357209865245,0.0853013259054383,-0.02101636940639457,-0.026073531913497313,0.0026913526603091105,-0.06859361717954944,-0.05636764400988577,-0.012008330732210776,0.05615932292736417,0.02202843710155027,-0.05960038895109998,-0.04050235551361602,-0.02373916660314111,-0.051850454646381106,-0.02649828211214562,0.04324013865675933,0.007455858673662684,-0.014141109382106495,-0.030440158011122726,0.00023960291848486786,-0.04018130596227971,0.03312913538599736,0.028701525442970305,-0.016814644886278176,-0.03190858216384449,0.01980479876087797,-0.03131791984470278,-0.04361555011621046,-0.06205040913563449,0.03233632363937718,0.06444356745149653,-0.005875189184487329,0.0344339975046308,-0.06328888773749444,-0.018960824689430375,-0.031433694018816134,-0.011815972375148975,-0.09392819508677247,-0.04620661968858279,-0.01773758373539964,0.10060476522022205
ENSG00000124429.18,0.028141684316402932,0.02496409904396071,0.026661565867399487,0.030087978179943405,0.07300125062364679,-0.07305796102073868,-0.009562265218784663,0.08225095835520141,0.14225187336477155,0.06832188333423006,-0.014916404753683919,-0.026911010251556764,0.05124183959203275,-0.06632569271256515,-0.05353011801829246,0.01820770538652367,0.03667351202165762,-0.062161798814074715,-0.018510476758541578,-0.038322926738391494,-0.019862085918435878,-0.05634212900467547,0.01937980134552895,-0.016091244327276884,0.05357537463755597,-0.09727850627458108,-0.010535034917979405,0.010110633072690972,-0.044464663743065305,-0.0524983205065931,-0.018037410622240367,-0.1138165946636126,-0.08250065954836162,-0.025504146889764826,0.03895979979735062,-0.047797396227592666,-0.022419888763207746,0.0018399061631409542,0.026611702942033376,-0.014537692582126342,0.012907639697208808,0.02007185979144963,-0.07553853277485634,-0.012201054273686444,0.010499294050999263,0.006105211492581998,0.004591006484676385,-0.07390202782206234,-0.02994745195918237,0.0050187737561691965
ENSG00000135917.16,0.07132905838518344,-0.049685148369269544,-0.051678426806959575,-0.05380104071731354,0.018301603160000245,0.036581405523516304,0.009290539937494529,0.012536157221538773,0.04942230349528137,0.0009360213266601242,0.02335669125458361,0.006961429676647737,0.016379037846959328,0.014361868894174701,0.01426652713669966,-0.005053144505816389,-0.034913003625125505,0.006104533882454615,-0.009141177595425449,0.005059612078384102,-0.00869660988587387,0.007089441122515705,-0.03875637955435407,-0.015196837653620728,-0.005504810739898815,-0.02954618585270781,0.014124208006370854,0.021302988194264513,-0.012795115918067031,-0.008872966622519593,-0.008965007359202689,-0.015264448821020467,-0.02472888122320511,0.004246308084783527,0.019955849039043974,0.01226625530959915,-0.012503964606904205,0.00921232036228814,0.016946275015658818,0.020004132479807746,-0.00553153862355321,-0.04182483961576768,-0.016109265603685675,0.017319528417414944,-0.0020142091876307017,-0.020394029044129163,-0.0034913593307847146,0.025164138337895117,0.02035255600992211,0.005083298300148017
ENSG00000163064.7,-0.00475819815498209,-0.07388932594459821,0.0485863434052262,0.015451752223899134,-0.048329972836876275,0.06422652775165129,-0.0514313156718925,0.010270214228254691,0.03913714485494108,0.010570724319202954,0.007493472154552429,-0.008717880454220927,-0.009147765355515858,0.036324880644545525,0.04740863977204927,0.03844844230713781,-0.08693821609826931,0.047893059418852614,0.024967816343913925,-0.047025886607367985,-0.023136936619242845,-0.007952238027132194,0.010501123181480847,0.003538260571032755,0.04737756690827513,0.030842774069862668,0.1315447322542415,-0.0229809803017745,-0.033748724089840976,0.04291919431326242,0.006941678692519979,0.02824186772750845,-0.04028708060063673,0.06876069810894175,0.05034297636474524,-0.037845423266287266,-0.0055802634491329195,0.006533328829612758,0.02442663589108841,0.04614261544670939,-0.004836149862473461,0.017099067144341503,0.04022781521392498,0.012868438313057503,0.056882880813739364,-0.10035597356625747,-0.02902144614435725,0.014203484286277887,-0.01804703718112022,0.036978111843393474
ENSG00000135373.13,0.03315121863137908,0.009169418182500168,0.007895248000035418,0.11315847822613681,0.007122905856181975,0.050867519470079774,-0.03856569965020936,-0.10874038718517544,0.007210791266585075,0.03894731239023486,-0.016918890885567174,0.00432432354614036,0.01630501822821638,-0.0011709022217168004,-0.08057745605803497,0.025467691540467446,0.03835065660804027,0.021995652675292895,0.04013983068121011,-0.07672911132960117,-0.0474391462807632,0.041624666115608805,-0.053057014503993846,0.0019294414771188133,0.03121214858043008,-0.06236201611799891,-0.006867631555487375,-0.04008985547234769,0.008212190071171627,0.0308381504573626,-0.12131771636397466,0.018264079299312563,-0.0777180027191336,-0.041489955929670475,0.04290063953500539,-0.007062217955682358,0.08294538373114071,-0.0005671779374453912,-0.010870395206852825,0.04322601430082845,-0.054676872080266906,-0.022910024951658007,0.04551066834144891,-0.0021511041854483217,0.027276431656076155,0.05399899702919397,-0.005702027672950169,-0.014132755540818224,0.026968908660836552,0.05751679590420752
ENSG00000171557.17,0.003108177004568981,0.013433764757133669,-0.0038846171916018797,0.021360456804110396,0.03309896492046087,0.030643501776183867,0.12268232731700103,0.017183947183449823,0.02882298381537738,-0.024327458993296767,-0.023646178564819587,0.13778215732398594,0.04293637625045167,0.020582452754695002,-0.00172022904273444,0.08015284608057892,0.0189490219594622,0.17483105096520116,-0.005750865639748324,-0.06979652404056387,-0.03171793279942785,0.018398159133668577,-0.06502935050944583,-0.10798746821956881,-0.06240659838513226,0.03524916853994615,-0.05721345341894197,-0.052417407049725875,-0.10772144019774464,0.12265592902456017,0.01477160170980235,0.10750637145122138,0.0011282190347010187,0.009847114566752831,0.06799518329566938,0.019363180307385257,-0.03415386957885637,-0.07038712547013022,-0.01693069722030173,0.08385940479221944,0.0683346004328014,0.08268274600699951,0.0015845708292514325,0.03122860770400507,-0.04751016133790755,-0.03247648008292602,0.07739528709616128,0.026952941892083342,0.002935146841677884,0.02674071662950948
ENSG00000094963.14,0.08271382483152315,-0.04185817344678898,-0.029274203410412442,0.00063434728379143,-0.014957469838354203,0.01752872219025252,-0.0065163367664624145,-0.013047530798827213,0.0018666278087110203,-0.012002443532485836,0.019221389925600296,0.04505360754948764,-0.03284075037348228,-0.011869221248846703,-0.019089391920170406,0.04135729742754764,-0.060268086327986865,0.021667619484576038,-0.0013679371509075597,0.03871112318750403,-0.01651989173269117,-0.0721683480856569,-0.04298847204503877,0.006675634242076349,-0.021354300482105435,-0.05712868204321568,0.02597003388560558,0.04112146026647994,0.003647677688853332,-0.0016646330034422881,0.03770584542020713,0.013062464769975886,-0.029916753216382038,0.05065406870647148,0.031395002469237605,-0.011129198930934467,-0.02796180990195963,-0.019237451620515503,-0.01324610229269779,0.022968219959001376,0.06868870168073861,0.011559576739154318,-0.026010193320980788,0.06876582230217644,0.0030489294964090373,0.005513414954999014,-0.036758077949644107,-0.035251849096329425,0.014828330753990931,-0.006037685868193271
ENSG00000164287.13,-0.01931848309756039,0.024483389178076895,-0.031092094982971923,0.024231817306907853,0.006391579718390086,0.06545504377085153,-0.05498882024141284,-0.057268619873052214,0.04681140148601293,0.0625868345362287,-0.03254137913058082,-0.09459014738448838,0.03666239060125275,-0.08997848674809562,-0.0074321192316837885,-0.03531948598635005,-0.0357321548261626,0.07173026124978567,0.024180624969416083,-0.012935971319318519,-0.15298849367220735,-0.057240637482962514,-0.03562501714498016,-0.0359703727507706,0.010891732082059851,-0.07159430903032685,0.003191649802913768,-0.11256004756330809,-0.08199430286444535,-0.14550603260387043,-0.082270781488604,-0.031240001191501922,0.040894128066299586,0.03652362362193076,0.0025358407473508415,0.024936382827613124,-0.09637838030572782,0.03465058662318003,-0.04351341419286297,-0.09752696106581243,0.042100057306406716,0.04627811208503894,-0.09129148581162151,-0.05189861362366385,-0.07638844345316281,-0.012973260050839543,0.03137689129856892,0.07602905324314886,-0.016748158335136362,-0.002747726482687218
ENSG00000115221.12,0.024047453653659154,0.03407953130583412,0.0061054880222021525,0.08488329927259929,0.025514918977739345,0.03728714866088105,-0.03219891766338033,0.0737906363837483,0.052094965215177216,0.05383517669278564,-0.08322731329751495,-0.08225056683278253,-0.04193676661158339,0.0814577564299778,0.0014155033883326389,0.08633911910798373,0.0921972228451755,0.008739575462768948,-0.011827267854888917,-0.0376360864820576,-0.04515337897753546,-0.007971277104634055,-0.10876344803243176,0.030000692624049193,-0.07306313691885138,0.024260879191245515,0.02020821933460079,-0.03175820532887253,0.08145237056650959,-0.06224368862939666,0.02405973246331266,-0.051280494162398174,-0.034914812935435004,0.015062521481290322,-0.06409268187210061,-0.050589402638835275,0.04223817022937562,0.04562102073739729,0.08252390296228883,-0.06424017413393095,0.008389119306835027,0.01309938251345857,0.013454490981374318,0.03674709679411109,0.031318952230461855,0.02959223217316316,-0.0018457325013984634,0.004830424444627019,0.03117019738902707,0.05697348972794317
ENSG00000081041.9,0.07271584737907898,-0.05344781667076782,-0.03281991169689747,0.01074781706230984,-0.0038299784363223866,-0.0077397883498967505,0.002090583611535906,-0.04848852231569475,0.0239058220881096,-0.012019938927549267,-0.076280289092817,0.006176203332123575,-0.010677533711213135,-0.07447575788646407,-0.036980018620169655,0.027690020015599094,-0.025884015613877976,0.02684777236858159,0.02248476915386302,0.02471804477447605,-0.02846625970119668,-0.02153090006316772,0.009570410408990546,5.9352187191215386e-05,-0.026500270777197975,0.01841343153455284,0.007939186205481768,0.007823861962830617,0.014210861068400332,-0.03875545594842424,0.025682769695058966,0.007794904686658888,0.021839506761639083,0.0063735751011450535,-0.06128646651468559,0.019156979096709114,0.04807419602965225,-0.02438344656021831,0.040140162522891994,0.03540488217169134,-0.00306988966046049,-0.023565229372948963,0.038204829608397106,-0.028038956617836418,-0.027312267165006305,-0.053264542920449444,-0.05888091753485565,-0.03592557892690639,-0.014338875712878306,0.031355624652998175
ENSG00000053438.11,0.06735135694237478,-0.03626369900734263,-0.052373439903869196,-0.06655471357295412,0.007157688061865239,0.045959735436767596,-0.01057031581218446,0.019781638089396376,0.0277890599941966,0.009166451520449252,0.022160796498455187,0.02608857464989994,0.00259851516763511,-0.015395805576805357,0.03936898097896773,0.010146256157620269,-0.0010942674313967973,0.03403028169232133,-0.044280201307002116,0.009874218578844188,-0.03174731877541098,-0.023887773935952643,-0.019839341482814517,0.025714269663557946,0.04441515901718386,0.01839701650813505,-0.031772428897816035,0.03378769492109358,0.012539792565347613,0.0147603227460655,-0.008607320604309824,-0.02607165486229496,0.025690999071666092,-0.03283913969480499,-0.005870787599842128,0.011585198249011119,0.03628441716781015,0.03138282169428477,-0.02049465727319938,0.004927208181175217,0.029752201371153815,-0.028742705451685925,-0.03067987760340247,0.000138381456944883,-0.028720956412956807,0.0014179343567232668,-0.022986644822240332,0.02513025363833087,-0.03463715930437871,-0.00308014978624965
ENSG00000100985.7,-0.020315655843136927,0.01692171692594647,0.049616943135739444,0.009755838803117206,-0.013658137129875578,0.1040842586227628,0.00852263166606554,0.03499036764439751,0.03227913004716544,0.06673314833409937,-0.0874628657960134,0.010794499862090454,0.014112295367933151,0.06117917081424689,0.0946930911355696,0.04847350362012179,0.07770533011555121,-0.038924263732442274,0.13654674503178502,-0.026004823487698434,0.06725503384218004,0.0757040505008391,0.008235431812250664,-0.0018620925456361522,0.03344953119745553,0.03356591310172697,-0.009224592080969632,-0.02153869745898834,-0.01812385973410193,-0.08818231132237762,0.013768473710076954,-0.05069929501176445,0.032080323448938707,0.015538836084839632,0.05848383373478689,0.06253877700958056,0.02626695859955622,-0.03167738341661073,-0.03179452184055651,0.018411560022105932,-0.02145064061324961,0.026744007901980515,-0.10123651485667393,-0.013201177476256432,-0.04643825397381588,-0.002134132310956294,0.05536570099949919,0.14061330174226375,0.042398103625431095,-0.011776569177520036
ENSG00000135226.18,0.03534430602294653,0.02426300773152996,-0.0058636068520946175,0.02248986893984598,0.08096706527431978,-0.04792387398270119,-0.007478948344120462,0.009834241763202653,0.01774439219839549,0.00810055534308996,0.08461534213786354,0.028293146448576383,-0.019617902035283116,0.07278502311002807,0.0022875206520923414,0.006012807106485583,0.038571612187393314,0.02339911697307745,-0.01669270097630418,0.005617124561401142,0.0291258452860293,0.08569869560294632,0.007533933161179575,0.19670940831470599,0.07175994910745691,-0.0206388759316512,-0.0770177434643856,-0.057549193251906466,-0.09077285541859316,-0.011390651109952405,0.07009629500575229,0.11644853389653778,0.04460613502216534,0.05566781147421488,0.010060585417400089,-0.018444989735907358,0.027255317686058118,-0.04477806753210137,0.04564954578261094,-0.13034216432894838,-0.048890013155085996,0.053314840044086195,-0.043801271891542135,0.02791302674906007,0.01116261275141447,0.031011611165555123,-0.02099195425304781,0.05160905553926832,0.09769192354559275,0.018084582756111044
ENSG00000144218.19,0.013982180445179977,0.06556602903488172,-0.06086041474472993,-0.031678770836745744,-0.05439394795153369,-0.06662976818925344,-0.02885684598961604,0.025694760960003137,0.006019099807513935,-0.06601385211574423,0.020474038424054413,-0.041068836915451476,0.04461928799637685,0.023215188532312674,0.022051747545168532,0.012532806154711442,-0.0011512119220143746,-0.016489420507307638,0.05397365602088862,0.018863723505805733,0.01035886233501507,-0.06100676444886354,0.0417644431736966,-0.05347903657214655,-0.02579149468480807,0.016176043862247712,-0.04893035937309412,-0.02784990852049388,0.014016019223945329,0.06723533160907204,-0.029536786255084505,-0.06253395240416791,-0.00550764444958577,-0.02813817153269414,0.06413265251461973,0.053767165674316705,-0.013207782077420469,-0.025936949277807507,0.04725934354920163,0.05457955543461325,0.033813958432329545,-0.0189502407590798,-0.053179169515240016,0.029684991725491185,0.005751343252816207,-0.005102256081251287,0.019461071436142403,0.046329576459464,-0.033241650308190734,-0.043064616204127666
ENSG00000133048.13,0.04105249905749715,-0.04442604126716571,0.04006378908632834,0.0704129924860126,-0.08125304135250636,0.027968301828057887,0.037590556135542054,-0.018871984195058148,-0.006245513047392186,-0.029986673248391077,-0.03353023691700635,-0.024854492910726556,0.04821066443894826,0.02154742042794405,-0.015586814464148327,-0.021069444343245626,-0.016439894186769107,-0.012451934759952259,0.07016887124942212,0.015156883799612587,-0.04187214932674493,0.0785409065354748,0.08900540865183638,0.035071243831762765,-0.018293219779312243,-0.01772409423269329,-0.05047481628863217,0.027027239808795667,0.028797603110134896,0.008703197403710197,-0.06165182842273947,0.026814260241336832,-0.046946887786658995,-0.015538015325990528,0.0483919307453359,0.010490830369085703,0.07176235556402598,0.027259617061877846,-0.038039307941423885,-0.058935332704095365,0.011521370159878197,0.0897400912974176,-0.02049619022827365,0.04226450934084488,-0.014328412671469485,-0.017246965193404747,0.03429622604964046,-0.01421911577543516,-0.030321279574323727,0.029701104493208532
ENSG00000120738.8,0.06616213049698669,-0.008191032557721847,-0.06710469230255703,0.009667577729635274,-0.02608885057587514,0.041175113756127965,-0.012718825689872466,-0.008512642046418308,-0.023805382803727806,0.015805479209812415,-0.005251385092171563,-0.031644205089770304,-0.06914439116594732,-0.04432352075157725,-0.0071332333263635465,0.013997902528370089,-0.07345866186877094,0.01648017918852222,0.05891114166309515,-0.010481047570571094,-0.03580585995639523,0.006104181785334744,0.022355431220199937,-0.054156185540628114,-0.045397905121553415,-0.04776939779194516,0.040145490918716616,-0.04035316311014472,0.0196077246089395,0.04509021093107318,0.053747776543372074,-0.028151955013725118,-0.0038002938518986664,0.013809585448833494,-0.04437904682752607,0.01947240122303001,0.03825929822212827,-0.0449405505082965,-0.018529189114486293,0.029766781505502035,-0.009968141286280124,-0.0035463893313254055,0.00926121830055632,-0.038829870903608156,-0.013668439359890282,0.003948762769465882,0.020935339392542208,0.037584224803296165,-0.013505767863868222,0.01124076708879611
ENSG00000187134.14,0.06905716360089402,-0.05344253973798743,-0.03149264796643323,-0.033278660667011205,0.02358897435594481,0.011302472938082881,0.04925219625772023,0.014186001539133694,0.06438430506247167,0.034706882556930614,0.06365601099407407,0.03353965574192371,0.04093662571180574,-0.044595012944062484,0.020362221042750914,0.024939929990020326,0.03863760860833266,0.011777574291984396,-0.004853424495348884,-0.03299405300585053,0.042330219446488564,-0.014974115586680598,0.003984216845069462,-0.008254740048028541,-0.005821151099380998,0.01503403601115593,-0.08975524466670592,0.0258107035733401,-0.008406502261164342,-0.0014515997450411653,0.02333253251123215,0.014652532463237469,0.006162467551970303,-0.02290341552381968,0.04954093169143878,-0.02407738606298289,0.054672646796955805,0.006123753104769083,0.01728196110271856,0.038618701376733455,-0.025276869963374946,-0.005161965977402143,-0.014845013131634811,0.002480976852204133,-0.043476661002032006,0.034208639528494615,-0.025818853458220926,0.024796917925121027,-0.011766649932857571,-0.008172946957429542
ENSG00000169550.14,0.036257682410704074,-0.032439703513565524,0.029714058241166203,0.05021397803594078,0.011850310788820923,-0.029404966664711905,0.014029865414273797,-0.03521809579058954,0.03060854351428845,-0.06187973065335898,0.11030603438351548,0.04087358511389938,0.08763230585269875,-0.04397839527946579,-0.04283793150913547,0.05993697493195823,-0.11607515678453535,0.04642108087557344,-0.05392810279944803,0.04161415977395013,-0.005083827766836689,0.055482488372960555,-0.08311290444648521,-0.0748457704901919,0.013151143755307161,-0.0317796746994526,0.15640004891855108,-0.016579862091676445,-0.05108147591441853,-0.04703809386034441,0.02731721742222883,0.02357034113785479,-0.020261369411597892,0.030835153408971288,-0.017013952607729834,-0.05790477698886845,0.07393078652289362,-0.03241164738243684,0.014933599374594042,0.019883914838136486,0.016092947484437074,-0.022462492322756492,-0.00756874687969445,0.007384536193787264,-0.03724821673004596,0.023284589604570822,-0.04491114652852798,-0.021936148539392755,-0.11065501930922468,-0.028384589700885747
ENSG00000163815.6,0.06341284378818947,-0.017761404366194822,-0.07888167460782276,-0.039601595331355474,0.02828188450075913,-0.012148960344746704,0.02201529463780972,0.02021057939052506,-0.008426069946519097,0.02726528283836589,-0.01322940631150736,-0.014412430499629852,-0.030691362100302294,0.018494746892094755,0.013407513059856201,-0.004438279067268226,-0.006339329339356238,-0.019068562817948685,0.00808502357317582,0.013952158464918655,0.0026784038344858123,0.02881893665117425,0.013894542960339871,-0.00014508447935169852,-0.031436058418678456,0.033267452019585274,-0.003192318028939007,-0.05203449249109603,0.018891220622180467,-0.012933480752720163,-0.0018092080625937018,-0.0007556673695420885,0.028454482724111788,0.009595928667027591,0.00463324568900217,-0.02495777809521065,0.013552751633824415,-0.039136415410058606,-0.006531084380581685,0.05894868603508577,-0.010551946856076858,0.015827057114221527,0.06761819377046058,0.05813446523749015,0.03108248973576687,0.05022795220108101,0.0005008420468771364,0.007593379009823537,0.008565679863390034,-0.023038761116868568
ENSG00000143196.5,0.07311069752757392,-0.009392243025419937,-0.049472581236294035,-0.05202176080345582,0.03952870748417219,0.0739127080057535,0.005487981282347853,0.029029663646376516,-0.035116147510736925,0.020027060602746713,0.01657369936282708,0.010994003623934162,-0.019993963305415315,-0.03751715158198613,-0.009379962574652064,0.011138602203797107,-0.0002051785190038321,-0.04252887753575101,0.05861340022939407,0.02514881049163687,0.009932263787681089,0.01970046355889661,-0.0049099118766801385,-0.024672713126545988,0.02648443826292858,0.05225659671704297,-0.005162546823336772,-0.04797625324330279,0.005280346969121769,-0.018337103356491954,-0.009662913753959848,-0.004671645373234793,0.005867245316385453,-0.005317682463862237,-0.0863400840305497,-0.03051610249049862,-0.002793766691171922,-0.06428446170729495,0.007348902126122019,0.036466143543966205,0.02348265160610359,-0.016540561634356975,0.03616370639751452,-0.010430169459452056,-0.03594244642361015,-0.020997080522120497,0.007406694274298624,0.024485197036918538,-0.0005869711419815236,0.021565903193379622
ENSG00000165272.16,0.02125486117914352,0.018428310471270432,0.012100010643691272,0.06178003595032197,0.02868939701075464,-0.04570572031391517,0.016865636856487908,-0.06673044985945929,0.085490793724407,0.11714374862427009,0.10718147261314416,-0.02151026728119186,-0.06044220323513208,-0.049180590493673175,-0.003993800299962242,-0.05434501508713735,-0.042476259377583786,0.0818615744473697,-0.025204972071802247,-0.07380229567025509,-0.001048941812705588,0.019376360587932503,-0.04675507210624362,0.04545016713043701,0.012737138466915128,0.08236575093106047,-0.0345021563918823,-0.0925052959108474,-0.08004386451685382,-0.006119935763510472,0.021678934840219353,0.034269059801387364,-0.05204902699968273,0.013686918920758928,-0.006125374093173741,0.06322814279210537,-0.033532587134069834,0.04632525677687446,-0.0746099807229938,-0.009600148304682555,-0.11270499436484206,-0.03970337951659551,0.045107779780055854,-0.019170019882538306,0.036523236462147134,0.04268794961031065,0.08297830511654107,-0.06720741256951068,0.00764710120504543,0.06163850439459911
ENSG00000073282.14,0.0643093505319157,0.0075136563840062015,-0.03264336769531829,0.07108164422344337,-0.03423699739355188,-0.04544878436561917,0.04993272494029075,0.044720160925901344,0.0021863207221061746,-0.06129322958486766,0.013095104245845002,-0.08913303792159194,-0.052532552228043455,-0.06222880550143186,-0.03455942171454954,-0.011476202139435576,0.03318410344227614,0.006822690034765418,-0.07682840850969794,-0.020950394806540353,-0.020198634459731427,-0.012017303843889212,-0.09436025799443581,-0.009643467138790114,-0.04288201319585056,0.022812671480147,-0.01775534940033421,-0.0036539929355913566,0.05255888133818406,0.043114616029991115,-0.032412236947404464,0.031746240393608856,0.014467650425580991,0.0207409247533694,0.01925201781144536,0.006003755734285844,-0.045311327595621675,-0.007831445111022232,-0.0024614356816308933,-0.007387784743697133,0.044132862120109945,0.004744665865738915,0.020033158011209428,-0.005311153420370859,-0.07363274402583792,-0.046887921326218114,9.462987497262402e-05,-0.04884999429104411,0.05157595416201739,-0.0076357401781128155
ENSG00000175063.17,-0.060464988053089926,0.026315514871512215,0.06645933221389858,0.018508953472906275,-0.028660875307813225,-0.005134612097049211,0.01662022020301046,0.02067605269932814,0.01869613760076363,0.06673121149187403,-0.02867276692986714,-0.011038135385330885,0.039780211546190415,0.010622772815176288,-0.05096017907440814,-0.040322458959375605,-0.013432195345658947,0.008824213126997901,0.04223827347045353,0.002591214397582954,-0.036236757454257904,0.05651632707370965,-0.046139149514920125,0.048667405733027407,0.031765591711653635,-0.049981094112726165,0.04159973038593957,0.023515078724012994,0.021062176346335223,0.08616368986106458,-0.004679322398997717,-0.014974730750378576,0.01657993602371934,0.008607117025604523,-0.0027513216452244816,-0.09643553734965274,-0.009244106577907953,0.07516076843956467,0.012284522337093434,-0.036832306043873726,0.059279634149844856,0.042459800961467106,0.0440987654191458,0.04994310313463952,0.005151151871779432,-0.022404378545140314,0.007366695754243581,0.018339779211940816,0.040697666694875574,0.02457104296882337
ENSG00000113296.14,0.03285823563357945,0.03426467001757333,-0.062279002475269844,-0.03473426474876128,-0.018030085089190188,0.05778449278584801,-0.05539603275913396,0.057007621818289014,-0.0466646321167792,0.03952505901641341,-0.0011336754358945347,-0.005495119930813292,-0.03062620796730363,-0.07876233948167714,-0.09714394740255154,0.01845131308539082,-0.029868099040897687,0.024316629334714023,0.060171909810480706,0.005767541778281242,0.025078548439796098,0.021744376639931184,-0.0364181937796438,0.011763250520847089,-0.0012500327746461436,0.05237431821152792,-0.01728936306801101,-0.051689949351478026,-0.003507784372802962,0.08903254759792487,0.04908159740946219,-0.07836075160341638,-0.0454476006455367,0.03036175017058054,0.03558216678345221,-0.05532700013083349,-0.0022430516547859787,-0.006406949665119478,-0.03439801310051515,-0.03735056898615199,0.01751618742556876,-0.12279247454057127,-0.0020798115629520543,-0.014950423233373493,0.004910752480100375,0.07983623043182089,0.07318700211191344,-0.029232046304393567,0.02459176009885466,0.007912272802173274
ENSG00000004776.13,0.07082904690996908,-0.029950987595696574,-0.06623679872948662,-0.04475012532990681,0.02952807247793429,0.015656323506510837,0.020210608576367365,0.004402465104811846,-0.009223409175132223,0.03470826155641408,0.01776453185060993,-0.007014761908735237,0.016200131787776302,-0.017026790345492704,0.01632039546199687,-0.024277190921949274,-0.024446391309199535,-0.014599939506270098,0.010450448951022727,0.024138575036263144,-0.002948446259581177,0.007862813036016133,0.008570340106787413,0.05131040453043786,-0.018552190668586478,0.00653110630875121,0.04636189448642638,-0.0112543973916956,0.00543309545485651,0.02896249589139102,-0.014149412465916859,-0.002737499317163291,0.04701745314391425,0.004372224533444147,0.008280889366687014,-0.009213215434363573,0.016278762096626063,-0.005093106402081413,9.369738943146556e-05,0.06821897878781791,-0.005614454676536656,0.0009176082398997442,-0.02427882984528749,0.020083176893555182,0.07593972924343152,0.014596083593181385,0.020347381064611272,0.01888724339116485,0.012351719307705561,0.005084274609915639
ENSG00000175315.3,-0.019002176119802212,0.025267527887513973,0.008885574305014408,0.05868151258598506,-0.009689975225330147,0.05570454760646293,0.11932582813618303,0.024742133180366752,-0.10452157057401443,-0.006918728779032518,0.09167761908263221,-0.08403432351531538,-0.07356415962138829,0.021711364913572208,0.000730654459895863,-0.04333031793371976,0.004716025317885448,0.0033025738294473798,0.02221947423691523,0.05552675777273934,0.04661373376206291,0.06630753594492424,-0.13319672631061377,0.020903405431426325,0.03749172988298586,-0.06693304442695534,0.011028199706920715,0.003950225144950714,-0.012042321797547634,-0.07190162254895571,0.026547609772978303,-0.031156791063398775,0.0010884236023819749,-0.05975219226659853,-0.1000372189257045,-0.033372380682133065,0.03490785739591025,0.030106868566344272,-0.02395775702282681,0.05071594644990951,-0.06231675880999489,0.06250868782606515,-0.06531718712451022,-0.003148192940785779,0.016411605040070464,-0.050994247339152594,0.03652464466745468,0.002697194741990667,-0.07811962380156516,0.06469996860804436
ENSG00000167653.5,-0.007841824470469955,0.017474602259189207,0.021905228754729906,0.06529535204239155,0.09088030240906123,-0.02251596430982004,0.03788632619873857,-0.017263111291303906,-0.026060744507859116,0.1408381026118464,0.07637750432787782,0.01937301557986318,0.10096760913716207,-0.08027751045750584,-0.0485300578613559,-0.01077470818698161,-0.027429714586842884,-0.007785574748553454,0.01824609767916779,0.018454636834394973,0.06475420991134513,0.009832706594146126,0.022370368131405183,0.04377427702278351,0.019348523891575528,-0.01081914633985741,-0.025333685075302353,-0.0038773492592563724,0.02088424082941581,-0.003173145635009053,0.005901679238201429,0.09405570867879615,-0.030509912250704877,-0.003899542813554151,0.025486783345372823,0.04464652186561958,-0.09504821061445504,-0.0936068522848692,-0.0748891083348908,-0.06296673168671799,0.007960920390911777,-0.05706090739279159,-0.050187617243612315,-0.027210742077034653,0.0687861110338895,-0.03730513550766476,-0.05941808705621061,0.04169047557984761,0.05453166363403029,-0.035445442882920786
ENSG00000115461.5,0.004125626575502597,0.03351856217142217,-0.06129035796846439,0.005493097223702097,-0.010085619368568482,0.08388483012987275,-0.012321132287104634,-0.013558884370932505,-0.04369546004207554,0.09767651266383698,-0.01020233047244409,-0.051940415287691034,-0.032944888107178355,0.005395915179794342,0.005896853690059645,-0.030863126557805598,0.04298232277287152,0.15050678375905524,-0.05231711724834219,-0.011928121555287106,0.009348699701409101,0.031097666258225028,0.08542221746721938,0.03338616767584788,0.09114854550536403,0.004134005687420006,-0.010478150933107609,-0.06422195099553404,0.07403797805488402,0.05569031848668912,-0.03423982237796212,0.0902922741606738,-0.022017687101655553,0.01366806673392748,0.05971693792521737,-0.03750233063297039,-0.01309170548190158,0.007948965345392828,-0.05181539869297272,-0.03962205357002265,-0.04796403029341982,0.1305847856146715,0.07548388126783011,-0.009934849959171124,-0.017574911870412043,0.003860030129375979,-0.009943183743405698,0.025832958423277777,-0.025703015938424965,-0.020418994602364793
ENSG00000224389.9,0.012067462865169064,0.0817135106855575,-0.04357003516215601,0.04981256100761447,0.0059525656372267435,0.05280399137105179,-0.011887923090629878,-0.0149662139749749,0.0028166649721243445,-0.022366314386960514,-0.018189816465392073,-0.004615145020707469,-0.021211269729190657,-0.03866499030455981,0.03856767670855846,0.04532327166132205,0.016479181302059977,0.012870488850158391,0.06292890758261721,0.009898881375702127,-0.056327092567127174,-0.03615220780200302,0.03589614831065737,0.07226240962064552,-0.05506528117843953,-0.0002575357497810425,0.04401079353574492,0.07862316232429885,0.006436600032649681,0.019870397101799223,0.05342934002510579,-0.016885960237356914,-0.052838688551863064,-0.01736750885854159,-0.006998432407645538,-0.030270309306625064,-0.0073710258034867335,-0.009191170560436722,-0.005541913578318382,0.04638242577087172,-0.022007443763917205,0.09927763191500956,-0.03456365568206066,0.006672521389215842,-0.11321575666749768,0.01288994824332541,-0.023441621159907455,-0.007141711477369443,-0.01484113946300463,-0.025704104980525614
ENSG00000211967.3,0.06794089877689384,0.04233383207185764,0.05510185246700758,-0.026228145127561244,0.008132047245344763,-0.008603661088283365,-0.025830207893319055,-0.00940125295087863,-0.010566271291563333,0.003070480597544156,0.02299964605235412,0.016059002413321304,-0.05326044821069279,-0.02981600290615506,0.018984494122685155,-0.0014275307323708354,0.017690987418381616,-0.014157479609365793,0.005051827999530716,-0.031912392485891894,-0.00802557658748227,0.05205893607785416,0.033852376864531006,-0.0032735323481058332,-0.024308560971842738,0.0023431073947134417,0.02178836890105293,-0.00541007953599612,0.01632799021629566,-0.028046910236291685,-0.006650972087216571,0.04134906253056748,1.535472024956178e-05,0.0115503718575522,0.012801543212985636,-0.014164218021735378,0.08142268061928659,0.039595860937295016,-0.07366826183164535,-0.04818268123656468,0.007823516868196486,-0.10626528451500725,0.025906161034025446,-0.01885315010466161,-0.018835968425310066,-0.009776560525282115,-0.039966690579915684,0.002408177286768334,0.021913208696734684,-0.08051179809561715
ENSG00000105707.14,-0.007967205853009425,0.07252353284476266,-0.030809348380197003,0.032206491250299105,-0.04740173065908085,0.03262334493507275,0.004358544423660434,-0.04171975673486427,-0.02159179459996549,0.04300030906056288,0.03607797677641398,-0.0462819471079253,-0.025132411580039545,0.07665715517396647,0.08848136032653893,-0.08027467925687017,-0.02091360529252298,0.0105793461699069,0.03212713875499587,0.05882520141472959,-0.054121733454776375,0.0638867648330707,-0.031193400042657644,-0.008029163445863696,0.00620286487835146,-0.014126791788236141,-0.037668969434525384,-0.050854275416546205,-0.002482519409978612,0.04881487513572652,0.17593262317343242,-0.011310243547888375,0.0046728219828210535,-0.009650358304704157,0.04599080189573217,0.011305023804254424,0.07923046002935055,-0.026202168153805556,0.0518243242359456,-0.02785087037144119,0.03204227780269963,-0.020978804487871924,-0.03016632847402505,-0.04396867532926398,0.035046461003840824,0.03316342424858882,-0.07117940087117827,-0.033005812561468444,0.040603805376093434,-0.021802286527602206
ENSG00000249661.1,0.0013378782453276551,0.05995357508910536,-0.0475420185796061,0.008677769123644756,0.01040217297720835,-0.04658567809538564,-0.09791908117186421,-0.03470279664438846,-0.008005617464586045,-0.06633091978300422,0.030040904052928696,-0.02395839390930381,0.07030036618543065,-0.02415897238462936,0.0890024853272728,0.04888448343315542,0.0500113893040754,0.020217576103776686,-0.013993589256267584,0.05474584822501117,0.03605888217395019,0.05697359495421567,0.008570622784765627,0.032952489168785945,-0.0024492569585851335,0.05409180774824162,-0.014597650979781173,0.06174392985696723,-0.06130581538271775,0.1260890617779896,0.004730632333890483,-0.043569843817107524,-0.055087978758962604,-0.07718496493159951,-0.040228027383698683,0.06463942822538583,0.022644564095291014,0.009840382539107424,-0.0561606279706081,-0.019220058409874247,0.019372429428718918,0.05131401590317694,-0.01613284823063764,0.058468299497963054,-0.047346894784152244,0.0611820493089623,0.06340459138347612,-0.07591275566802565,-0.08919849272798382,0.017110860228934547
ENSG00000143867.7,0.06136579398432427,-0.05293042437433933,-0.03109761438884706,0.05270504699799909,-0.06119867337713686,-0.0624920614759122,-0.04146619496600807,0.01270064176013322,-0.054518679249927045,0.041960113750076564,0.0066251498538268,0.00040859374740715966,0.02394333896589404,0.0319035572494341,-0.01623944347870581,0.02627845805650105,-0.005496295446034751,-0.02502241892470021,0.0027375098293676795,-0.0005292464487828732,-0.06542698882289988,-0.033989669604771275,0.009369340175884193,0.021164213311137797,-0.018339151625021238,-0.0161730647186132,-0.025931734793499635,0.009813072502717004,0.0004313967019272073,0.03941261144588988,0.019617143777725214,0.007607147772618472,0.036500825826772755,0.014181159389612199,-0.008457547063310542,-0.07896905341080543,-0.017712269173114567,-0.01051062766435194,-0.08105199080082308,0.004127683771575394,-0.011891316300970086,0.010786929070127462,-0.00579810599932274,0.004823731635823831,0.004133328060711109,0.003901366939588858,-0.0095377880659789,-0.0273955999901975,-0.10336847042700971,0.011039938836647894
ENSG00000203697.12,0.021190955872299706,0.06268846732473106,-0.052777250622179035,0.054613287127425754,0.0029906299411152316,0.0022907759417825427,0.022882966053414937,0.06878206411538645,0.08084383347613637,-0.012984442788444427,-0.025430763650321056,0.013716886759160114,-0.058362791548780976,0.04317921332998397,-0.005282967068317335,-0.01752880179910614,-0.02815608401190241,0.0052639054202830915,-0.03447053456064898,0.02403415280619802,-0.05845801950923295,0.06198609141612802,0.0269493932698313,-0.06263960654302388,-0.01336807884466276,-0.033953101103738594,0.007757859397434393,0.014156322117200713,-0.004027553418462428,-0.012842291289146004,0.05434153430976391,0.039329246487881865,0.049406200560282464,-0.0035930154847912477,-0.03284814437616494,0.0014303113692605166,0.0566403889160119,0.06976084224331636,-0.09511325799604392,0.008935989238358318,0.04270385467004108,-0.10486894531781822,0.01803085239991173,0.019506646828262773,0.02362039332458453,-0.08765835827432512,-0.044572444016296946,-0.021168171781582312,0.027848983507212377,0.0617648723450957
ENSG00000242472.1,0.06212922576150101,0.02174288227160174,0.06806283719084924,-0.018931301598479076,0.008273179480610224,0.025397113867364058,-0.018606331839269033,-0.03352872030223443,0.01877053523450366,0.006466872365095321,0.025629495918486275,0.015061415925895775,-0.018268556867000137,-0.028226006562893306,-0.02219202682588355,0.03232291897755116,-0.003978275333249721,0.011924761676708062,-0.019058309003379768,-0.03805627375146257,-0.00433484809902406,-0.07105639838167467,0.0887238528657022,-0.0008190869396132296,0.06661153102892133,-0.014061548567250259,0.07068710136741108,-0.04675450036622998,-0.026596380540807804,-0.013289329551536956,0.0024437639385279666,0.010811899127081755,0.060639942114118994,0.00145400160579764,-0.058253397563919944,0.03887822418828221,-0.05099555131498671,0.022587885555353633,-0.0021489559083558945,-0.054079695133155845,-0.03627412558440891,-0.06338501196661558,0.01339382520912924,-0.012665007625470386,-0.0404864925752251,-0.008105636143030658,-0.001043084430163832,0.030821215408655674,-0.02818018581425853,0.019368345145709114
ENSG00000253451.1,0.06928361167197077,0.03946594383156072,0.035020362201964375,-0.01727621133797794,0.032445228739127,-0.015188662462794288,0.0019514239702003785,-0.001977519706179109,-0.02291843420646347,0.013297516686516297,0.0042748535660241385,0.006053983095826133,0.001280752792053042,0.017900851639650796,0.05930800192811643,-0.02266504987986848,0.06281063109711076,0.020165551792421254,0.017321367381121066,-0.02255796912816314,-0.0016374762246397446,0.0023768034556896638,-0.026952567745025455,0.02003201678006163,0.01579888448868898,-0.06879678051707962,-0.04873248256372575,-0.03844756663052271,-0.02628834291715463,0.030694229117426416,0.05944309431346287,-0.03656353194981916,0.005594683851045712,0.07129981282864138,-0.029003848109978407,0.013006474548513017,-0.12152117473252386,0.06663102732291473,-0.03258967534054899,0.045591070390851605,0.07345163822073789,-0.0070637421798344984,-0.016812467490332907,-0.14109503179887642,-0.04649821224171795,0.015989814755413022,-0.007244210642955621,0.016398271847816483,-0.05827197351476448,0.022908450238336778
